site,thedate,type,taskcode,Ammonia,Nitrate as N,Nitrite as N,Nitrogen,"Nitrogen, Kjeldahl, Total",Organic Nitrogen,Phosphate Ion,Phosphorus
S01,2010-10-21T12:20:00Z,N,Baseflow,NA,NA,NA,NA,NA,NA,0.003,0.016
S01,2012-10-25T14:35:00Z,N,Baseflow,NA,NA,NA,NA,NA,NA,0.001,0.039
S01,2012-10-25T14:46:00Z,FD,Baseflow,NA,NA,NA,NA,NA,NA,0.001,0.033
S01,2012-10-25T14:46:00Z,N,Baseflow,NA,NA,NA,NA,NA,NA,NA,NA
S01,2010-11-15T11:45:00Z,N,Baseflow,NA,NA,NA,NA,NA,NA,0.002,0.014
S01,2012-11-29T09:01:00Z,N,Baseflow,NA,NA,NA,NA,NA,NA,0.001,0.03
S01,2011-11-09T14:00:00Z,N,Baseflow,NA,NA,NA,NA,NA,NA,0.001,0.07
S01,2011-03-24T09:20:00Z,N,Baseflow,0.25,0.2,0.5,1.1,0.9,0.9,0.005,0.01
S01,2011-03-31T08:40:00Z,N,Baseflow,0.25,0.2,0.5,1,0.8,0.8,0.005,0.01
S01,2012-04-19T10:45:00Z,N,Baseflow,NA,NA,NA,NA,NA,NA,NA,NA
S01,2017-05-01T10:45:00Z,N,Baseflow,NA,NA,NA,NA,NA,NA,NA,0.02
S01,2017-05-01T10:50:00Z,N,Baseflow,NA,NA,NA,NA,NA,NA,NA,NA
S01,2017-05-01T10:55:00Z,N,Baseflow,NA,NA,NA,NA,NA,NA,NA,NA
S01,2018-05-10T11:54:00Z,N,Baseflow,NA,NA,NA,NA,NA,NA,NA,NA
S01,2018-05-10T12:10:00Z,N,Baseflow,NA,NA,NA,NA,NA,NA,NA,0.012
S01,2018-05-10T12:15:00Z,FD,Baseflow,NA,NA,NA,NA,NA,NA,NA,0.01
S01,2018-05-10T12:15:00Z,N,Baseflow,NA,NA,NA,NA,NA,NA,NA,NA
S01,2018-05-10T12:17:00Z,N,Baseflow,NA,NA,NA,NA,NA,NA,NA,NA
S01,2016-05-12T13:00:00Z,N,Baseflow,NA,NA,NA,NA,NA,NA,NA,0.008
S01,2016-05-12T12:50:00Z,N,Baseflow,NA,NA,NA,NA,NA,NA,NA,NA
S01,2014-05-14T09:22:00Z,FD,Baseflow,NA,NA,NA,NA,NA,NA,NA,0.0062
S01,2014-05-14T09:22:00Z,N,Baseflow,NA,NA,NA,NA,NA,NA,NA,0.0025
S01,2013-05-29T08:30:00Z,N,Baseflow,NA,NA,NA,NA,NA,NA,5e-4,0.012
S01,2015-05-06T10:20:00Z,N,Baseflow,NA,NA,NA,NA,NA,NA,NA,0.025
S01,2015-05-06T10:25:00Z,FD,Baseflow,NA,NA,NA,NA,NA,NA,NA,0.0088
S01,2015-05-06T10:25:00Z,N,Baseflow,NA,NA,NA,NA,NA,NA,NA,NA
S01,2019-06-10T09:15:00Z,N,Baseflow,NA,NA,NA,NA,NA,NA,NA,0.012
S01,2012-06-12T08:30:00Z,N,Baseflow,NA,NA,NA,NA,NA,NA,0.001,0.014
S01,2013-06-20T08:40:00Z,N,Baseflow,NA,NA,NA,NA,NA,NA,NA,NA
S01,2011-07-13T11:05:00Z,N,Baseflow,NA,NA,NA,NA,NA,NA,0.001,0.078
S01,2011-07-13T11:10:00Z,FD,Baseflow,NA,NA,NA,NA,NA,NA,0.001,0.023
S01,2012-07-13T11:00:00Z,N,Baseflow,NA,NA,NA,NA,NA,NA,NA,NA
S01,2015-07-14T10:20:00Z,N,Baseflow,NA,NA,NA,NA,NA,NA,NA,0.023
S01,2015-07-14T10:30:00Z,FD,Baseflow,NA,NA,NA,NA,NA,NA,NA,0.022
S01,2015-07-14T10:30:00Z,N,Baseflow,NA,NA,NA,NA,NA,NA,NA,NA
S01,2017-07-17T12:20:00Z,N,Baseflow,NA,NA,NA,NA,NA,NA,NA,0.018
S01,2017-07-17T12:25:00Z,FD,Baseflow,NA,NA,NA,NA,NA,NA,NA,0.014
S01,2017-07-17T12:25:00Z,N,Baseflow,NA,NA,NA,NA,NA,NA,NA,NA
S01,2017-07-17T12:35:00Z,N,Baseflow,NA,NA,NA,NA,NA,NA,NA,NA
S01,2014-07-22T10:25:00Z,FD,Baseflow,NA,NA,NA,NA,NA,NA,NA,0.016
S01,2014-07-22T10:25:00Z,N,Baseflow,NA,NA,NA,NA,NA,NA,NA,0.019
S01,2016-07-05T12:30:00Z,N,Baseflow,NA,NA,NA,NA,NA,NA,NA,0.003
S01,2016-07-05T12:35:00Z,N,Baseflow,NA,NA,NA,NA,NA,NA,NA,NA
S01,2016-07-05T12:41:00Z,N,Baseflow,NA,NA,NA,NA,NA,NA,NA,NA
S01,2018-07-09T09:40:00Z,N,Baseflow,NA,NA,NA,NA,NA,NA,NA,0.015
S01,2018-07-09T09:44:00Z,N,Baseflow,NA,NA,NA,NA,NA,NA,NA,NA
S01,2018-07-09T09:46:00Z,N,Baseflow,NA,NA,NA,NA,NA,NA,NA,NA
S01,2018-07-09T09:47:00Z,N,Baseflow,NA,NA,NA,NA,NA,NA,NA,NA
S01,2013-08-01T11:30:00Z,N,Baseflow,NA,NA,NA,NA,NA,NA,NA,0.015
S01,2013-08-01T11:35:00Z,FD,Baseflow,NA,NA,NA,NA,NA,NA,NA,NA
S01,2013-08-01T11:35:00Z,N,Baseflow,NA,NA,NA,NA,NA,NA,NA,NA
S01,2010-08-19T13:15:00Z,N,Baseflow,NA,NA,NA,NA,NA,NA,0.005,0.096
S01,2011-08-25T10:50:00Z,N,Baseflow,NA,NA,NA,NA,NA,NA,0.001,0.0015
S01,2010-09-01T10:15:00Z,N,Baseflow,NA,NA,NA,NA,NA,NA,0.004,0.016
S01,2010-09-01T10:20:00Z,N,Baseflow,NA,NA,NA,NA,NA,NA,NA,NA
S01,2015-09-11T09:10:00Z,N,Baseflow,NA,NA,NA,NA,NA,NA,NA,0.52
S01,2011-09-12T11:15:00Z,N,Baseflow,NA,NA,NA,NA,NA,NA,0.001,0.007
S01,2011-09-12T11:20:00Z,N,Baseflow,NA,NA,NA,NA,NA,NA,0.002,0.004
S01,2012-09-14T07:40:00Z,N,Baseflow,NA,NA,NA,NA,NA,NA,0.006,0.009
S01,2012-09-14T07:45:00Z,FD,Baseflow,NA,NA,NA,NA,NA,NA,0.001,0.005
S01,2012-09-14T07:45:00Z,N,Baseflow,NA,NA,NA,NA,NA,NA,NA,NA
S01,2018-09-17T11:07:00Z,N,Baseflow,NA,NA,NA,NA,NA,NA,NA,NA
S01,2018-09-17T11:08:00Z,N,Baseflow,NA,NA,NA,NA,NA,NA,NA,0.014
S01,2018-09-17T11:09:00Z,N,Baseflow,NA,NA,NA,NA,NA,NA,NA,NA
S01,2018-09-17T11:11:00Z,N,Baseflow,NA,NA,NA,NA,NA,NA,NA,NA
S01,2015-09-18T09:15:00Z,N,Baseflow,NA,NA,NA,NA,NA,NA,NA,0.012
S01,2015-09-18T09:20:00Z,FD,Baseflow,NA,NA,NA,NA,NA,NA,NA,0.012
S01,2015-09-18T09:20:00Z,N,Baseflow,NA,NA,NA,NA,NA,NA,NA,NA
S01,2016-09-02T17:10:00Z,FD,Baseflow,NA,NA,NA,NA,NA,NA,NA,0.013
S01,2016-09-02T17:10:00Z,N,Baseflow,NA,NA,NA,NA,NA,NA,NA,NA
S01,2016-09-02T17:15:00Z,N,Baseflow,NA,NA,NA,NA,NA,NA,NA,0.014
S01,2016-09-02T17:30:00Z,N,Baseflow,NA,NA,NA,NA,NA,NA,NA,NA
S01,2016-09-02T17:35:00Z,N,Baseflow,NA,NA,NA,NA,NA,NA,NA,NA
S01,2016-09-02T17:40:00Z,N,Baseflow,NA,NA,NA,NA,NA,NA,NA,NA
S01,2017-09-24T08:04:00Z,N,Baseflow,NA,NA,NA,NA,NA,NA,NA,NA
S01,2017-09-24T08:05:00Z,N,Baseflow,NA,NA,NA,NA,NA,NA,NA,0.012
S01,2017-09-24T08:07:00Z,N,Baseflow,NA,NA,NA,NA,NA,NA,NA,NA
S01,2017-09-24T08:09:00Z,N,Baseflow,NA,NA,NA,NA,NA,NA,NA,NA
S01,2013-09-26T08:50:00Z,FD,Baseflow,NA,NA,NA,NA,NA,NA,NA,0.011
S01,2013-09-26T08:50:00Z,N,Baseflow,NA,NA,NA,NA,NA,NA,NA,0.015
S01,2013-09-26T08:55:00Z,FD,Baseflow,NA,NA,NA,NA,NA,NA,NA,NA
S01,2013-09-26T08:55:00Z,N,Baseflow,NA,NA,NA,NA,NA,NA,NA,NA
S01,2014-09-26T13:15:00Z,FD,Baseflow,NA,NA,NA,NA,NA,NA,NA,0.0091
S01,2014-09-26T13:15:00Z,N,Baseflow,NA,NA,NA,NA,NA,NA,NA,0.01
S01,2012-02-17T09:35:00Z,N,Spring Melt,NA,NA,NA,NA,NA,NA,NA,NA
S01,2012-02-17T09:40:00Z,N,Spring Melt,NA,NA,NA,NA,NA,NA,NA,NA
S01,2017-02-19T10:15:00Z,N,Spring Melt,NA,NA,NA,NA,NA,NA,NA,NA
S01,2017-02-19T10:25:00Z,N,Spring Melt,NA,NA,NA,NA,NA,NA,NA,NA
S01,2017-02-19T10:30:00Z,N,Spring Melt,NA,NA,NA,NA,NA,NA,NA,NA
S01,2017-02-19T10:45:00Z,N,Spring Melt,NA,NA,NA,NA,NA,NA,NA,NA
S01,2018-02-21T15:26:00Z,N,Spring Melt,NA,NA,NA,NA,NA,NA,NA,NA
S01,2018-02-21T15:28:00Z,N,Spring Melt,NA,NA,NA,NA,NA,NA,NA,NA
S01,2018-02-21T15:30:00Z,N,Spring Melt,NA,NA,NA,NA,NA,NA,NA,NA
S01,2018-02-27T08:39:00Z,N,Spring Melt,NA,NA,NA,NA,NA,NA,NA,NA
S01,2018-02-27T08:44:00Z,N,Spring Melt,NA,NA,NA,NA,NA,NA,NA,NA
S01,2018-02-27T08:49:00Z,N,Spring Melt,NA,NA,NA,NA,NA,NA,NA,NA
S01,2018-02-27T08:53:00Z,N,Spring Melt,NA,NA,NA,NA,NA,NA,NA,NA
S01,2017-03-01T10:25:00Z,N,Spring Melt,NA,NA,NA,NA,NA,NA,NA,NA
S01,2017-03-01T10:27:00Z,N,Spring Melt,NA,NA,NA,NA,NA,NA,NA,NA
S01,2017-03-01T10:45:00Z,N,Spring Melt,NA,NA,NA,NA,NA,NA,NA,NA
S01,2017-03-01T10:50:00Z,N,Spring Melt,NA,NA,NA,NA,NA,NA,NA,NA
S01,2013-03-13T11:15:00Z,N,Spring Melt,NA,NA,NA,NA,NA,NA,NA,0.037
S01,2019-03-13T15:38:00Z,N,Spring Melt,NA,NA,NA,NA,NA,NA,NA,NA
S01,2019-03-13T15:40:00Z,N,Spring Melt,NA,NA,NA,NA,NA,NA,NA,NA
S01,2019-03-13T15:41:00Z,N,Spring Melt,NA,NA,NA,NA,NA,NA,NA,NA
S01,2012-03-14T09:45:00Z,N,Spring Melt,NA,NA,NA,NA,NA,NA,0.003,0.052
S01,2014-03-14T12:55:00Z,FD,Spring Melt,NA,NA,NA,NA,NA,NA,NA,NA
S01,2014-03-14T12:55:00Z,N,Spring Melt,NA,NA,NA,NA,NA,NA,NA,NA
S01,2019-03-15T14:37:00Z,N,Spring Melt,NA,NA,NA,NA,NA,NA,NA,NA
S01,2019-03-15T14:38:00Z,N,Spring Melt,NA,NA,NA,NA,NA,NA,NA,NA
S01,2012-03-16T13:50:00Z,N,Spring Melt,NA,NA,NA,NA,NA,NA,0.003,0.011
S01,2012-03-16T13:55:00Z,FD,Spring Melt,NA,NA,NA,NA,NA,NA,0.002,0.014
S01,2012-03-16T13:55:00Z,N,Spring Melt,NA,NA,NA,NA,NA,NA,NA,NA
S01,2017-03-17T12:45:00Z,N,Spring Melt,NA,NA,NA,NA,NA,NA,NA,NA
S01,2017-03-17T12:50:00Z,N,Spring Melt,NA,NA,NA,NA,NA,NA,NA,NA
S01,2017-03-17T12:55:00Z,N,Spring Melt,NA,NA,NA,NA,NA,NA,NA,NA
S01,2014-03-20T13:40:00Z,FD,Spring Melt,NA,NA,NA,NA,NA,NA,NA,NA
S01,2014-03-20T13:40:00Z,N,Spring Melt,NA,NA,NA,NA,NA,NA,NA,NA
S01,2012-03-22T09:20:00Z,N,Spring Melt,NA,NA,NA,NA,NA,NA,0.001,0.014
S01,2019-03-24T16:43:00Z,N,Spring Melt,NA,NA,NA,NA,NA,NA,NA,NA
S01,2019-03-24T16:45:00Z,N,Spring Melt,NA,NA,NA,NA,NA,NA,NA,NA
S01,2013-03-28T12:06:00Z,N,Spring Melt,NA,NA,NA,NA,NA,NA,NA,0.014
S01,2013-03-28T12:09:00Z,FD,Spring Melt,NA,NA,NA,NA,NA,NA,NA,0.014
S01,2013-03-28T12:09:00Z,N,Spring Melt,NA,NA,NA,NA,NA,NA,NA,NA
S01,2014-03-28T12:43:00Z,FD,Spring Melt,NA,NA,NA,NA,NA,NA,NA,NA
S01,2014-03-28T12:43:00Z,N,Spring Melt,NA,NA,NA,NA,NA,NA,NA,NA
S01,2018-03-28T16:51:00Z,N,Spring Melt,NA,NA,NA,NA,NA,NA,NA,NA
S01,2018-03-28T16:54:00Z,N,Spring Melt,NA,NA,NA,NA,NA,NA,NA,NA
S01,2018-03-28T16:57:00Z,N,Spring Melt,NA,NA,NA,NA,NA,NA,NA,NA
S01,2018-03-28T16:58:00Z,N,Spring Melt,NA,NA,NA,NA,NA,NA,NA,NA
S01,2019-03-29T08:07:00Z,N,Spring Melt,NA,NA,NA,NA,NA,NA,NA,NA
S01,2019-03-29T08:09:00Z,N,Spring Melt,NA,NA,NA,NA,NA,NA,NA,NA
S01,2013-03-06T12:10:00Z,N,Spring Melt,NA,NA,NA,NA,NA,NA,NA,0.016
S01,2013-03-06T12:20:00Z,FD,Spring Melt,NA,NA,NA,NA,NA,NA,NA,0.021
S01,2013-03-06T12:20:00Z,N,Spring Melt,NA,NA,NA,NA,NA,NA,NA,NA
S01,2018-03-06T13:36:00Z,N,Spring Melt,NA,NA,NA,NA,NA,NA,NA,NA
S01,2018-03-06T13:39:00Z,N,Spring Melt,NA,NA,NA,NA,NA,NA,NA,NA
S01,2018-03-06T13:40:00Z,N,Spring Melt,NA,NA,NA,NA,NA,NA,NA,NA
S01,2018-03-06T13:41:00Z,N,Spring Melt,NA,NA,NA,NA,NA,NA,NA,NA
S01,2017-03-09T12:00:00Z,N,Spring Melt,NA,NA,NA,NA,NA,NA,NA,NA
S01,2017-03-09T12:05:00Z,N,Spring Melt,NA,NA,NA,NA,NA,NA,NA,NA
S01,2013-04-02T09:55:00Z,N,Spring Melt,NA,NA,NA,NA,NA,NA,NA,0.008
S01,2014-04-08T13:25:00Z,FD,Spring Melt,NA,NA,NA,NA,NA,NA,NA,NA
S01,2014-04-08T13:25:00Z,N,Spring Melt,NA,NA,NA,NA,NA,NA,NA,NA
S01,2010-10-01T16:00:00Z,N,Stormwater,NA,NA,NA,NA,NA,NA,0.025,0.057
S01,2010-10-01T16:05:00Z,FD,Stormwater,NA,NA,NA,NA,NA,NA,0.025,0.053
S01,2010-10-01T16:05:00Z,N,Stormwater,NA,NA,NA,NA,NA,NA,NA,NA
S01,2012-10-11T14:36:00Z,N,Stormwater,NA,NA,NA,NA,NA,NA,0.003,0.138
S01,2010-10-15T08:50:00Z,N,Stormwater,NA,NA,NA,NA,NA,NA,0.008,0.09
S01,2010-10-15T08:55:00Z,FD,Stormwater,NA,NA,NA,NA,NA,NA,0.007,0.094
S01,2010-10-15T08:55:00Z,N,Stormwater,NA,NA,NA,NA,NA,NA,NA,NA
S01,2014-10-17T08:35:00Z,FD,Stormwater,NA,NA,NA,NA,NA,NA,NA,0.12
S01,2014-10-17T08:35:00Z,N,Stormwater,NA,NA,NA,NA,NA,NA,NA,0.037
S01,2011-10-25T11:00:00Z,N,Stormwater,NA,NA,NA,NA,NA,NA,0.006,0.091
S01,2010-10-06T14:00:00Z,N,Stormwater,NA,NA,NA,NA,NA,NA,0.01,0.058
S01,2014-10-06T09:35:00Z,FD,Stormwater,NA,NA,NA,NA,NA,NA,NA,0.49
S01,2014-10-06T09:35:00Z,N,Stormwater,NA,NA,NA,NA,NA,NA,NA,NA
S01,2011-11-30T09:10:00Z,N,Stormwater,NA,NA,NA,NA,NA,NA,0.001,0.166
S01,2011-04-11T12:25:00Z,N,Stormwater,NA,NA,NA,NA,NA,NA,0.005,0.1
S01,2011-04-11T12:26:00Z,FD,Stormwater,NA,NA,NA,NA,NA,NA,0.005,0.06
S01,2011-04-11T12:26:00Z,N,Stormwater,NA,NA,NA,NA,NA,NA,NA,NA
S01,2011-04-05T08:30:00Z,N,Stormwater,0.25,0.2,0.5,NA,NA,NA,0.005,0.01
S01,2011-04-05T08:32:00Z,FD,Stormwater,NA,0.2,0.5,NA,NA,NA,0.005,0.01
S01,2011-04-05T08:32:00Z,N,Stormwater,NA,NA,NA,NA,NA,NA,NA,NA
S01,2011-05-16T00:00:00Z,N,Stormwater,NA,NA,NA,NA,NA,NA,NA,0.05
S01,2011-05-16T09:30:00Z,N,Stormwater,NA,NA,NA,NA,NA,NA,NA,NA
S01,2018-05-19T18:00:00Z,N,Stormwater,NA,NA,NA,NA,NA,NA,NA,0.047
S01,2018-05-21T11:34:00Z,N,Stormwater,NA,NA,NA,NA,NA,NA,NA,NA
S01,2018-05-21T11:35:00Z,N,Stormwater,NA,NA,NA,NA,NA,NA,NA,NA
S01,2018-05-21T11:36:00Z,N,Stormwater,NA,NA,NA,NA,NA,NA,NA,NA
S01,2018-05-21T11:38:00Z,N,Stormwater,NA,NA,NA,NA,NA,NA,NA,NA
S01,2017-05-05T17:00:00Z,N,Stormwater,NA,NA,NA,NA,NA,NA,NA,0.024
S01,2017-05-07T11:37:00Z,N,Stormwater,NA,NA,NA,NA,NA,NA,NA,NA
S01,2017-05-07T11:40:00Z,N,Stormwater,NA,NA,NA,NA,NA,NA,NA,NA
S01,2017-05-07T11:42:00Z,N,Stormwater,NA,NA,NA,NA,NA,NA,NA,NA
S01,2015-06-01T12:40:00Z,FD,Stormwater,NA,NA,NA,NA,NA,NA,NA,0.049
S01,2015-06-01T12:40:00Z,N,Stormwater,NA,NA,NA,NA,NA,NA,NA,0.051
S01,2014-06-13T11:40:00Z,FD,Stormwater,NA,NA,NA,NA,NA,NA,NA,0.093
S01,2014-06-13T11:40:00Z,N,Stormwater,NA,NA,NA,NA,NA,NA,NA,0.06
S01,2011-06-27T10:30:00Z,N,Stormwater,NA,NA,NA,NA,NA,NA,0.005,0.04
S01,2016-06-05T20:30:00Z,N,Stormwater,NA,NA,NA,NA,NA,NA,NA,0.047
S01,2016-06-07T14:45:00Z,N,Stormwater,NA,NA,NA,NA,NA,NA,NA,NA
S01,2016-06-07T14:50:00Z,N,Stormwater,NA,NA,NA,NA,NA,NA,NA,NA
S01,2016-07-14T22:30:00Z,N,Stormwater,NA,NA,NA,NA,NA,NA,NA,0.053
S01,2016-07-15T14:05:00Z,N,Stormwater,NA,NA,NA,NA,NA,NA,NA,NA
S01,2016-07-15T14:08:00Z,N,Stormwater,NA,NA,NA,NA,NA,NA,NA,NA
S01,2018-07-17T13:30:00Z,N,Stormwater,NA,NA,NA,NA,NA,NA,NA,0.23
S01,2017-07-18T13:30:00Z,N,Stormwater,NA,NA,NA,NA,NA,NA,NA,0.12
S01,2018-07-18T10:40:00Z,N,Stormwater,NA,NA,NA,NA,NA,NA,NA,NA
S01,2018-07-18T10:51:00Z,N,Stormwater,NA,NA,NA,NA,NA,NA,NA,NA
S01,2018-07-18T10:52:00Z,N,Stormwater,NA,NA,NA,NA,NA,NA,NA,NA
S01,2018-07-18T10:53:00Z,N,Stormwater,NA,NA,NA,NA,NA,NA,NA,NA
S01,2017-07-19T11:33:00Z,N,Stormwater,NA,NA,NA,NA,NA,NA,NA,NA
S01,2017-07-19T11:36:00Z,N,Stormwater,NA,NA,NA,NA,NA,NA,NA,NA
S01,2012-07-26T13:20:00Z,N,Stormwater,NA,NA,NA,NA,NA,NA,0.001,0.158
S01,2011-08-10T16:40:00Z,N,Stormwater,NA,NA,NA,NA,NA,NA,0.003,0.022
S01,2015-08-12T09:10:00Z,FD,Stormwater,NA,NA,NA,NA,NA,NA,NA,0.16
S01,2015-08-12T09:10:00Z,N,Stormwater,NA,NA,NA,NA,NA,NA,NA,NA
S01,2015-08-12T09:30:00Z,N,Stormwater,NA,NA,NA,NA,NA,NA,NA,0.05
S01,2013-08-02T10:50:00Z,FD,Stormwater,NA,NA,NA,NA,NA,NA,NA,0.14
S01,2013-08-02T10:50:00Z,N,Stormwater,NA,NA,NA,NA,NA,NA,NA,0.24
S01,2013-08-02T10:55:00Z,FD,Stormwater,NA,NA,NA,NA,NA,NA,NA,NA
S01,2013-08-02T10:55:00Z,N,Stormwater,NA,NA,NA,NA,NA,NA,NA,NA
S01,2011-08-07T10:05:00Z,N,Stormwater,NA,NA,NA,NA,NA,NA,NA,NA
S01,2015-09-11T09:15:00Z,FD,Stormwater,NA,NA,NA,NA,NA,NA,NA,0.43
S01,2015-09-11T09:15:00Z,N,Stormwater,NA,NA,NA,NA,NA,NA,NA,NA
S01,2016-09-11T11:51:00Z,N,Stormwater,NA,NA,NA,NA,NA,NA,NA,0.049
S01,2011-09-12T11:30:00Z,N,Stormwater,NA,NA,NA,NA,NA,NA,0.004,0.295
S01,2011-09-12T11:35:00Z,FD,Stormwater,NA,NA,NA,NA,NA,NA,0.004,NA
S01,2011-09-12T11:35:00Z,N,Stormwater,NA,NA,NA,NA,NA,NA,NA,NA
S01,2016-09-12T10:35:00Z,N,Stormwater,NA,NA,NA,NA,NA,NA,NA,NA
S01,2016-09-12T10:40:00Z,N,Stormwater,NA,NA,NA,NA,NA,NA,NA,NA
S01,2016-09-12T10:45:00Z,N,Stormwater,NA,NA,NA,NA,NA,NA,NA,NA
S01,2013-09-13T11:40:00Z,FD,Stormwater,NA,NA,NA,NA,NA,NA,NA,0.23
S01,2013-09-13T11:40:00Z,N,Stormwater,NA,NA,NA,NA,NA,NA,NA,0.18
S01,2013-09-13T11:45:00Z,FD,Stormwater,NA,NA,NA,NA,NA,NA,NA,NA
S01,2013-09-13T11:45:00Z,N,Stormwater,NA,NA,NA,NA,NA,NA,NA,NA
S01,2018-09-18T09:51:00Z,N,Stormwater,NA,NA,NA,NA,NA,NA,NA,0.065
S01,2018-09-19T09:15:00Z,N,Stormwater,NA,NA,NA,NA,NA,NA,NA,NA
S01,2018-09-19T09:16:00Z,N,Stormwater,NA,NA,NA,NA,NA,NA,NA,NA
S01,2018-09-19T09:17:00Z,N,Stormwater,NA,NA,NA,NA,NA,NA,NA,NA
S01,2018-09-19T09:22:00Z,N,Stormwater,NA,NA,NA,NA,NA,NA,NA,NA
S01,2010-09-28T08:45:00Z,N,Stormwater,NA,NA,NA,NA,NA,NA,0.003,0.019
S01,2012-09-07T10:01:00Z,N,Stormwater,NA,NA,NA,NA,NA,NA,0.01,0.086
S01,2012-09-07T10:05:00Z,FD,Stormwater,NA,NA,NA,NA,NA,NA,0.008,0.09
S01,2012-09-07T10:05:00Z,N,Stormwater,NA,NA,NA,NA,NA,NA,NA,NA
S01,2017-09-07T13:25:00Z,N,Stormwater,NA,NA,NA,NA,NA,NA,NA,NA
S01,2017-09-07T13:28:00Z,N,Stormwater,NA,NA,NA,NA,NA,NA,NA,NA
S01,2017-09-07T13:37:00Z,N,Stormwater,NA,NA,NA,NA,NA,NA,NA,NA
S01,2017-09-07T12:44:00Z,N,Stormwater,NA,NA,NA,NA,NA,NA,NA,NA
S01,2017-09-07T04:30:00Z,N,Stormwater,NA,NA,NA,NA,NA,NA,NA,0.094
S01,2010-10-01T16:00:00Z,N,Stormwater,NA,NA,NA,NA,NA,NA,0.025,0.08
S01,2012-10-11T15:07:00Z,N,Stormwater,NA,NA,NA,NA,NA,NA,0.003,0.096
S01,2010-10-15T09:20:00Z,N,Stormwater,NA,NA,NA,NA,NA,NA,0.015,0.095
S01,2014-10-17T09:20:00Z,N,Stormwater,NA,NA,NA,NA,NA,NA,NA,0.091
S01,2010-10-21T13:25:00Z,N,Baseflow,NA,NA,NA,NA,NA,NA,0.003,0.012
S01,2011-10-25T11:20:00Z,N,Stormwater,NA,NA,NA,NA,NA,NA,0.002,0.079
S01,2012-10-25T15:20:00Z,N,Baseflow,NA,NA,NA,NA,NA,NA,0.001,0.029
S01,2010-10-06T13:15:00Z,N,Stormwater,NA,NA,NA,NA,NA,NA,0.012,0.067
S01,2014-10-06T10:05:00Z,N,Stormwater,NA,NA,NA,NA,NA,NA,NA,0.15
S01,2010-11-15T13:20:00Z,N,Baseflow,NA,NA,NA,NA,NA,NA,0.002,0.008
S01,2012-11-29T07:55:00Z,N,Baseflow,NA,NA,NA,NA,NA,NA,0.001,0.004
S01,2011-11-30T09:35:00Z,N,Stormwater,NA,NA,NA,NA,NA,NA,0.001,0.027
S01,2011-11-09T14:40:00Z,N,Baseflow,NA,NA,NA,NA,NA,NA,0.001,0.01
S01,2012-02-17T10:00:00Z,N,Spring Melt,NA,NA,NA,NA,NA,NA,NA,NA
S01,2017-02-19T12:00:00Z,N,Spring Melt,NA,NA,NA,NA,NA,NA,NA,NA
S01,2017-02-19T12:07:00Z,N,Spring Melt,NA,NA,NA,NA,NA,NA,NA,NA
S01,2017-02-19T12:15:00Z,N,Spring Melt,NA,NA,NA,NA,NA,NA,NA,NA
S01,2018-02-21T16:02:00Z,N,Spring Melt,NA,NA,NA,NA,NA,NA,NA,NA
S01,2018-02-21T16:04:00Z,N,Spring Melt,NA,NA,NA,NA,NA,NA,NA,NA
S01,2018-02-21T16:05:00Z,N,Spring Melt,NA,NA,NA,NA,NA,NA,NA,NA
S01,2018-02-21T16:06:00Z,N,Spring Melt,NA,NA,NA,NA,NA,NA,NA,NA
S01,2018-02-27T09:29:00Z,N,Spring Melt,NA,NA,NA,NA,NA,NA,NA,NA
S01,2018-02-27T09:32:00Z,N,Spring Melt,NA,NA,NA,NA,NA,NA,NA,NA
S01,2018-02-27T09:35:00Z,N,Spring Melt,NA,NA,NA,NA,NA,NA,NA,NA
S01,2018-02-27T09:37:00Z,N,Spring Melt,NA,NA,NA,NA,NA,NA,NA,NA
S01,2017-03-01T13:30:00Z,N,Spring Melt,NA,NA,NA,NA,NA,NA,NA,NA
S01,2017-03-01T13:35:00Z,N,Spring Melt,NA,NA,NA,NA,NA,NA,NA,NA
S01,2017-03-01T13:40:00Z,N,Spring Melt,NA,NA,NA,NA,NA,NA,NA,NA
S01,2013-03-13T12:30:00Z,N,Spring Melt,NA,NA,NA,NA,NA,NA,NA,0.032
S01,2019-03-13T16:19:00Z,N,Spring Melt,NA,NA,NA,NA,NA,NA,NA,NA
S01,2019-03-13T16:20:00Z,N,Spring Melt,NA,NA,NA,NA,NA,NA,NA,NA
S01,2012-03-14T10:20:00Z,N,Spring Melt,NA,NA,NA,NA,NA,NA,0.004,0.011
S01,2014-03-14T13:57:00Z,N,Spring Melt,NA,NA,NA,NA,NA,NA,NA,NA
S01,2019-03-15T15:10:00Z,N,Spring Melt,NA,NA,NA,NA,NA,NA,NA,NA
S01,2019-03-15T15:11:00Z,N,Spring Melt,NA,NA,NA,NA,NA,NA,NA,NA
S01,2012-03-16T14:35:00Z,N,Spring Melt,NA,NA,NA,NA,NA,NA,0.003,0.025
S01,2017-03-17T14:40:00Z,N,Spring Melt,NA,NA,NA,NA,NA,NA,NA,NA
S01,2017-03-17T14:45:00Z,N,Spring Melt,NA,NA,NA,NA,NA,NA,NA,NA
S01,2017-03-17T14:50:00Z,N,Spring Melt,NA,NA,NA,NA,NA,NA,NA,NA
S01,2014-03-20T14:13:00Z,N,Spring Melt,NA,NA,NA,NA,NA,NA,NA,NA
S01,2012-03-22T10:00:00Z,N,Spring Melt,NA,NA,NA,NA,NA,NA,0.001,0.015
S01,2011-03-24T09:55:00Z,N,Baseflow,0,0,0,0,0,0,0.005,0.005
S01,2019-03-24T17:14:00Z,N,Spring Melt,NA,NA,NA,NA,NA,NA,NA,NA
S01,2019-03-24T17:15:00Z,N,Spring Melt,NA,NA,NA,NA,NA,NA,NA,NA
S01,2013-03-28T13:05:00Z,N,Spring Melt,NA,NA,NA,NA,NA,NA,NA,0.019
S01,2014-03-28T13:45:00Z,N,Spring Melt,NA,NA,NA,NA,NA,NA,NA,NA
S01,2018-03-28T17:12:00Z,N,Spring Melt,NA,NA,NA,NA,NA,NA,NA,NA
S01,2018-03-28T17:15:00Z,N,Spring Melt,NA,NA,NA,NA,NA,NA,NA,NA
S01,2018-03-28T17:18:00Z,N,Spring Melt,NA,NA,NA,NA,NA,NA,NA,NA
S01,2018-03-28T17:19:00Z,N,Spring Melt,NA,NA,NA,NA,NA,NA,NA,NA
S01,2019-03-29T08:57:00Z,N,Spring Melt,NA,NA,NA,NA,NA,NA,NA,NA
S01,2019-03-29T09:00:00Z,N,Spring Melt,NA,NA,NA,NA,NA,NA,NA,NA
S01,2011-03-31T09:30:00Z,N,Baseflow,0,0,0,0,0,0,0.005,0.005
S01,2013-03-06T12:50:00Z,N,Spring Melt,NA,NA,NA,NA,NA,NA,NA,0.021
S01,2018-03-06T14:20:00Z,N,Spring Melt,NA,NA,NA,NA,NA,NA,NA,NA
S01,2018-03-06T14:21:00Z,N,Spring Melt,NA,NA,NA,NA,NA,NA,NA,NA
S01,2018-03-06T14:22:00Z,N,Spring Melt,NA,NA,NA,NA,NA,NA,NA,NA
S01,2018-03-06T14:24:00Z,N,Spring Melt,NA,NA,NA,NA,NA,NA,NA,NA
S01,2018-03-06T14:25:00Z,N,Spring Melt,NA,NA,NA,NA,NA,NA,NA,NA
S01,2017-03-09T13:35:00Z,N,Spring Melt,NA,NA,NA,NA,NA,NA,NA,NA
S01,2017-03-09T13:40:00Z,N,Spring Melt,NA,NA,NA,NA,NA,NA,NA,NA
S01,2011-04-11T12:15:00Z,N,Stormwater,NA,NA,NA,NA,NA,NA,0.005,0.1
S01,2012-04-19T11:20:00Z,N,Baseflow,NA,NA,NA,NA,NA,NA,NA,NA
S01,2013-04-02T10:20:00Z,N,Spring Melt,NA,NA,NA,NA,NA,NA,NA,0.023
S01,2011-04-05T10:10:00Z,N,Stormwater,0,0,0,NA,NA,NA,0.005,0.03
S01,2014-04-08T13:57:00Z,N,Spring Melt,NA,NA,NA,NA,NA,NA,NA,NA
S01,2017-05-01T13:30:00Z,N,Baseflow,NA,NA,NA,NA,NA,NA,NA,NA
S01,2017-05-01T13:35:00Z,N,Baseflow,NA,NA,NA,NA,NA,NA,NA,NA
S01,2017-05-01T13:40:00Z,N,Baseflow,NA,NA,NA,NA,NA,NA,NA,NA
S01,2017-05-01T13:45:00Z,FD,Baseflow,NA,NA,NA,NA,NA,NA,NA,0.097
S01,2017-05-01T13:45:00Z,N,Baseflow,NA,NA,NA,NA,NA,NA,NA,0.097
S01,2018-05-10T13:34:00Z,N,Baseflow,NA,NA,NA,NA,NA,NA,NA,NA
S01,2018-05-10T13:38:00Z,N,Baseflow,NA,NA,NA,NA,NA,NA,NA,NA
S01,2018-05-10T13:40:00Z,N,Baseflow,NA,NA,NA,NA,NA,NA,NA,0.0099
S01,2018-05-10T13:52:00Z,N,Baseflow,NA,NA,NA,NA,NA,NA,NA,NA
S01,2016-05-12T14:15:00Z,N,Baseflow,NA,NA,NA,NA,NA,NA,NA,NA
S01,2016-05-12T14:27:00Z,N,Baseflow,NA,NA,NA,NA,NA,NA,NA,0.095
S01,2014-05-14T10:00:00Z,N,Baseflow,NA,NA,NA,NA,NA,NA,NA,0.013
S01,2011-05-16T10:45:00Z,N,Stormwater,NA,NA,NA,NA,NA,NA,NA,NA
S01,2011-05-16T00:00:00Z,N,Stormwater,NA,NA,NA,NA,NA,NA,NA,0.05
S01,2018-05-19T18:00:00Z,FD,Stormwater,NA,NA,NA,NA,NA,NA,NA,0.036
S01,2018-05-19T18:00:00Z,N,Stormwater,NA,NA,NA,NA,NA,NA,NA,0.038
S01,2018-05-21T12:29:00Z,N,Stormwater,NA,NA,NA,NA,NA,NA,NA,NA
S01,2018-05-21T12:30:00Z,N,Stormwater,NA,NA,NA,NA,NA,NA,NA,NA
S01,2018-05-21T12:32:00Z,N,Stormwater,NA,NA,NA,NA,NA,NA,NA,NA
S01,2018-05-21T12:35:00Z,N,Stormwater,NA,NA,NA,NA,NA,NA,NA,NA
S01,2018-05-21T12:37:00Z,N,Stormwater,NA,NA,NA,NA,NA,NA,NA,NA
S01,2013-05-29T09:00:00Z,N,Baseflow,NA,NA,NA,NA,NA,NA,5e-4,0.02
S01,2017-05-05T17:00:00Z,FD,Stormwater,NA,NA,NA,NA,NA,NA,NA,0.11
S01,2017-05-05T17:00:00Z,N,Stormwater,NA,NA,NA,NA,NA,NA,NA,0.16
S01,2015-05-06T11:15:00Z,N,Baseflow,NA,NA,NA,NA,NA,NA,NA,0.069
S01,2017-05-07T12:35:00Z,N,Stormwater,NA,NA,NA,NA,NA,NA,NA,NA
S01,2017-05-07T12:38:00Z,N,Stormwater,NA,NA,NA,NA,NA,NA,NA,NA
S01,2017-05-07T12:42:00Z,N,Stormwater,NA,NA,NA,NA,NA,NA,NA,NA
S01,2015-06-01T13:10:00Z,N,Stormwater,NA,NA,NA,NA,NA,NA,NA,0.1
S01,2019-06-10T10:30:00Z,N,Baseflow,NA,NA,NA,NA,NA,NA,NA,0.016
S01,2012-06-12T09:30:00Z,N,Baseflow,NA,NA,NA,NA,NA,NA,0.001,0.013
S01,2014-06-13T12:22:00Z,N,Stormwater,NA,NA,NA,NA,NA,NA,NA,0.17
S01,2013-06-20T09:10:00Z,N,Baseflow,NA,NA,NA,NA,NA,NA,NA,NA
S01,2011-06-27T10:50:00Z,N,Stormwater,NA,NA,NA,NA,NA,NA,NA,0.04
S01,2011-06-27T11:00:00Z,N,Stormwater,NA,NA,NA,NA,NA,NA,0.005,0.01
S01,2016-06-05T20:30:00Z,N,Stormwater,NA,NA,NA,NA,NA,NA,NA,0.295
S01,2016-06-07T12:50:00Z,N,Stormwater,NA,NA,NA,NA,NA,NA,NA,NA
S01,2016-06-07T12:55:00Z,N,Stormwater,NA,NA,NA,NA,NA,NA,NA,NA
S01,2011-07-13T09:55:00Z,N,Baseflow,NA,NA,NA,NA,NA,NA,0.001,0.01
S01,2012-07-13T11:30:00Z,N,Baseflow,NA,NA,NA,NA,NA,NA,NA,NA
S01,2015-07-14T10:55:00Z,N,Baseflow,NA,NA,NA,NA,NA,NA,NA,0.094
S01,2016-07-14T22:30:00Z,N,Stormwater,NA,NA,NA,NA,NA,NA,NA,0.4
S01,2016-07-15T14:45:00Z,N,Stormwater,NA,NA,NA,NA,NA,NA,NA,NA
S01,2016-07-15T14:50:00Z,N,Stormwater,NA,NA,NA,NA,NA,NA,NA,NA
S01,2017-07-17T14:20:00Z,N,Baseflow,NA,NA,NA,NA,NA,NA,NA,0.2
S01,2017-07-17T14:25:00Z,N,Baseflow,NA,NA,NA,NA,NA,NA,NA,NA
S01,2018-07-17T13:30:00Z,FD,Stormwater,NA,NA,NA,NA,NA,NA,NA,0.417
S01,2018-07-17T13:30:00Z,N,Stormwater,NA,NA,NA,NA,NA,NA,NA,0.269
S01,2017-07-18T13:30:00Z,FD,Stormwater,NA,NA,NA,NA,NA,NA,NA,0.33
S01,2017-07-18T13:30:00Z,N,Stormwater,NA,NA,NA,NA,NA,NA,NA,0.29
S01,2018-07-18T12:00:00Z,N,Stormwater,NA,NA,NA,NA,NA,NA,NA,NA
S01,2018-07-18T12:01:00Z,N,Stormwater,NA,NA,NA,NA,NA,NA,NA,NA
S01,2018-07-18T12:03:00Z,N,Stormwater,NA,NA,NA,NA,NA,NA,NA,NA
S01,2017-07-19T12:49:00Z,N,Stormwater,NA,NA,NA,NA,NA,NA,NA,NA
S01,2017-07-19T12:52:00Z,N,Stormwater,NA,NA,NA,NA,NA,NA,NA,NA
S01,2017-07-19T12:55:00Z,N,Stormwater,NA,NA,NA,NA,NA,NA,NA,NA
S01,2014-07-22T11:15:00Z,N,Baseflow,NA,NA,NA,NA,NA,NA,NA,0.074
S01,2012-07-26T14:20:00Z,N,Stormwater,NA,NA,NA,NA,NA,NA,0.001,0.046
S01,2016-07-05T14:50:00Z,N,Baseflow,NA,NA,NA,NA,NA,NA,NA,0.16
S01,2016-07-05T14:52:00Z,N,Baseflow,NA,NA,NA,NA,NA,NA,NA,NA
S01,2016-07-05T15:00:00Z,N,Baseflow,NA,NA,NA,NA,NA,NA,NA,NA
S01,2018-07-09T10:54:00Z,N,Baseflow,NA,NA,NA,NA,NA,NA,NA,NA
S01,2018-07-09T10:55:00Z,N,Baseflow,NA,NA,NA,NA,NA,NA,NA,NA
S01,2018-07-09T10:58:00Z,N,Baseflow,NA,NA,NA,NA,NA,NA,NA,NA
S01,2018-07-09T11:00:00Z,N,Baseflow,NA,NA,NA,NA,NA,NA,NA,0.019
S01,2013-08-01T13:00:00Z,N,Baseflow,NA,NA,NA,NA,NA,NA,NA,0.047
S01,2011-08-10T17:50:00Z,N,Stormwater,NA,NA,NA,NA,NA,NA,0.002,0.358
S01,2015-08-12T10:45:00Z,N,Stormwater,NA,NA,NA,NA,NA,NA,NA,0.27
S01,2010-08-19T14:40:00Z,N,Baseflow,NA,NA,NA,NA,NA,NA,0.003,0.014
S01,2013-08-02T10:50:00Z,N,Stormwater,NA,NA,NA,NA,NA,NA,NA,0.1
S01,2011-08-25T11:15:00Z,N,Baseflow,NA,NA,NA,NA,NA,NA,0.001,0.0015
S01,2010-09-01T11:15:00Z,N,Baseflow,NA,NA,NA,NA,NA,NA,0.004,0.014
S01,2015-09-11T09:30:00Z,N,Stormwater,NA,NA,NA,NA,NA,NA,NA,0.47
S01,2016-09-11T11:51:00Z,N,Stormwater,NA,NA,NA,NA,NA,NA,NA,0.25
S01,2016-09-12T11:39:00Z,N,Stormwater,NA,NA,NA,NA,NA,NA,NA,NA
S01,2016-09-12T11:47:00Z,N,Stormwater,NA,NA,NA,NA,NA,NA,NA,NA
S01,2011-09-13T10:00:00Z,N,Stormwater,NA,NA,NA,NA,NA,NA,0.003,0.049
S01,2011-09-13T10:05:00Z,FD,Stormwater,NA,NA,NA,NA,NA,NA,NA,0.244
S01,2011-09-13T09:50:00Z,N,Baseflow,NA,NA,NA,NA,NA,NA,0.001,0.008
S01,2013-09-13T11:20:00Z,N,Stormwater,NA,NA,NA,NA,NA,NA,NA,0.8
S01,2012-09-14T08:15:00Z,N,Baseflow,NA,NA,NA,NA,NA,NA,0.001,0.008
S01,2018-09-17T12:19:00Z,N,Baseflow,NA,NA,NA,NA,NA,NA,NA,NA
S01,2018-09-17T12:20:00Z,N,Baseflow,NA,NA,NA,NA,NA,NA,NA,NA
S01,2018-09-17T12:21:00Z,N,Baseflow,NA,NA,NA,NA,NA,NA,NA,NA
S01,2018-09-17T12:23:00Z,N,Baseflow,NA,NA,NA,NA,NA,NA,NA,0.075
S01,2018-09-17T12:24:00Z,FD,Baseflow,NA,NA,NA,NA,NA,NA,NA,0.024
S01,2018-09-17T12:24:00Z,N,Baseflow,NA,NA,NA,NA,NA,NA,NA,NA
S01,2015-09-18T10:00:00Z,N,Baseflow,NA,NA,NA,NA,NA,NA,NA,0.14
S01,2018-09-18T09:51:00Z,FD,Stormwater,NA,NA,NA,NA,NA,NA,NA,0.14
S01,2018-09-18T09:51:00Z,N,Stormwater,NA,NA,NA,NA,NA,NA,NA,0.13
S01,2018-09-19T11:11:00Z,N,Stormwater,NA,NA,NA,NA,NA,NA,NA,NA
S01,2018-09-19T11:12:00Z,N,Stormwater,NA,NA,NA,NA,NA,NA,NA,NA
S01,2018-09-19T11:13:00Z,N,Stormwater,NA,NA,NA,NA,NA,NA,NA,NA
S01,2018-09-19T11:17:00Z,N,Stormwater,NA,NA,NA,NA,NA,NA,NA,NA
S01,2016-09-02T14:40:00Z,N,Baseflow,NA,NA,NA,NA,NA,NA,NA,0.213
S01,2016-09-02T14:48:00Z,N,Baseflow,NA,NA,NA,NA,NA,NA,NA,NA
S01,2016-09-02T15:00:00Z,N,Baseflow,NA,NA,NA,NA,NA,NA,NA,NA
S01,2016-09-02T15:05:00Z,N,Baseflow,NA,NA,NA,NA,NA,NA,NA,NA
S01,2017-09-24T08:45:00Z,N,Baseflow,NA,NA,NA,NA,NA,NA,NA,NA
S01,2017-09-24T08:48:00Z,N,Baseflow,NA,NA,NA,NA,NA,NA,NA,NA
S01,2017-09-24T08:50:00Z,N,Baseflow,NA,NA,NA,NA,NA,NA,NA,0.206
S01,2017-09-24T08:52:00Z,N,Baseflow,NA,NA,NA,NA,NA,NA,NA,NA
S01,2013-09-26T09:45:00Z,N,Baseflow,NA,NA,NA,NA,NA,NA,NA,0.014
S01,2014-09-26T13:40:00Z,N,Baseflow,NA,NA,NA,NA,NA,NA,NA,0.089
S01,2010-09-28T10:25:00Z,N,Stormwater,NA,NA,NA,NA,NA,NA,0.003,0.021
S01,2010-09-28T10:30:00Z,N,Stormwater,NA,NA,NA,NA,NA,NA,NA,NA
S01,2012-09-07T15:55:00Z,N,Stormwater,NA,NA,NA,NA,NA,NA,0.005,0.057
S01,2017-09-07T14:28:00Z,N,Stormwater,NA,NA,NA,NA,NA,NA,NA,NA
S01,2017-09-07T14:31:00Z,N,Stormwater,NA,NA,NA,NA,NA,NA,NA,NA
S01,2017-09-07T14:34:00Z,N,Stormwater,NA,NA,NA,NA,NA,NA,NA,NA
S01,2017-09-07T14:45:00Z,N,Stormwater,NA,NA,NA,NA,NA,NA,NA,NA
S01,2017-09-07T04:30:00Z,FD,Stormwater,NA,NA,NA,NA,NA,NA,NA,0.35
S01,2017-09-07T04:30:00Z,N,Stormwater,NA,NA,NA,NA,NA,NA,NA,0.31
S01,2010-10-01T16:00:00Z,N,Stormwater,NA,NA,NA,NA,NA,NA,0.025,0.0077
S01,2012-10-11T15:23:00Z,N,Stormwater,NA,NA,NA,NA,NA,NA,0.003,0.283
S01,2010-10-15T10:50:00Z,N,Stormwater,NA,NA,NA,NA,NA,NA,0.011,0.083
S01,2014-10-17T08:50:00Z,N,Stormwater,NA,NA,NA,NA,NA,NA,NA,0.029
S01,2010-10-21T13:45:00Z,N,Baseflow,NA,NA,NA,NA,NA,NA,0.002,0.016
S01,2011-10-25T12:35:00Z,N,Stormwater,NA,NA,NA,NA,NA,NA,0.001,0.085
S01,2012-10-25T15:40:00Z,N,Baseflow,NA,NA,NA,NA,NA,NA,0.001,0.003
S01,2010-10-06T14:20:00Z,N,Stormwater,NA,NA,NA,NA,NA,NA,0.007,0.039
S01,2014-10-06T09:50:00Z,N,Stormwater,NA,NA,NA,NA,NA,NA,NA,0.079
S01,2010-11-15T12:10:00Z,N,Baseflow,NA,NA,NA,NA,NA,NA,0.002,0.016
S01,2012-11-29T09:20:00Z,N,Baseflow,NA,NA,NA,NA,NA,NA,0.001,0.013
S01,2011-11-30T10:00:00Z,N,Stormwater,NA,NA,NA,NA,NA,NA,0.001,0.029
S01,2011-11-09T15:10:00Z,N,Baseflow,NA,NA,NA,NA,NA,NA,0.003,0.041
S01,2012-02-17T09:50:00Z,N,Spring Melt,NA,NA,NA,NA,NA,NA,NA,NA
S01,2017-02-19T10:50:00Z,N,Spring Melt,NA,NA,NA,NA,NA,NA,NA,NA
S01,2017-02-19T11:00:00Z,N,Spring Melt,NA,NA,NA,NA,NA,NA,NA,NA
S01,2017-02-19T11:05:00Z,N,Spring Melt,NA,NA,NA,NA,NA,NA,NA,NA
S01,2017-03-01T11:10:00Z,N,Spring Melt,NA,NA,NA,NA,NA,NA,NA,NA
S01,2017-03-01T11:15:00Z,N,Spring Melt,NA,NA,NA,NA,NA,NA,NA,NA
S01,2017-03-01T11:20:00Z,N,Spring Melt,NA,NA,NA,NA,NA,NA,NA,NA
S01,2013-03-13T16:15:00Z,N,Spring Melt,NA,NA,NA,NA,NA,NA,NA,0.029
S01,2012-03-14T10:30:00Z,N,Spring Melt,NA,NA,NA,NA,NA,NA,0.004,0.004
S01,2014-03-14T13:26:00Z,N,Spring Melt,NA,NA,NA,NA,NA,NA,NA,NA
S01,2012-03-16T14:05:00Z,N,Spring Melt,NA,NA,NA,NA,NA,NA,0.001,0.054
S01,2017-03-17T18:40:00Z,N,Spring Melt,NA,NA,NA,NA,NA,NA,NA,NA
S01,2017-03-17T18:45:00Z,N,Spring Melt,NA,NA,NA,NA,NA,NA,NA,NA
S01,2017-03-17T18:50:00Z,N,Spring Melt,NA,NA,NA,NA,NA,NA,NA,NA
S01,2014-03-20T13:54:00Z,N,Spring Melt,NA,NA,NA,NA,NA,NA,NA,NA
S01,2012-03-22T10:10:00Z,N,Spring Melt,NA,NA,NA,NA,NA,NA,0.001,0.029
S01,2011-03-24T10:50:00Z,N,Baseflow,0,0,0,0,0,0,0.005,0.02
S01,2013-03-28T13:25:00Z,N,Spring Melt,NA,NA,NA,NA,NA,NA,NA,0.02
S01,2014-03-28T13:05:00Z,N,Spring Melt,NA,NA,NA,NA,NA,NA,NA,NA
S01,2011-03-31T09:55:00Z,N,Baseflow,0,0,0,0,0,0,0.005,0.005
S01,2013-03-06T13:10:00Z,N,Spring Melt,NA,NA,NA,NA,NA,NA,NA,0.009
S01,2017-03-09T12:30:00Z,N,Spring Melt,NA,NA,NA,NA,NA,NA,NA,NA
S01,2017-03-09T12:35:00Z,N,Spring Melt,NA,NA,NA,NA,NA,NA,NA,NA
S01,2011-04-11T11:45:00Z,N,Stormwater,NA,NA,NA,NA,NA,NA,0.005,0.06
S01,2012-04-19T12:00:00Z,N,Baseflow,NA,NA,NA,NA,NA,NA,NA,NA
S01,2013-04-02T10:35:00Z,N,Spring Melt,NA,NA,NA,NA,NA,NA,NA,0.011
S01,2011-04-05T10:20:00Z,N,Stormwater,0,0,0,NA,NA,NA,0.005,0.02
S01,2014-04-08T13:35:00Z,N,Spring Melt,NA,NA,NA,NA,NA,NA,NA,NA
S01,2017-05-01T18:21:00Z,N,Baseflow,NA,NA,NA,NA,NA,NA,NA,NA
S01,2017-05-01T18:24:00Z,N,Baseflow,NA,NA,NA,NA,NA,NA,NA,NA
S01,2017-05-01T18:25:00Z,N,Baseflow,NA,NA,NA,NA,NA,NA,NA,0.02
S01,2017-05-01T18:27:00Z,N,Baseflow,NA,NA,NA,NA,NA,NA,NA,NA
S01,2018-05-10T12:37:00Z,N,Baseflow,NA,NA,NA,NA,NA,NA,NA,NA
S01,2018-05-10T12:39:00Z,N,Baseflow,NA,NA,NA,NA,NA,NA,NA,NA
S01,2018-05-10T12:40:00Z,N,Baseflow,NA,NA,NA,NA,NA,NA,NA,0.0079
S01,2018-05-10T12:42:00Z,N,Baseflow,NA,NA,NA,NA,NA,NA,NA,NA
S01,2016-05-12T13:25:00Z,N,Baseflow,NA,NA,NA,NA,NA,NA,NA,NA
S01,2016-05-12T13:35:00Z,N,Baseflow,NA,NA,NA,NA,NA,NA,NA,0.006
S01,2014-05-14T09:40:00Z,N,Baseflow,NA,NA,NA,NA,NA,NA,NA,0.31
S01,2011-05-16T10:00:00Z,N,Stormwater,NA,NA,NA,NA,NA,NA,NA,NA
S01,2018-05-19T18:00:00Z,N,Stormwater,NA,NA,NA,NA,NA,NA,NA,0.025
S01,2018-05-21T11:50:00Z,N,Stormwater,NA,NA,NA,NA,NA,NA,NA,NA
S01,2018-05-21T11:52:00Z,N,Stormwater,NA,NA,NA,NA,NA,NA,NA,NA
S01,2018-05-21T11:54:00Z,N,Stormwater,NA,NA,NA,NA,NA,NA,NA,NA
S01,2018-05-21T11:57:00Z,N,Stormwater,NA,NA,NA,NA,NA,NA,NA,NA
S01,2013-05-29T09:15:00Z,N,Baseflow,NA,NA,NA,NA,NA,NA,5e-4,0.011
S01,2017-05-05T17:00:00Z,N,Stormwater,NA,NA,NA,NA,NA,NA,NA,0.04
S01,2015-05-06T10:40:00Z,N,Baseflow,NA,NA,NA,NA,NA,NA,NA,0.007
S01,2017-05-07T11:55:00Z,N,Stormwater,NA,NA,NA,NA,NA,NA,NA,NA
S01,2017-05-07T11:57:00Z,N,Stormwater,NA,NA,NA,NA,NA,NA,NA,NA
S01,2017-05-07T12:00:00Z,N,Stormwater,NA,NA,NA,NA,NA,NA,NA,NA
S01,2015-06-01T13:00:00Z,N,Stormwater,NA,NA,NA,NA,NA,NA,NA,0.044
S01,2019-06-10T11:00:00Z,N,Baseflow,NA,NA,NA,NA,NA,NA,NA,0.012
S01,2012-06-12T10:00:00Z,N,Baseflow,NA,NA,NA,NA,NA,NA,0.001,0.017
S01,2014-06-13T12:01:00Z,N,Stormwater,NA,NA,NA,NA,NA,NA,NA,0.093
S01,2013-06-20T09:25:00Z,N,Baseflow,NA,NA,NA,NA,NA,NA,NA,NA
S01,2011-06-27T11:30:00Z,N,Stormwater,NA,NA,NA,NA,NA,NA,0.005,0.04
S01,2016-06-05T20:30:00Z,N,Stormwater,NA,NA,NA,NA,NA,NA,NA,0.051
S01,2016-06-07T13:25:00Z,N,Stormwater,NA,NA,NA,NA,NA,NA,NA,NA
S01,2016-06-07T13:30:00Z,N,Stormwater,NA,NA,NA,NA,NA,NA,NA,NA
S01,2011-07-13T10:35:00Z,N,Baseflow,NA,NA,NA,NA,NA,NA,0.004,0.015
S01,2012-07-13T10:40:00Z,N,Baseflow,NA,NA,NA,NA,NA,NA,NA,NA
S01,2015-07-14T10:40:00Z,N,Baseflow,NA,NA,NA,NA,NA,NA,NA,0.0073
S01,2016-07-14T22:30:00Z,N,Stormwater,NA,NA,NA,NA,NA,NA,NA,0.022
S01,2016-07-15T14:31:00Z,N,Stormwater,NA,NA,NA,NA,NA,NA,NA,NA
S01,2016-07-15T14:35:00Z,N,Stormwater,NA,NA,NA,NA,NA,NA,NA,NA
S01,2017-07-17T13:10:00Z,N,Baseflow,NA,NA,NA,NA,NA,NA,NA,0.074
S01,2017-07-17T13:15:00Z,N,Baseflow,NA,NA,NA,NA,NA,NA,NA,NA
S01,2017-07-17T13:18:00Z,N,Baseflow,NA,NA,NA,NA,NA,NA,NA,NA
S01,2018-07-17T13:30:00Z,N,Stormwater,NA,NA,NA,NA,NA,NA,NA,0.288
S01,2017-07-18T13:30:00Z,N,Stormwater,NA,NA,NA,NA,NA,NA,NA,0.053
S01,2018-07-18T11:09:00Z,N,Stormwater,NA,NA,NA,NA,NA,NA,NA,NA
S01,2018-07-18T11:11:00Z,N,Stormwater,NA,NA,NA,NA,NA,NA,NA,NA
S01,2018-07-18T11:12:00Z,N,Stormwater,NA,NA,NA,NA,NA,NA,NA,NA
S01,2018-07-18T11:13:00Z,N,Stormwater,NA,NA,NA,NA,NA,NA,NA,NA
S01,2017-07-19T11:52:00Z,N,Stormwater,NA,NA,NA,NA,NA,NA,NA,NA
S01,2017-07-19T11:55:00Z,N,Stormwater,NA,NA,NA,NA,NA,NA,NA,NA
S01,2017-07-19T11:57:00Z,N,Stormwater,NA,NA,NA,NA,NA,NA,NA,NA
S01,2014-07-22T10:50:00Z,N,Baseflow,NA,NA,NA,NA,NA,NA,NA,0.011
S01,2012-07-26T13:50:00Z,N,Stormwater,NA,NA,NA,NA,NA,NA,0.001,0.081
S01,2016-07-05T11:30:00Z,N,Baseflow,NA,NA,NA,NA,NA,NA,NA,0.001
S01,2016-07-05T11:33:00Z,N,Baseflow,NA,NA,NA,NA,NA,NA,NA,NA
S01,2016-07-05T11:40:00Z,N,Baseflow,NA,NA,NA,NA,NA,NA,NA,NA
S01,2018-07-09T16:08:00Z,N,Baseflow,NA,NA,NA,NA,NA,NA,NA,NA
S01,2018-07-09T16:09:00Z,N,Baseflow,NA,NA,NA,NA,NA,NA,NA,NA
S01,2018-07-09T16:10:00Z,N,Baseflow,NA,NA,NA,NA,NA,NA,NA,0.015
S01,2018-07-09T16:11:00Z,N,Baseflow,NA,NA,NA,NA,NA,NA,NA,NA
S01,2013-08-01T12:15:00Z,N,Baseflow,NA,NA,NA,NA,NA,NA,NA,0.018
S01,2011-08-10T18:01:00Z,N,Stormwater,NA,NA,NA,NA,NA,NA,0.001,0.023
S01,2015-08-12T10:15:00Z,N,Stormwater,NA,NA,NA,NA,NA,NA,NA,0.0076
S01,2010-08-19T14:45:00Z,N,Baseflow,NA,NA,NA,NA,NA,NA,0.002,0.032
S01,2010-08-19T14:50:00Z,FD,Baseflow,NA,NA,NA,NA,NA,NA,NA,NA
S01,2013-08-02T10:50:00Z,N,Stormwater,NA,NA,NA,NA,NA,NA,NA,0.13
S01,2011-08-25T11:30:00Z,N,Baseflow,NA,NA,NA,NA,NA,NA,0.001,0.0015
S01,2010-09-01T11:25:00Z,N,Baseflow,NA,NA,NA,NA,NA,NA,0.003,0.017
S01,2015-09-11T09:25:00Z,N,Stormwater,NA,NA,NA,NA,NA,NA,NA,0.45
S01,2016-09-11T11:51:00Z,N,Stormwater,NA,NA,NA,NA,NA,NA,NA,0.043
S01,2016-09-12T11:03:00Z,N,Stormwater,NA,NA,NA,NA,NA,NA,NA,NA
S01,2016-09-12T11:08:00Z,N,Stormwater,NA,NA,NA,NA,NA,NA,NA,NA
S01,2011-09-13T10:35:00Z,N,Baseflow,NA,NA,NA,NA,NA,NA,0.004,0.149
S01,2011-09-13T10:45:00Z,N,Stormwater,NA,NA,NA,NA,NA,NA,0.005,0.054
S01,2013-09-13T12:05:00Z,N,Stormwater,NA,NA,NA,NA,NA,NA,NA,0.077
S01,2012-09-14T08:50:00Z,N,Baseflow,NA,NA,NA,NA,NA,NA,0.001,0.022
S01,2018-09-17T11:29:00Z,N,Baseflow,NA,NA,NA,NA,NA,NA,NA,NA
S01,2018-09-17T11:30:00Z,N,Baseflow,NA,NA,NA,NA,NA,NA,NA,NA
S01,2018-09-17T11:31:00Z,N,Baseflow,NA,NA,NA,NA,NA,NA,NA,0.013
S01,2015-09-18T09:45:00Z,N,Baseflow,NA,NA,NA,NA,NA,NA,NA,0.0083
S01,2018-09-18T09:51:00Z,N,Stormwater,NA,NA,NA,NA,NA,NA,NA,0.35
S01,2018-09-19T10:00:00Z,N,Stormwater,NA,NA,NA,NA,NA,NA,NA,NA
S01,2018-09-19T10:01:00Z,N,Stormwater,NA,NA,NA,NA,NA,NA,NA,NA
S01,2018-09-19T09:58:00Z,N,Stormwater,NA,NA,NA,NA,NA,NA,NA,NA
S01,2018-09-19T09:59:00Z,N,Stormwater,NA,NA,NA,NA,NA,NA,NA,NA
S01,2016-09-02T16:35:00Z,N,Baseflow,NA,NA,NA,NA,NA,NA,NA,NA
S01,2016-09-02T16:40:00Z,N,Baseflow,NA,NA,NA,NA,NA,NA,NA,NA
S01,2016-09-02T16:45:00Z,N,Baseflow,NA,NA,NA,NA,NA,NA,NA,0.008
S01,2016-09-02T16:55:00Z,N,Baseflow,NA,NA,NA,NA,NA,NA,NA,NA
S01,2017-09-24T08:22:00Z,N,Baseflow,NA,NA,NA,NA,NA,NA,NA,NA
S01,2017-09-24T08:25:00Z,N,Baseflow,NA,NA,NA,NA,NA,NA,NA,0.056
S01,2017-09-24T08:27:00Z,N,Baseflow,NA,NA,NA,NA,NA,NA,NA,NA
S01,2017-09-24T08:29:00Z,N,Baseflow,NA,NA,NA,NA,NA,NA,NA,NA
S01,2013-09-26T09:18:00Z,N,Baseflow,NA,NA,NA,NA,NA,NA,NA,0.0098
S01,2014-09-26T13:25:00Z,N,Baseflow,NA,NA,NA,NA,NA,NA,NA,0.0051
S01,2010-09-28T11:05:00Z,N,Stormwater,NA,NA,NA,NA,NA,NA,0.002,0.017
S01,2012-09-07T14:55:00Z,N,Stormwater,NA,NA,NA,NA,NA,NA,0.003,0.096
S01,2017-09-07T13:50:00Z,N,Stormwater,NA,NA,NA,NA,NA,NA,NA,NA
S01,2017-09-07T14:06:00Z,N,Stormwater,NA,NA,NA,NA,NA,NA,NA,NA
S01,2017-09-07T14:09:00Z,N,Stormwater,NA,NA,NA,NA,NA,NA,NA,NA
S01,2017-09-07T14:12:00Z,N,Stormwater,NA,NA,NA,NA,NA,NA,NA,NA
S01,2017-09-07T04:30:00Z,N,Stormwater,NA,NA,NA,NA,NA,NA,NA,0.16
S01,2010-10-01T16:00:00Z,N,Stormwater,NA,NA,NA,NA,NA,NA,0.025,0.018
S01,2012-10-11T16:30:00Z,N,Stormwater,NA,NA,NA,NA,NA,NA,0.008,0.75
S01,2010-10-15T09:25:00Z,N,Stormwater,NA,NA,NA,NA,NA,NA,0.023,0.16
S01,2014-10-17T11:00:00Z,N,Stormwater,NA,NA,NA,NA,NA,NA,NA,0.076
S01,2010-10-21T13:40:00Z,N,Baseflow,NA,NA,NA,NA,NA,NA,0.005,0.02
S01,2010-10-21T13:50:00Z,FD,Baseflow,NA,NA,NA,NA,NA,NA,0.005,0.021
S01,2010-10-21T13:50:00Z,N,Baseflow,NA,NA,NA,NA,NA,NA,NA,NA
S01,2011-10-25T10:25:00Z,N,Stormwater,NA,NA,NA,NA,NA,NA,0.022,0.144
S01,2012-10-25T17:05:00Z,N,Baseflow,NA,NA,NA,NA,NA,NA,0.003,0.043
S01,2010-10-06T13:05:00Z,N,Stormwater,NA,NA,NA,NA,NA,NA,0.011,0.14
S01,2014-10-06T11:00:00Z,N,Stormwater,NA,NA,NA,NA,NA,NA,NA,0.055
S01,2010-11-15T12:15:00Z,N,Baseflow,NA,NA,NA,NA,NA,NA,0.004,0.019
S01,2010-11-15T12:20:00Z,FD,Baseflow,NA,NA,NA,NA,NA,NA,0.004,0.017
S01,2010-11-15T12:20:00Z,N,Baseflow,NA,NA,NA,NA,NA,NA,NA,NA
S01,2012-11-29T09:50:00Z,N,Baseflow,NA,NA,NA,NA,NA,NA,0.001,0.024
S01,2011-11-30T08:45:00Z,N,Stormwater,NA,NA,NA,NA,NA,NA,0.001,0.113
S01,2011-11-09T16:30:00Z,N,Baseflow,NA,NA,NA,NA,NA,NA,0.004,0.018
S01,2012-02-17T10:45:00Z,N,Spring Melt,NA,NA,NA,NA,NA,NA,NA,NA
S01,2017-02-19T12:45:00Z,N,Spring Melt,NA,NA,NA,NA,NA,NA,NA,NA
S01,2017-02-19T12:50:00Z,N,Spring Melt,NA,NA,NA,NA,NA,NA,NA,NA
S01,2017-02-19T12:55:00Z,N,Spring Melt,NA,NA,NA,NA,NA,NA,NA,NA
S01,2018-02-21T16:26:00Z,N,Spring Melt,NA,NA,NA,NA,NA,NA,NA,NA
S01,2018-02-21T16:28:00Z,N,Spring Melt,NA,NA,NA,NA,NA,NA,NA,NA
S01,2018-02-21T16:30:00Z,N,Spring Melt,NA,NA,NA,NA,NA,NA,NA,NA
S01,2018-02-21T16:31:00Z,N,Spring Melt,NA,NA,NA,NA,NA,NA,NA,NA
S01,2018-02-27T10:02:00Z,N,Spring Melt,NA,NA,NA,NA,NA,NA,NA,NA
S01,2018-02-27T10:03:00Z,N,Spring Melt,NA,NA,NA,NA,NA,NA,NA,NA
S01,2018-02-27T10:04:00Z,N,Spring Melt,NA,NA,NA,NA,NA,NA,NA,NA
S01,2018-02-27T09:56:00Z,N,Spring Melt,NA,NA,NA,NA,NA,NA,NA,NA
S01,2018-02-27T09:59:00Z,N,Spring Melt,NA,NA,NA,NA,NA,NA,NA,NA
S01,2017-03-01T14:15:00Z,N,Spring Melt,NA,NA,NA,NA,NA,NA,NA,NA
S01,2017-03-01T14:20:00Z,N,Spring Melt,NA,NA,NA,NA,NA,NA,NA,NA
S01,2017-03-01T14:25:00Z,N,Spring Melt,NA,NA,NA,NA,NA,NA,NA,NA
S01,2013-03-13T15:45:00Z,N,Spring Melt,NA,NA,NA,NA,NA,NA,NA,0.098
S01,2019-03-13T16:52:00Z,N,Spring Melt,NA,NA,NA,NA,NA,NA,NA,NA
S01,2019-03-13T16:53:00Z,N,Spring Melt,NA,NA,NA,NA,NA,NA,NA,NA
S01,2012-03-14T09:20:00Z,N,Spring Melt,NA,NA,NA,NA,NA,NA,0.004,0.003
S01,2019-03-15T15:30:00Z,N,Spring Melt,NA,NA,NA,NA,NA,NA,NA,NA
S01,2019-03-15T15:32:00Z,N,Spring Melt,NA,NA,NA,NA,NA,NA,NA,NA
S01,2012-03-16T16:40:00Z,N,Spring Melt,NA,NA,NA,NA,NA,NA,0.003,0.05
S01,2017-03-17T15:40:00Z,N,Spring Melt,NA,NA,NA,NA,NA,NA,NA,NA
S01,2017-03-17T15:45:00Z,N,Spring Melt,NA,NA,NA,NA,NA,NA,NA,NA
S01,2014-03-20T15:29:00Z,N,Spring Melt,NA,NA,NA,NA,NA,NA,NA,NA
S01,2012-03-22T13:00:00Z,N,Spring Melt,NA,NA,NA,NA,NA,NA,0.001,0.034
S01,2011-03-24T13:00:00Z,N,Baseflow,NA,NA,NA,NA,NA,NA,0.005,0.02
S01,2019-03-24T17:33:00Z,N,Spring Melt,NA,NA,NA,NA,NA,NA,NA,NA
S01,2019-03-24T17:35:00Z,N,Spring Melt,NA,NA,NA,NA,NA,NA,NA,NA
S01,2013-03-28T16:40:00Z,N,Spring Melt,NA,NA,NA,NA,NA,NA,NA,0.055
S01,2014-03-28T15:20:00Z,N,Spring Melt,NA,NA,NA,NA,NA,NA,NA,NA
S01,2018-03-28T17:43:00Z,N,Spring Melt,NA,NA,NA,NA,NA,NA,NA,NA
S01,2018-03-28T17:46:00Z,N,Spring Melt,NA,NA,NA,NA,NA,NA,NA,NA
S01,2018-03-28T17:49:00Z,N,Spring Melt,NA,NA,NA,NA,NA,NA,NA,NA
S01,2018-03-28T17:50:00Z,N,Spring Melt,NA,NA,NA,NA,NA,NA,NA,NA
S01,2019-03-29T09:36:00Z,N,Spring Melt,NA,NA,NA,NA,NA,NA,NA,NA
S01,2019-03-29T09:40:00Z,N,Spring Melt,NA,NA,NA,NA,NA,NA,NA,NA
S01,2011-03-31T11:40:00Z,N,Baseflow,0,0,0,0,0,0,0.005,0.03
S01,2013-03-06T14:40:00Z,N,Spring Melt,NA,NA,NA,NA,NA,NA,NA,0.069
S01,2018-03-06T14:43:00Z,N,Spring Melt,NA,NA,NA,NA,NA,NA,NA,NA
S01,2018-03-06T14:45:00Z,N,Spring Melt,NA,NA,NA,NA,NA,NA,NA,NA
S01,2018-03-06T14:47:00Z,N,Spring Melt,NA,NA,NA,NA,NA,NA,NA,NA
S01,2017-03-09T14:15:00Z,N,Spring Melt,NA,NA,NA,NA,NA,NA,NA,NA
S01,2017-03-09T14:20:00Z,N,Spring Melt,NA,NA,NA,NA,NA,NA,NA,NA
S01,2011-04-11T11:30:00Z,N,Stormwater,NA,NA,NA,NA,NA,NA,0.005,0.1
S01,2012-04-19T15:10:00Z,N,Baseflow,NA,NA,NA,NA,NA,NA,NA,NA
S01,2013-04-02T12:10:00Z,N,Spring Melt,NA,NA,NA,NA,NA,NA,NA,0.036
S01,2011-04-05T12:00:00Z,N,Stormwater,NA,0,0,NA,NA,NA,0.005,0.03
S01,2014-04-08T15:00:00Z,N,Spring Melt,NA,NA,NA,NA,NA,NA,NA,NA
S01,2017-05-01T15:30:00Z,N,Baseflow,NA,NA,NA,NA,NA,NA,NA,NA
S01,2017-05-01T15:35:00Z,N,Baseflow,NA,NA,NA,NA,NA,NA,NA,0.039
S01,2017-05-01T15:40:00Z,N,Baseflow,NA,NA,NA,NA,NA,NA,NA,NA
S01,2018-05-10T14:32:00Z,N,Baseflow,NA,NA,NA,NA,NA,NA,NA,NA
S01,2018-05-10T14:38:00Z,N,Baseflow,NA,NA,NA,NA,NA,NA,NA,NA
S01,2018-05-10T14:40:00Z,N,Baseflow,NA,NA,NA,NA,NA,NA,NA,0.024
S01,2018-05-10T14:42:00Z,N,Baseflow,NA,NA,NA,NA,NA,NA,NA,NA
S01,2016-05-12T14:55:00Z,N,Baseflow,NA,NA,NA,NA,NA,NA,NA,NA
S01,2016-05-12T15:05:00Z,N,Baseflow,NA,NA,NA,NA,NA,NA,NA,0.009
S01,2014-05-14T11:35:00Z,N,Baseflow,NA,NA,NA,NA,NA,NA,NA,0.0091
S01,2011-05-16T11:50:00Z,N,Stormwater,NA,NA,NA,NA,NA,NA,NA,NA
S01,2011-05-16T00:00:00Z,N,Stormwater,NA,NA,NA,NA,NA,NA,NA,0.03
S01,2018-05-19T18:00:00Z,N,Stormwater,NA,NA,NA,NA,NA,NA,NA,0.057
S01,2018-05-21T13:09:00Z,N,Stormwater,NA,NA,NA,NA,NA,NA,NA,NA
S01,2018-05-21T13:10:00Z,N,Stormwater,NA,NA,NA,NA,NA,NA,NA,NA
S01,2018-05-21T13:12:00Z,N,Stormwater,NA,NA,NA,NA,NA,NA,NA,NA
S01,2018-05-21T13:14:00Z,N,Stormwater,NA,NA,NA,NA,NA,NA,NA,NA
S01,2013-05-29T10:15:00Z,N,Baseflow,NA,NA,NA,NA,NA,NA,5e-4,0.03
S01,2017-05-05T17:00:00Z,N,Stormwater,NA,NA,NA,NA,NA,NA,NA,0.15
S01,2015-05-06T12:50:00Z,N,Baseflow,NA,NA,NA,NA,NA,NA,NA,0.024
S01,2017-05-07T13:01:00Z,N,Stormwater,NA,NA,NA,NA,NA,NA,NA,NA
S01,2017-05-07T13:03:00Z,N,Stormwater,NA,NA,NA,NA,NA,NA,NA,NA
S01,2017-05-07T13:07:00Z,N,Stormwater,NA,NA,NA,NA,NA,NA,NA,NA
S01,2015-06-01T14:40:00Z,N,Stormwater,NA,NA,NA,NA,NA,NA,NA,0.094
S01,2019-06-10T11:30:00Z,N,Baseflow,NA,NA,NA,NA,NA,NA,NA,0.041
S01,2012-06-12T13:00:00Z,N,Baseflow,NA,NA,NA,NA,NA,NA,0.001,0.05
S01,2014-06-13T13:18:00Z,N,Stormwater,NA,NA,NA,NA,NA,NA,NA,0.2
S01,2013-06-20T10:20:00Z,N,Baseflow,NA,NA,NA,NA,NA,NA,NA,NA
S01,2011-06-27T12:15:00Z,N,Stormwater,NA,NA,NA,NA,NA,NA,0.005,0.05
S01,2016-06-05T20:30:00Z,N,Stormwater,NA,NA,NA,NA,NA,NA,NA,0.435
S01,2016-06-07T12:20:00Z,N,Stormwater,NA,NA,NA,NA,NA,NA,NA,NA
S01,2016-06-07T12:25:00Z,N,Stormwater,NA,NA,NA,NA,NA,NA,NA,NA
S01,2011-07-13T12:45:00Z,N,Baseflow,NA,NA,NA,NA,NA,NA,0.001,0.055
S01,2012-07-13T10:20:00Z,N,Baseflow,NA,NA,NA,NA,NA,NA,NA,NA
S01,2015-07-14T12:55:00Z,N,Baseflow,NA,NA,NA,NA,NA,NA,NA,0.035
S01,2016-07-14T22:30:00Z,FD,Stormwater,NA,NA,NA,NA,NA,NA,NA,NA
S01,2016-07-14T22:30:00Z,N,Stormwater,NA,NA,NA,NA,NA,NA,NA,0.097
S01,2016-07-15T17:00:00Z,N,Stormwater,NA,NA,NA,NA,NA,NA,NA,NA
S01,2016-07-15T17:10:00Z,N,Stormwater,NA,NA,NA,NA,NA,NA,NA,NA
S01,2017-07-17T15:15:00Z,N,Baseflow,NA,NA,NA,NA,NA,NA,NA,NA
S01,2017-07-17T15:20:00Z,N,Baseflow,NA,NA,NA,NA,NA,NA,NA,0.12
S01,2017-07-17T15:25:00Z,N,Baseflow,NA,NA,NA,NA,NA,NA,NA,NA
S01,2018-07-17T13:30:00Z,N,Stormwater,NA,NA,NA,NA,NA,NA,NA,0.29
S01,2018-07-18T13:26:00Z,N,Stormwater,NA,NA,NA,NA,NA,NA,NA,NA
S01,2018-07-18T13:27:00Z,N,Stormwater,NA,NA,NA,NA,NA,NA,NA,NA
S01,2018-07-18T13:29:00Z,N,Stormwater,NA,NA,NA,NA,NA,NA,NA,NA
S01,2018-07-18T13:30:00Z,N,Stormwater,NA,NA,NA,NA,NA,NA,NA,NA
S01,2017-07-19T13:23:00Z,N,Stormwater,NA,NA,NA,NA,NA,NA,NA,NA
S01,2017-07-19T13:25:00Z,N,Stormwater,NA,NA,NA,NA,NA,NA,NA,NA
S01,2017-07-19T13:29:00Z,N,Stormwater,NA,NA,NA,NA,NA,NA,NA,NA
S01,2017-07-19T13:36:00Z,N,Stormwater,NA,NA,NA,NA,NA,NA,NA,NA
S01,2014-07-22T12:25:00Z,N,Baseflow,NA,NA,NA,NA,NA,NA,NA,0.039
S01,2016-07-05T15:52:00Z,N,Baseflow,NA,NA,NA,NA,NA,NA,NA,0.042
S01,2016-07-05T15:55:00Z,N,Baseflow,NA,NA,NA,NA,NA,NA,NA,NA
S01,2016-07-05T16:02:00Z,N,Baseflow,NA,NA,NA,NA,NA,NA,NA,NA
S01,2018-07-09T13:10:00Z,FD,Baseflow,NA,NA,NA,NA,NA,NA,NA,0.13
S01,2018-07-09T13:10:00Z,N,Baseflow,NA,NA,NA,NA,NA,NA,NA,0.14
S01,2018-07-09T13:11:00Z,N,Baseflow,NA,NA,NA,NA,NA,NA,NA,NA
S01,2018-07-09T13:12:00Z,N,Baseflow,NA,NA,NA,NA,NA,NA,NA,NA
S01,2018-07-09T13:13:00Z,N,Baseflow,NA,NA,NA,NA,NA,NA,NA,NA
S01,2013-08-01T15:40:00Z,N,Baseflow,NA,NA,NA,NA,NA,NA,NA,0.049
S01,2011-08-10T16:50:00Z,N,Stormwater,NA,NA,NA,NA,NA,NA,0.007,0.043
S01,2015-08-12T12:45:00Z,N,Stormwater,NA,NA,NA,NA,NA,NA,NA,0.12
S01,2010-08-19T15:10:00Z,N,Baseflow,NA,NA,NA,NA,NA,NA,0.022,0.066
S01,2013-08-02T10:50:00Z,N,Stormwater,NA,NA,NA,NA,NA,NA,NA,0.078
S01,2011-08-25T10:20:00Z,N,Baseflow,NA,NA,NA,NA,NA,NA,0.001,0.022
S01,2010-09-01T11:45:00Z,N,Baseflow,NA,NA,NA,NA,NA,NA,0.008,0.043
S01,2015-09-11T10:45:00Z,N,Stormwater,NA,NA,NA,NA,NA,NA,NA,0.23
S01,2011-09-13T14:50:00Z,N,Baseflow,NA,NA,NA,NA,NA,NA,0.005,0.03
S01,2011-09-13T15:00:00Z,N,Stormwater,NA,NA,NA,NA,NA,NA,0.019,0.244
S01,2013-09-13T13:40:00Z,N,Stormwater,NA,NA,NA,NA,NA,NA,NA,0.33
S01,2012-09-14T10:30:00Z,N,Baseflow,NA,NA,NA,NA,NA,NA,0.001,0.048
S01,2018-09-17T13:02:00Z,N,Baseflow,NA,NA,NA,NA,NA,NA,NA,0.052
S01,2018-09-17T12:57:00Z,N,Baseflow,NA,NA,NA,NA,NA,NA,NA,NA
S01,2018-09-17T12:58:00Z,N,Baseflow,NA,NA,NA,NA,NA,NA,NA,NA
S01,2018-09-17T12:59:00Z,N,Baseflow,NA,NA,NA,NA,NA,NA,NA,NA
S01,2015-09-18T11:45:00Z,N,Baseflow,NA,NA,NA,NA,NA,NA,NA,0.027
S01,2018-09-18T09:51:00Z,N,Stormwater,NA,NA,NA,NA,NA,NA,NA,0.22
S01,2018-09-19T12:33:00Z,N,Stormwater,NA,NA,NA,NA,NA,NA,NA,NA
S01,2018-09-19T12:34:00Z,N,Stormwater,NA,NA,NA,NA,NA,NA,NA,NA
S01,2018-09-19T12:35:00Z,N,Stormwater,NA,NA,NA,NA,NA,NA,NA,NA
S01,2018-09-19T12:38:00Z,N,Stormwater,NA,NA,NA,NA,NA,NA,NA,NA
S01,2016-09-02T13:35:00Z,N,Baseflow,NA,NA,NA,NA,NA,NA,NA,0.06
S01,2016-09-02T13:43:00Z,N,Baseflow,NA,NA,NA,NA,NA,NA,NA,NA
S01,2016-09-02T13:50:00Z,N,Baseflow,NA,NA,NA,NA,NA,NA,NA,NA
S01,2017-09-24T09:33:00Z,N,Baseflow,NA,NA,NA,NA,NA,NA,NA,NA
S01,2017-09-24T09:35:00Z,N,Baseflow,NA,NA,NA,NA,NA,NA,NA,0.031
S01,2017-09-24T09:36:00Z,N,Baseflow,NA,NA,NA,NA,NA,NA,NA,NA
S01,2017-09-24T09:38:00Z,N,Baseflow,NA,NA,NA,NA,NA,NA,NA,NA
S01,2013-09-26T11:47:00Z,N,Baseflow,NA,NA,NA,NA,NA,NA,NA,0.023
S01,2014-09-26T14:50:00Z,N,Baseflow,NA,NA,NA,NA,NA,NA,NA,0.019
S01,2010-09-28T11:05:00Z,N,Stormwater,NA,NA,NA,NA,NA,NA,0.057,0.095
S01,2012-09-07T17:30:00Z,N,Stormwater,NA,NA,NA,NA,NA,NA,0.01,0.039
S01,2017-09-07T04:30:00Z,N,Stormwater,NA,NA,NA,NA,NA,NA,NA,0.24
S01,2017-09-07T16:48:00Z,N,Stormwater,NA,NA,NA,NA,NA,NA,NA,NA
S01,2017-09-07T16:51:00Z,N,Stormwater,NA,NA,NA,NA,NA,NA,NA,NA
S01,2017-09-07T16:54:00Z,N,Stormwater,NA,NA,NA,NA,NA,NA,NA,NA
S01,2017-09-07T17:10:00Z,N,Stormwater,NA,NA,NA,NA,NA,NA,NA,NA
S01,2015-10-01T10:40:00Z,N,Stormwater,NA,NA,NA,NA,NA,NA,NA,0.1
S01,2014-10-17T09:50:00Z,N,Stormwater,NA,NA,NA,NA,NA,NA,NA,0.037
S01,2014-10-06T10:20:00Z,N,Stormwater,NA,NA,NA,NA,NA,NA,NA,0.037
S01,2017-02-19T13:30:00Z,N,Spring Melt,NA,NA,NA,NA,NA,NA,NA,NA
S01,2017-02-19T13:40:00Z,N,Spring Melt,NA,NA,NA,NA,NA,NA,NA,NA
S01,2017-02-19T13:45:00Z,N,Spring Melt,NA,NA,NA,NA,NA,NA,NA,NA
S01,2018-02-21T16:50:00Z,N,Spring Melt,NA,NA,NA,NA,NA,NA,NA,NA
S01,2018-02-21T16:52:00Z,N,Spring Melt,NA,NA,NA,NA,NA,NA,NA,NA
S01,2018-02-21T16:54:00Z,N,Spring Melt,NA,NA,NA,NA,NA,NA,NA,NA
S01,2018-02-21T16:55:00Z,N,Spring Melt,NA,NA,NA,NA,NA,NA,NA,NA
S01,2018-02-27T10:22:00Z,N,Spring Melt,NA,NA,NA,NA,NA,NA,NA,NA
S01,2018-02-27T10:25:00Z,N,Spring Melt,NA,NA,NA,NA,NA,NA,NA,NA
S01,2018-02-27T10:28:00Z,N,Spring Melt,NA,NA,NA,NA,NA,NA,NA,NA
S01,2018-02-27T10:30:00Z,N,Spring Melt,NA,NA,NA,NA,NA,NA,NA,NA
S01,2017-03-01T15:15:00Z,N,Spring Melt,NA,NA,NA,NA,NA,NA,NA,NA
S01,2017-03-01T15:20:00Z,N,Spring Melt,NA,NA,NA,NA,NA,NA,NA,NA
S01,2013-03-13T13:30:00Z,N,Spring Melt,NA,NA,NA,NA,NA,NA,NA,0.091
S01,2019-03-13T17:15:00Z,N,Spring Melt,NA,NA,NA,NA,NA,NA,NA,NA
S01,2019-03-13T17:16:00Z,N,Spring Melt,NA,NA,NA,NA,NA,NA,NA,NA
S01,2019-03-15T15:52:00Z,N,Spring Melt,NA,NA,NA,NA,NA,NA,NA,NA
S01,2019-03-15T15:53:00Z,N,Spring Melt,NA,NA,NA,NA,NA,NA,NA,NA
S01,2017-03-17T16:45:00Z,N,Spring Melt,NA,NA,NA,NA,NA,NA,NA,NA
S01,2017-03-17T16:50:00Z,N,Spring Melt,NA,NA,NA,NA,NA,NA,NA,NA
S01,2017-03-17T16:55:00Z,N,Spring Melt,NA,NA,NA,NA,NA,NA,NA,NA
S01,2014-03-20T14:42:00Z,N,Spring Melt,NA,NA,NA,NA,NA,NA,NA,NA
S01,2019-03-24T17:55:00Z,N,Spring Melt,NA,NA,NA,NA,NA,NA,NA,NA
S01,2019-03-24T17:57:00Z,N,Spring Melt,NA,NA,NA,NA,NA,NA,NA,NA
S01,2013-03-28T14:50:00Z,N,Spring Melt,NA,NA,NA,NA,NA,NA,NA,0.044
S01,2014-03-28T14:10:00Z,N,Spring Melt,NA,NA,NA,NA,NA,NA,NA,NA
S01,2018-03-28T18:10:00Z,N,Spring Melt,NA,NA,NA,NA,NA,NA,NA,NA
S01,2018-03-28T18:13:00Z,N,Spring Melt,NA,NA,NA,NA,NA,NA,NA,NA
S01,2018-03-28T18:15:00Z,N,Spring Melt,NA,NA,NA,NA,NA,NA,NA,NA
S01,2018-03-28T18:18:00Z,N,Spring Melt,NA,NA,NA,NA,NA,NA,NA,NA
S01,2019-03-29T10:04:00Z,N,Spring Melt,NA,NA,NA,NA,NA,NA,NA,NA
S01,2019-03-29T10:10:00Z,N,Spring Melt,NA,NA,NA,NA,NA,NA,NA,NA
S01,2013-03-06T13:40:00Z,N,Spring Melt,NA,NA,NA,NA,NA,NA,NA,0.021
S01,2018-03-06T15:12:00Z,N,Spring Melt,NA,NA,NA,NA,NA,NA,NA,NA
S01,2018-03-06T15:14:00Z,N,Spring Melt,NA,NA,NA,NA,NA,NA,NA,NA
S01,2018-03-06T15:15:00Z,N,Spring Melt,NA,NA,NA,NA,NA,NA,NA,NA
S01,2018-03-06T15:16:00Z,N,Spring Melt,NA,NA,NA,NA,NA,NA,NA,NA
S01,2017-03-09T14:50:00Z,N,Spring Melt,NA,NA,NA,NA,NA,NA,NA,NA
S01,2017-03-09T14:55:00Z,N,Spring Melt,NA,NA,NA,NA,NA,NA,NA,NA
S01,2013-04-02T10:55:00Z,N,Spring Melt,NA,NA,NA,NA,NA,NA,NA,0.016
S01,2014-04-08T14:16:00Z,N,Spring Melt,NA,NA,NA,NA,NA,NA,NA,NA
S01,2017-05-01T16:50:00Z,N,Baseflow,NA,NA,NA,NA,NA,NA,NA,0.012
S01,2017-05-01T16:55:00Z,N,Baseflow,NA,NA,NA,NA,NA,NA,NA,NA
S01,2017-05-01T17:00:00Z,N,Baseflow,NA,NA,NA,NA,NA,NA,NA,NA
S01,2018-05-10T15:09:00Z,N,Baseflow,NA,NA,NA,NA,NA,NA,NA,NA
S01,2018-05-10T15:14:00Z,N,Baseflow,NA,NA,NA,NA,NA,NA,NA,NA
S01,2018-05-10T15:18:00Z,N,Baseflow,NA,NA,NA,NA,NA,NA,NA,NA
S01,2018-05-10T15:20:00Z,N,Baseflow,NA,NA,NA,NA,NA,NA,NA,0.018
S01,2016-05-12T15:30:00Z,N,Baseflow,NA,NA,NA,NA,NA,NA,NA,NA
S01,2016-05-12T15:40:00Z,N,Baseflow,NA,NA,NA,NA,NA,NA,NA,0.009
S01,2014-05-14T10:20:00Z,N,Baseflow,NA,NA,NA,NA,NA,NA,NA,0.0057
S01,2018-05-19T18:00:00Z,N,Stormwater,NA,NA,NA,NA,NA,NA,NA,0.178
S01,2018-05-21T13:33:00Z,N,Stormwater,NA,NA,NA,NA,NA,NA,NA,NA
S01,2018-05-21T13:35:00Z,N,Stormwater,NA,NA,NA,NA,NA,NA,NA,NA
S01,2018-05-21T13:37:00Z,N,Stormwater,NA,NA,NA,NA,NA,NA,NA,NA
S01,2013-05-29T08:15:00Z,N,Baseflow,NA,NA,NA,NA,NA,NA,1,0.018
S01,2017-05-05T17:00:00Z,N,Stormwater,NA,NA,NA,NA,NA,NA,NA,0.12
S01,2015-05-06T11:45:00Z,N,Baseflow,NA,NA,NA,NA,NA,NA,NA,0.011
S01,2017-05-07T13:28:00Z,N,Stormwater,NA,NA,NA,NA,NA,NA,NA,NA
S01,2017-05-07T13:31:00Z,N,Stormwater,NA,NA,NA,NA,NA,NA,NA,NA
S01,2017-05-07T13:34:00Z,N,Stormwater,NA,NA,NA,NA,NA,NA,NA,NA
S01,2015-06-01T13:45:00Z,N,Stormwater,NA,NA,NA,NA,NA,NA,NA,0.051
S01,2019-06-10T12:05:00Z,N,Baseflow,NA,NA,NA,NA,NA,NA,NA,0.037
S01,2014-06-13T12:38:00Z,N,Stormwater,NA,NA,NA,NA,NA,NA,NA,0.12
S01,2013-06-20T09:40:00Z,N,Baseflow,NA,NA,NA,NA,NA,NA,NA,NA
S01,2016-06-05T20:30:00Z,N,Stormwater,NA,NA,NA,NA,NA,NA,NA,0.167
S01,2016-06-07T10:45:00Z,N,Stormwater,NA,NA,NA,NA,NA,NA,NA,NA
S01,2016-06-07T10:55:00Z,N,Stormwater,NA,NA,NA,NA,NA,NA,NA,NA
S01,2015-07-14T11:45:00Z,N,Baseflow,NA,NA,NA,NA,NA,NA,NA,0.023
S01,2016-07-14T22:30:00Z,N,Stormwater,NA,NA,NA,NA,NA,NA,NA,0.094
S01,2016-07-15T15:36:00Z,N,Stormwater,NA,NA,NA,NA,NA,NA,NA,NA
S01,2016-07-15T15:41:00Z,N,Stormwater,NA,NA,NA,NA,NA,NA,NA,NA
S01,2017-07-17T16:05:00Z,N,Baseflow,NA,NA,NA,NA,NA,NA,NA,NA
S01,2017-07-17T16:10:00Z,N,Baseflow,NA,NA,NA,NA,NA,NA,NA,NA
S01,2017-07-17T16:15:00Z,N,Baseflow,NA,NA,NA,NA,NA,NA,NA,0.037
S01,2018-07-17T13:30:00Z,N,Stormwater,NA,NA,NA,NA,NA,NA,NA,0.29
S01,2018-07-18T13:57:00Z,N,Stormwater,NA,NA,NA,NA,NA,NA,NA,NA
S01,2018-07-18T13:58:00Z,N,Stormwater,NA,NA,NA,NA,NA,NA,NA,NA
S01,2018-07-18T14:00:00Z,N,Stormwater,NA,NA,NA,NA,NA,NA,NA,NA
S01,2017-07-19T14:01:00Z,N,Stormwater,NA,NA,NA,NA,NA,NA,NA,NA
S01,2017-07-19T14:04:00Z,N,Stormwater,NA,NA,NA,NA,NA,NA,NA,NA
S01,2017-07-19T14:07:00Z,N,Stormwater,NA,NA,NA,NA,NA,NA,NA,NA
S01,2014-07-22T11:35:00Z,N,Baseflow,NA,NA,NA,NA,NA,NA,NA,0.031
S01,2016-07-06T11:45:00Z,N,Baseflow,NA,NA,NA,NA,NA,NA,NA,0.031
S01,2016-07-06T11:55:00Z,N,Baseflow,NA,NA,NA,NA,NA,NA,NA,NA
S01,2018-07-09T14:00:00Z,N,Baseflow,NA,NA,NA,NA,NA,NA,NA,0.049
S01,2018-07-09T14:04:00Z,N,Baseflow,NA,NA,NA,NA,NA,NA,NA,NA
S01,2018-07-09T14:06:00Z,N,Baseflow,NA,NA,NA,NA,NA,NA,NA,NA
S01,2018-07-09T14:07:00Z,N,Baseflow,NA,NA,NA,NA,NA,NA,NA,NA
S01,2013-08-01T14:00:00Z,N,Baseflow,NA,NA,NA,NA,NA,NA,NA,0.041
S01,2015-08-12T11:25:00Z,FD,Stormwater,NA,NA,NA,NA,NA,NA,NA,0.16
S01,2015-08-12T11:25:00Z,N,Stormwater,NA,NA,NA,NA,NA,NA,NA,NA
S01,2013-08-02T10:50:00Z,N,Stormwater,NA,NA,NA,NA,NA,NA,NA,0.055
S01,2013-09-13T12:20:00Z,N,Stormwater,NA,NA,NA,NA,NA,NA,NA,0.23
S01,2018-09-17T13:32:00Z,N,Baseflow,NA,NA,NA,NA,NA,NA,NA,NA
S01,2018-09-17T13:33:00Z,N,Baseflow,NA,NA,NA,NA,NA,NA,NA,NA
S01,2018-09-17T13:34:00Z,N,Baseflow,NA,NA,NA,NA,NA,NA,NA,NA
S01,2018-09-17T13:37:00Z,N,Baseflow,NA,NA,NA,NA,NA,NA,NA,0.029
S01,2015-09-18T10:40:00Z,N,Baseflow,NA,NA,NA,NA,NA,NA,NA,0.031
S01,2018-09-18T09:51:00Z,N,Stormwater,NA,NA,NA,NA,NA,NA,NA,0.23
S01,2018-09-19T13:22:00Z,N,Stormwater,NA,NA,NA,NA,NA,NA,NA,NA
S01,2018-09-19T13:23:00Z,N,Stormwater,NA,NA,NA,NA,NA,NA,NA,NA
S01,2018-09-19T13:24:00Z,N,Stormwater,NA,NA,NA,NA,NA,NA,NA,NA
S01,2016-09-02T10:04:00Z,N,Baseflow,NA,NA,NA,NA,NA,NA,NA,NA
S01,2016-09-02T10:05:00Z,N,Baseflow,NA,NA,NA,NA,NA,NA,NA,0.032
S01,2016-09-02T10:10:00Z,N,Baseflow,NA,NA,NA,NA,NA,NA,NA,NA
S01,2016-09-02T09:48:00Z,N,Baseflow,NA,NA,NA,NA,NA,NA,NA,NA
S01,2017-09-24T10:03:00Z,N,Baseflow,NA,NA,NA,NA,NA,NA,NA,NA
S01,2017-09-24T10:05:00Z,N,Baseflow,NA,NA,NA,NA,NA,NA,NA,0.034
S01,2017-09-24T10:06:00Z,N,Baseflow,NA,NA,NA,NA,NA,NA,NA,NA
S01,2013-09-26T10:05:00Z,N,Baseflow,NA,NA,NA,NA,NA,NA,NA,0.02
S01,2014-09-26T13:55:00Z,N,Baseflow,NA,NA,NA,NA,NA,NA,NA,0.016
S01,2017-09-07T04:30:00Z,N,Stormwater,NA,NA,NA,NA,NA,NA,NA,0.13
S01,2017-09-07T17:38:00Z,N,Stormwater,NA,NA,NA,NA,NA,NA,NA,NA
S01,2017-09-07T17:41:00Z,N,Stormwater,NA,NA,NA,NA,NA,NA,NA,NA
S01,2017-09-07T17:44:00Z,N,Stormwater,NA,NA,NA,NA,NA,NA,NA,NA
S01,2017-09-07T17:53:00Z,N,Stormwater,NA,NA,NA,NA,NA,NA,NA,NA
S01,2010-10-01T16:01:00Z,N,Stormwater,NA,NA,NA,NA,NA,NA,0.025,0.049
S01,2015-10-01T11:40:00Z,N,Stormwater,NA,NA,NA,NA,NA,NA,NA,0.1
S01,2012-10-11T16:13:00Z,N,Stormwater,NA,NA,NA,NA,NA,NA,0.005,0.146
S01,2010-10-15T09:00:00Z,N,Stormwater,NA,NA,NA,NA,NA,NA,0.021,0.12
S01,2014-10-17T10:45:00Z,N,Stormwater,NA,NA,NA,NA,NA,NA,NA,0.08
S01,2010-10-21T13:10:00Z,N,Baseflow,NA,NA,NA,NA,NA,NA,0.002,0.018
S01,2011-10-25T14:00:00Z,N,Stormwater,NA,NA,NA,NA,NA,NA,0.005,0.054
S01,2012-10-25T16:31:00Z,N,Baseflow,NA,NA,NA,NA,NA,NA,0.003,0.013
S01,2010-10-06T14:16:00Z,N,Stormwater,NA,NA,NA,NA,NA,NA,0.017,0.086
S01,2014-10-06T10:48:00Z,N,Stormwater,NA,NA,NA,NA,NA,NA,NA,0.073
S01,2010-11-15T13:20:00Z,N,Baseflow,NA,NA,NA,NA,NA,NA,0.003,0.024
S01,2012-11-29T07:10:00Z,N,Baseflow,NA,NA,NA,NA,NA,NA,0.001,0.017
S01,2011-11-30T11:05:00Z,N,Stormwater,NA,NA,NA,NA,NA,NA,0.001,0.056
S01,2011-11-09T16:00:00Z,N,Baseflow,NA,NA,NA,NA,NA,NA,0.004,0.017
S01,2012-02-17T10:35:00Z,N,Spring Melt,NA,NA,NA,NA,NA,NA,NA,NA
S01,2017-02-19T14:25:00Z,N,Spring Melt,NA,NA,NA,NA,NA,NA,NA,NA
S01,2017-02-19T14:35:00Z,N,Spring Melt,NA,NA,NA,NA,NA,NA,NA,NA
S01,2017-02-19T14:40:00Z,N,Spring Melt,NA,NA,NA,NA,NA,NA,NA,NA
S01,2018-02-21T17:05:00Z,N,Spring Melt,NA,NA,NA,NA,NA,NA,NA,NA
S01,2018-02-21T17:07:00Z,N,Spring Melt,NA,NA,NA,NA,NA,NA,NA,NA
S01,2018-02-21T17:09:00Z,N,Spring Melt,NA,NA,NA,NA,NA,NA,NA,NA
S01,2018-02-21T17:10:00Z,N,Spring Melt,NA,NA,NA,NA,NA,NA,NA,NA
S01,2018-02-27T10:44:00Z,N,Spring Melt,NA,NA,NA,NA,NA,NA,NA,NA
S01,2018-02-27T10:47:00Z,N,Spring Melt,NA,NA,NA,NA,NA,NA,NA,NA
S01,2018-02-27T10:50:00Z,N,Spring Melt,NA,NA,NA,NA,NA,NA,NA,NA
S01,2018-02-27T10:51:00Z,N,Spring Melt,NA,NA,NA,NA,NA,NA,NA,NA
S01,2017-03-01T16:15:00Z,N,Spring Melt,NA,NA,NA,NA,NA,NA,NA,NA
S01,2017-03-01T16:20:00Z,N,Spring Melt,NA,NA,NA,NA,NA,NA,NA,NA
S01,2017-03-01T16:25:00Z,N,Spring Melt,NA,NA,NA,NA,NA,NA,NA,NA
S01,2013-03-13T14:00:00Z,N,Spring Melt,NA,NA,NA,NA,NA,NA,NA,0.062
S01,2019-03-13T17:31:00Z,N,Spring Melt,NA,NA,NA,NA,NA,NA,NA,NA
S01,2019-03-13T17:32:00Z,N,Spring Melt,NA,NA,NA,NA,NA,NA,NA,NA
S01,2012-03-14T11:50:00Z,N,Spring Melt,NA,NA,NA,NA,NA,NA,0.003,0.028
S01,2014-03-14T14:48:00Z,N,Spring Melt,NA,NA,NA,NA,NA,NA,NA,NA
S01,2019-03-15T16:07:00Z,N,Spring Melt,NA,NA,NA,NA,NA,NA,NA,NA
S01,2019-03-15T16:09:00Z,N,Spring Melt,NA,NA,NA,NA,NA,NA,NA,NA
S01,2012-03-16T15:30:00Z,N,Spring Melt,NA,NA,NA,NA,NA,NA,0.003,0.048
S01,2017-03-17T17:20:00Z,N,Spring Melt,NA,NA,NA,NA,NA,NA,NA,NA
S01,2017-03-17T17:25:00Z,N,Spring Melt,NA,NA,NA,NA,NA,NA,NA,NA
S01,2017-03-17T17:30:00Z,N,Spring Melt,NA,NA,NA,NA,NA,NA,NA,NA
S01,2014-03-20T15:11:00Z,N,Spring Melt,NA,NA,NA,NA,NA,NA,NA,NA
S01,2012-03-22T11:20:00Z,N,Spring Melt,NA,NA,NA,NA,NA,NA,0.001,0.05
S01,2011-03-24T12:30:00Z,N,Baseflow,0,0,0,0,0,0,0.005,0.03
S01,2019-03-24T18:11:00Z,N,Spring Melt,NA,NA,NA,NA,NA,NA,NA,NA
S01,2019-03-24T18:13:00Z,N,Spring Melt,NA,NA,NA,NA,NA,NA,NA,NA
S01,2019-03-24T18:14:00Z,N,Spring Melt,NA,NA,NA,NA,NA,NA,NA,NA
S01,2013-03-28T14:15:00Z,N,Spring Melt,NA,NA,NA,NA,NA,NA,NA,0.039
S01,2014-03-28T15:00:00Z,N,Spring Melt,NA,NA,NA,NA,NA,NA,NA,NA
S01,2018-03-28T18:30:00Z,N,Spring Melt,NA,NA,NA,NA,NA,NA,NA,NA
S01,2018-03-28T18:33:00Z,N,Spring Melt,NA,NA,NA,NA,NA,NA,NA,NA
S01,2018-03-28T18:36:00Z,N,Spring Melt,NA,NA,NA,NA,NA,NA,NA,NA
S01,2018-03-28T18:37:00Z,N,Spring Melt,NA,NA,NA,NA,NA,NA,NA,NA
S01,2019-03-29T10:29:00Z,N,Spring Melt,NA,NA,NA,NA,NA,NA,NA,NA
S01,2019-03-29T10:45:00Z,N,Spring Melt,NA,NA,NA,NA,NA,NA,NA,NA
S01,2011-03-31T10:50:00Z,N,Baseflow,0,0,0,0,0,0,0.005,0.02
S01,2013-03-06T14:20:00Z,N,Spring Melt,NA,NA,NA,NA,NA,NA,NA,0.041
S01,2018-03-06T15:31:00Z,N,Spring Melt,NA,NA,NA,NA,NA,NA,NA,NA
S01,2018-03-06T15:33:00Z,N,Spring Melt,NA,NA,NA,NA,NA,NA,NA,NA
S01,2018-03-06T15:35:00Z,N,Spring Melt,NA,NA,NA,NA,NA,NA,NA,NA
S01,2018-03-06T15:45:00Z,N,Spring Melt,NA,NA,NA,NA,NA,NA,NA,NA
S01,2017-03-09T15:25:00Z,N,Spring Melt,NA,NA,NA,NA,NA,NA,NA,NA
S01,2017-03-09T15:30:00Z,N,Spring Melt,NA,NA,NA,NA,NA,NA,NA,NA
S01,2011-04-11T10:35:00Z,N,Stormwater,NA,NA,NA,NA,NA,NA,0.005,0.15
S01,2012-04-19T13:16:00Z,N,Baseflow,NA,NA,NA,NA,NA,NA,NA,NA
S01,2013-04-02T11:55:00Z,N,Spring Melt,NA,NA,NA,NA,NA,NA,NA,0.028
S01,2011-04-05T11:15:00Z,N,Stormwater,NA,0,0,NA,NA,NA,0.005,0.04
S01,2014-04-08T14:47:00Z,N,Spring Melt,NA,NA,NA,NA,NA,NA,NA,NA
S01,2017-05-01T17:17:00Z,N,Baseflow,NA,NA,NA,NA,NA,NA,NA,NA
S01,2017-05-01T17:20:00Z,N,Baseflow,NA,NA,NA,NA,NA,NA,NA,0.02
S01,2017-05-01T17:21:00Z,N,Baseflow,NA,NA,NA,NA,NA,NA,NA,NA
S01,2017-05-01T17:25:00Z,N,Baseflow,NA,NA,NA,NA,NA,NA,NA,NA
S01,2018-05-10T15:47:00Z,N,Baseflow,NA,NA,NA,NA,NA,NA,NA,NA
S01,2018-05-10T15:49:00Z,N,Baseflow,NA,NA,NA,NA,NA,NA,NA,NA
S01,2018-05-10T15:50:00Z,N,Baseflow,NA,NA,NA,NA,NA,NA,NA,0.022
S01,2018-05-10T15:53:00Z,N,Baseflow,NA,NA,NA,NA,NA,NA,NA,NA
S01,2016-05-12T16:55:00Z,N,Baseflow,NA,NA,NA,NA,NA,NA,NA,NA
S01,2016-05-12T17:05:00Z,N,Baseflow,NA,NA,NA,NA,NA,NA,NA,0.011
S01,2014-05-14T11:20:00Z,N,Baseflow,NA,NA,NA,NA,NA,NA,NA,0.012
S01,2011-05-16T11:00:00Z,N,Stormwater,NA,NA,NA,NA,NA,NA,NA,NA
S01,2018-05-19T18:00:00Z,N,Stormwater,NA,NA,NA,NA,NA,NA,NA,0.089
S01,2018-05-21T13:55:00Z,N,Stormwater,NA,NA,NA,NA,NA,NA,NA,NA
S01,2018-05-21T13:58:00Z,N,Stormwater,NA,NA,NA,NA,NA,NA,NA,NA
S01,2013-05-29T09:50:00Z,N,Baseflow,NA,NA,NA,NA,NA,NA,0.004,0.023
S01,2017-05-05T17:00:00Z,N,Stormwater,NA,NA,NA,NA,NA,NA,NA,0.25
S01,2015-05-06T12:15:00Z,N,Baseflow,NA,NA,NA,NA,NA,NA,NA,0.025
S01,2017-05-07T13:47:00Z,N,Stormwater,NA,NA,NA,NA,NA,NA,NA,NA
S01,2017-05-07T13:50:00Z,N,Stormwater,NA,NA,NA,NA,NA,NA,NA,NA
S01,2017-05-07T13:52:00Z,N,Stormwater,NA,NA,NA,NA,NA,NA,NA,NA
S01,2015-06-01T14:25:00Z,N,Stormwater,NA,NA,NA,NA,NA,NA,NA,0.082
S01,2019-06-10T12:50:00Z,FD,Baseflow,NA,NA,NA,NA,NA,NA,NA,0.036
S01,2019-06-10T12:50:00Z,N,Baseflow,NA,NA,NA,NA,NA,NA,NA,0.037
S01,2012-06-12T11:00:00Z,N,Baseflow,NA,NA,NA,NA,NA,NA,0.001,0.025
S01,2014-06-13T13:05:00Z,N,Stormwater,NA,NA,NA,NA,NA,NA,NA,0.19
S01,2013-06-20T10:10:00Z,N,Baseflow,NA,NA,NA,NA,NA,NA,NA,NA
S01,2011-06-27T12:00:00Z,N,Stormwater,NA,NA,NA,NA,NA,NA,0.005,0.04
S01,2016-06-05T20:30:00Z,N,Stormwater,NA,NA,NA,NA,NA,NA,NA,0.19
S01,2016-06-07T11:40:00Z,N,Stormwater,NA,NA,NA,NA,NA,NA,NA,NA
S01,2016-06-07T11:45:00Z,N,Stormwater,NA,NA,NA,NA,NA,NA,NA,NA
S01,2011-07-13T12:35:00Z,N,Baseflow,NA,NA,NA,NA,NA,NA,0.007,0.041
S01,2012-07-13T12:15:00Z,N,Baseflow,NA,NA,NA,NA,NA,NA,NA,NA
S01,2015-07-14T12:40:00Z,N,Baseflow,NA,NA,NA,NA,NA,NA,NA,0.018
S01,2016-07-14T22:30:00Z,FD,Stormwater,NA,NA,NA,NA,NA,NA,NA,0.047
S01,2016-07-14T22:30:00Z,N,Stormwater,NA,NA,NA,NA,NA,NA,NA,0.049
S01,2016-07-15T16:26:00Z,N,Stormwater,NA,NA,NA,NA,NA,NA,NA,NA
S01,2016-07-15T16:31:00Z,N,Stormwater,NA,NA,NA,NA,NA,NA,NA,NA
S01,2017-07-17T16:40:00Z,N,Baseflow,NA,NA,NA,NA,NA,NA,NA,NA
S01,2017-07-17T16:45:00Z,N,Baseflow,NA,NA,NA,NA,NA,NA,NA,0.025
S01,2017-07-17T16:50:00Z,N,Baseflow,NA,NA,NA,NA,NA,NA,NA,NA
S01,2018-07-17T13:30:00Z,N,Stormwater,NA,NA,NA,NA,NA,NA,NA,0.326
S01,2017-07-18T13:30:00Z,N,Stormwater,NA,NA,NA,NA,NA,NA,NA,0.038
S01,2018-07-18T14:28:00Z,N,Stormwater,NA,NA,NA,NA,NA,NA,NA,NA
S01,2018-07-18T14:29:00Z,N,Stormwater,NA,NA,NA,NA,NA,NA,NA,NA
S01,2018-07-18T14:31:00Z,N,Stormwater,NA,NA,NA,NA,NA,NA,NA,NA
S01,2018-07-18T14:33:00Z,N,Stormwater,NA,NA,NA,NA,NA,NA,NA,NA
S01,2017-07-19T14:24:00Z,N,Stormwater,NA,NA,NA,NA,NA,NA,NA,NA
S01,2017-07-19T14:27:00Z,N,Stormwater,NA,NA,NA,NA,NA,NA,NA,NA
S01,2017-07-19T14:28:00Z,N,Stormwater,NA,NA,NA,NA,NA,NA,NA,NA
S01,2014-07-22T12:07:00Z,N,Baseflow,NA,NA,NA,NA,NA,NA,NA,0.026
S01,2012-07-26T15:30:00Z,N,Stormwater,NA,NA,NA,NA,NA,NA,0.002,0.235
S01,2016-07-06T10:00:00Z,N,Baseflow,NA,NA,NA,NA,NA,NA,NA,NA
S01,2016-07-06T09:45:00Z,N,Baseflow,NA,NA,NA,NA,NA,NA,NA,0.01
S01,2016-07-06T09:47:00Z,N,Baseflow,NA,NA,NA,NA,NA,NA,NA,NA
S01,2018-07-09T14:40:00Z,N,Baseflow,NA,NA,NA,NA,NA,NA,NA,0.045
S01,2018-07-09T14:47:00Z,N,Baseflow,NA,NA,NA,NA,NA,NA,NA,NA
S01,2018-07-09T14:49:00Z,N,Baseflow,NA,NA,NA,NA,NA,NA,NA,NA
S01,2018-07-09T14:51:00Z,N,Baseflow,NA,NA,NA,NA,NA,NA,NA,NA
S01,2013-08-01T15:20:00Z,N,Baseflow,NA,NA,NA,NA,NA,NA,NA,0.036
S01,2011-08-10T17:35:00Z,N,Stormwater,NA,NA,NA,NA,NA,NA,0.002,0.032
S01,2015-08-12T12:15:00Z,N,Stormwater,NA,NA,NA,NA,NA,NA,NA,0.05
S01,2010-08-19T13:10:00Z,N,Baseflow,NA,NA,NA,NA,NA,NA,0.001,0.074
S01,2013-08-02T10:50:00Z,N,Stormwater,NA,NA,NA,NA,NA,NA,NA,0.18
S01,2011-08-25T12:05:00Z,N,Baseflow,NA,NA,NA,NA,NA,NA,0.001,0.008
S01,2010-09-01T10:35:00Z,N,Baseflow,NA,NA,NA,NA,NA,NA,0.001,0.034
S01,2016-09-11T11:51:00Z,N,Stormwater,NA,NA,NA,NA,NA,NA,NA,0.13
S01,2016-09-12T13:30:00Z,N,Stormwater,NA,NA,NA,NA,NA,NA,NA,NA
S01,2016-09-12T13:35:00Z,N,Stormwater,NA,NA,NA,NA,NA,NA,NA,NA
S01,2011-09-13T17:10:00Z,N,Baseflow,NA,NA,NA,NA,NA,NA,0.004,0.024
S01,2011-09-13T17:20:00Z,N,Stormwater,NA,NA,NA,NA,NA,NA,0.007,0.042
S01,2013-09-13T13:03:00Z,N,Stormwater,NA,NA,NA,NA,NA,NA,NA,0.21
S01,2012-09-14T10:10:00Z,N,Baseflow,NA,NA,NA,NA,NA,NA,0.001,0.019
S01,2018-09-17T14:08:00Z,N,Baseflow,NA,NA,NA,NA,NA,NA,NA,NA
S01,2018-09-17T14:09:00Z,N,Baseflow,NA,NA,NA,NA,NA,NA,NA,NA
S01,2018-09-17T14:10:00Z,N,Baseflow,NA,NA,NA,NA,NA,NA,NA,NA
S01,2018-09-17T14:11:00Z,N,Baseflow,NA,NA,NA,NA,NA,NA,NA,0.03
S01,2015-09-18T11:25:00Z,N,Baseflow,NA,NA,NA,NA,NA,NA,NA,0.017
S01,2018-09-18T09:51:00Z,N,Stormwater,NA,NA,NA,NA,NA,NA,NA,0.15
S01,2018-09-19T14:24:00Z,N,Stormwater,NA,NA,NA,NA,NA,NA,NA,NA
S01,2018-09-19T14:25:00Z,N,Stormwater,NA,NA,NA,NA,NA,NA,NA,NA
S01,2018-09-19T14:26:00Z,N,Stormwater,NA,NA,NA,NA,NA,NA,NA,NA
S01,2018-09-19T14:29:00Z,N,Stormwater,NA,NA,NA,NA,NA,NA,NA,NA
S01,2016-09-02T12:00:00Z,N,Baseflow,NA,NA,NA,NA,NA,NA,NA,0.015
S01,2016-09-02T12:10:00Z,N,Baseflow,NA,NA,NA,NA,NA,NA,NA,NA
S01,2016-09-02T12:16:00Z,N,Baseflow,NA,NA,NA,NA,NA,NA,NA,NA
S01,2016-09-02T12:19:00Z,N,Baseflow,NA,NA,NA,NA,NA,NA,NA,NA
S01,2017-09-24T10:19:00Z,N,Baseflow,NA,NA,NA,NA,NA,NA,NA,NA
S01,2017-09-24T10:23:00Z,N,Baseflow,NA,NA,NA,NA,NA,NA,NA,NA
S01,2017-09-24T10:25:00Z,N,Baseflow,NA,NA,NA,NA,NA,NA,NA,0.018
S01,2017-09-24T10:26:00Z,N,Baseflow,NA,NA,NA,NA,NA,NA,NA,NA
S01,2013-09-26T11:15:00Z,N,Baseflow,NA,NA,NA,NA,NA,NA,NA,0.017
S01,2014-09-26T14:30:00Z,N,Baseflow,NA,NA,NA,NA,NA,NA,NA,0.013
S01,2010-09-28T09:10:00Z,N,Stormwater,NA,NA,NA,NA,NA,NA,0.003,0.024
S01,2010-09-28T09:16:00Z,FD,Stormwater,NA,NA,NA,NA,NA,NA,0.003,0.023
S01,2012-09-07T17:05:00Z,N,Stormwater,NA,NA,NA,NA,NA,NA,0.003,0.085
S01,2017-09-07T04:30:00Z,N,Stormwater,NA,NA,NA,NA,NA,NA,NA,0.19
S01,2017-09-08T10:36:00Z,N,Stormwater,NA,NA,NA,NA,NA,NA,NA,NA
S01,2017-09-08T10:39:00Z,N,Stormwater,NA,NA,NA,NA,NA,NA,NA,NA
S01,2017-09-08T10:41:00Z,N,Stormwater,NA,NA,NA,NA,NA,NA,NA,NA
S01,2017-09-08T11:00:00Z,N,Stormwater,NA,NA,NA,NA,NA,NA,NA,NA
S01,2015-10-01T11:00:00Z,N,Stormwater,NA,NA,NA,NA,NA,NA,NA,0.085
S01,2014-10-17T10:05:00Z,N,Stormwater,NA,NA,NA,NA,NA,NA,NA,0.11
S01,2011-10-20T10:15:00Z,N,Stormwater,NA,NA,NA,NA,NA,NA,0.01,0.113
S01,2014-10-06T10:30:00Z,N,Stormwater,NA,NA,NA,NA,NA,NA,NA,NA
S01,2011-11-30T10:55:00Z,N,Stormwater,NA,NA,NA,NA,NA,NA,0.001,0.071
S01,2011-11-09T15:45:00Z,N,Baseflow,NA,NA,NA,NA,NA,NA,0.004,0.019
S01,2017-02-19T14:00:00Z,N,Spring Melt,NA,NA,NA,NA,NA,NA,NA,NA
S01,2017-02-19T14:05:00Z,N,Spring Melt,NA,NA,NA,NA,NA,NA,NA,NA
S01,2017-02-19T14:10:00Z,N,Spring Melt,NA,NA,NA,NA,NA,NA,NA,NA
S01,2017-03-01T17:05:00Z,N,Spring Melt,NA,NA,NA,NA,NA,NA,NA,NA
S01,2017-03-01T17:10:00Z,N,Spring Melt,NA,NA,NA,NA,NA,NA,NA,NA
S01,2013-03-13T14:45:00Z,N,Spring Melt,NA,NA,NA,NA,NA,NA,NA,0.088
S01,2012-03-14T11:40:00Z,N,Spring Melt,NA,NA,NA,NA,NA,NA,0.001,0.013
S01,2014-03-14T14:22:00Z,N,Spring Melt,NA,NA,NA,NA,NA,NA,NA,NA
S01,2012-03-16T15:10:00Z,N,Spring Melt,NA,NA,NA,NA,NA,NA,0.003,0.018
S01,2017-03-17T18:15:00Z,N,Spring Melt,NA,NA,NA,NA,NA,NA,NA,NA
S01,2017-03-17T18:20:00Z,N,Spring Melt,NA,NA,NA,NA,NA,NA,NA,NA
S01,2014-03-20T14:51:00Z,N,Spring Melt,NA,NA,NA,NA,NA,NA,NA,NA
S01,2012-03-22T11:00:00Z,N,Spring Melt,NA,NA,NA,NA,NA,NA,0.001,0.02
S01,2011-03-24T12:00:00Z,N,Baseflow,0.25,0.05,0.5,0.5,0.6,0.6,0.005,0.02
S01,2013-03-28T15:35:00Z,N,Spring Melt,NA,NA,NA,NA,NA,NA,NA,0.034
S01,2014-03-28T14:25:00Z,N,Spring Melt,NA,NA,NA,NA,NA,NA,NA,NA
S01,2011-03-31T11:15:00Z,N,Baseflow,0.25,0.05,0.05,0.6,0.6,0.6,0.005,0.02
S01,2013-03-06T11:35:00Z,N,Spring Melt,NA,NA,NA,NA,NA,NA,NA,0.018
S01,2017-03-09T16:20:00Z,N,Spring Melt,NA,NA,NA,NA,NA,NA,NA,NA
S01,2017-03-09T16:25:00Z,N,Spring Melt,NA,NA,NA,NA,NA,NA,NA,NA
S01,2011-04-11T10:45:00Z,N,Stormwater,NA,NA,NA,NA,NA,NA,0.005,0.005
S01,2013-04-02T11:05:00Z,N,Spring Melt,NA,NA,NA,NA,NA,NA,NA,0.031
S01,2011-04-05T11:25:00Z,N,Stormwater,NA,0.05,0.5,NA,NA,NA,0.005,0.02
S01,2014-04-08T14:25:00Z,N,Spring Melt,NA,NA,NA,NA,NA,NA,NA,NA
S01,2017-05-01T18:03:00Z,N,Baseflow,NA,NA,NA,NA,NA,NA,NA,NA
S01,2017-05-01T18:06:00Z,N,Baseflow,NA,NA,NA,NA,NA,NA,NA,0.025
S01,2017-05-01T18:09:00Z,N,Baseflow,NA,NA,NA,NA,NA,NA,NA,NA
S01,2018-05-10T16:30:00Z,N,Baseflow,NA,NA,NA,NA,NA,NA,NA,NA
S01,2018-05-10T16:33:00Z,N,Baseflow,NA,NA,NA,NA,NA,NA,NA,NA
S01,2018-05-10T16:35:00Z,N,Baseflow,NA,NA,NA,NA,NA,NA,NA,0.016
S01,2018-05-10T16:36:00Z,N,Baseflow,NA,NA,NA,NA,NA,NA,NA,NA
S01,2016-05-12T16:00:00Z,N,Baseflow,NA,NA,NA,NA,NA,NA,NA,NA
S01,2016-05-12T16:15:00Z,N,Baseflow,NA,NA,NA,NA,NA,NA,NA,0.011
S01,2014-05-14T10:35:00Z,N,Baseflow,NA,NA,NA,NA,NA,NA,NA,0.011
S01,2018-05-19T18:00:00Z,N,Stormwater,NA,NA,NA,NA,NA,NA,NA,0.141
S01,2018-05-21T14:26:00Z,N,Stormwater,NA,NA,NA,NA,NA,NA,NA,NA
S01,2018-05-21T14:28:00Z,N,Stormwater,NA,NA,NA,NA,NA,NA,NA,NA
S01,2018-05-21T14:30:00Z,N,Stormwater,NA,NA,NA,NA,NA,NA,NA,NA
S01,2017-05-05T17:00:00Z,N,Stormwater,NA,NA,NA,NA,NA,NA,NA,0.14
S01,2015-05-06T12:00:00Z,N,Baseflow,NA,NA,NA,NA,NA,NA,NA,0.014
S01,2017-05-07T14:20:00Z,N,Stormwater,NA,NA,NA,NA,NA,NA,NA,NA
S01,2017-05-07T14:23:00Z,N,Stormwater,NA,NA,NA,NA,NA,NA,NA,NA
S01,2017-05-07T14:25:00Z,N,Stormwater,NA,NA,NA,NA,NA,NA,NA,NA
S01,2015-06-01T14:00:00Z,N,Stormwater,NA,NA,NA,NA,NA,NA,NA,0.058
S01,2019-06-10T12:20:00Z,N,Baseflow,NA,NA,NA,NA,NA,NA,NA,0.042
S01,2014-06-13T12:49:00Z,N,Stormwater,NA,NA,NA,NA,NA,NA,NA,0.12
S01,2016-06-05T20:30:00Z,N,Stormwater,NA,NA,NA,NA,NA,NA,NA,0.409
S01,2016-06-07T11:20:00Z,N,Stormwater,NA,NA,NA,NA,NA,NA,NA,NA
S01,2016-06-07T11:25:00Z,N,Stormwater,NA,NA,NA,NA,NA,NA,NA,NA
S01,2011-07-13T11:45:00Z,N,Baseflow,NA,NA,NA,NA,NA,NA,0.002,0.109
S01,2015-07-14T12:00:00Z,N,Baseflow,NA,NA,NA,NA,NA,NA,NA,0.022
S01,2016-07-15T15:57:00Z,N,Stormwater,NA,NA,NA,NA,NA,NA,NA,NA
S01,2016-07-15T16:02:00Z,N,Stormwater,NA,NA,NA,NA,NA,NA,NA,NA
S01,2017-07-17T17:35:00Z,N,Baseflow,NA,NA,NA,NA,NA,NA,NA,NA
S01,2017-07-17T17:38:00Z,N,Baseflow,NA,NA,NA,NA,NA,NA,NA,NA
S01,2017-07-17T17:40:00Z,N,Baseflow,NA,NA,NA,NA,NA,NA,NA,0.039
S01,2017-07-17T17:41:00Z,N,Baseflow,NA,NA,NA,NA,NA,NA,NA,NA
S01,2018-07-17T13:30:00Z,N,Stormwater,NA,NA,NA,NA,NA,NA,NA,0.424
S01,2018-07-18T15:09:00Z,N,Stormwater,NA,NA,NA,NA,NA,NA,NA,NA
S01,2018-07-18T15:10:00Z,N,Stormwater,NA,NA,NA,NA,NA,NA,NA,NA
S01,2018-07-18T15:11:00Z,N,Stormwater,NA,NA,NA,NA,NA,NA,NA,NA
S01,2018-07-18T15:12:00Z,N,Stormwater,NA,NA,NA,NA,NA,NA,NA,NA
S01,2017-07-19T15:11:00Z,N,Stormwater,NA,NA,NA,NA,NA,NA,NA,NA
S01,2017-07-19T15:14:00Z,N,Stormwater,NA,NA,NA,NA,NA,NA,NA,NA
S01,2017-07-19T15:17:00Z,N,Stormwater,NA,NA,NA,NA,NA,NA,NA,NA
S01,2014-07-22T11:45:00Z,N,Baseflow,NA,NA,NA,NA,NA,NA,NA,0.04
S01,2012-07-27T08:40:00Z,N,Stormwater,NA,NA,NA,NA,NA,NA,0.001,0.065
S01,2016-07-06T12:28:00Z,N,Baseflow,NA,NA,NA,NA,NA,NA,NA,0.026
S01,2016-07-06T12:30:00Z,N,Baseflow,NA,NA,NA,NA,NA,NA,NA,NA
S01,2016-07-06T12:37:00Z,N,Baseflow,NA,NA,NA,NA,NA,NA,NA,NA
S01,2018-07-09T15:47:00Z,N,Baseflow,NA,NA,NA,NA,NA,NA,NA,NA
S01,2018-07-09T15:48:00Z,N,Baseflow,NA,NA,NA,NA,NA,NA,NA,NA
S01,2018-07-09T15:49:00Z,N,Baseflow,NA,NA,NA,NA,NA,NA,NA,NA
S01,2018-07-09T15:50:00Z,N,Baseflow,NA,NA,NA,NA,NA,NA,NA,0.046
S01,2013-08-01T14:20:00Z,N,Baseflow,NA,NA,NA,NA,NA,NA,NA,0.042
S01,2011-08-10T00:00:00Z,N,Stormwater,NA,NA,NA,NA,NA,NA,0.008,0.04
S01,2015-08-12T11:40:00Z,N,Stormwater,NA,NA,NA,NA,NA,NA,NA,0.19
S01,2013-08-02T10:50:00Z,N,Stormwater,NA,NA,NA,NA,NA,NA,NA,0.2
S01,2011-08-25T12:20:00Z,N,Baseflow,NA,NA,NA,NA,NA,NA,0.001,0.016
S01,2011-09-13T16:55:00Z,N,Baseflow,NA,NA,NA,NA,NA,NA,0.007,0.021
S01,2013-09-13T12:33:00Z,N,Stormwater,NA,NA,NA,NA,NA,NA,NA,0.14
S01,2012-09-14T10:00:00Z,N,Baseflow,NA,NA,NA,NA,NA,NA,0.001,0.015
S01,2018-09-17T14:49:00Z,N,Baseflow,NA,NA,NA,NA,NA,NA,NA,NA
S01,2018-09-17T14:50:00Z,N,Baseflow,NA,NA,NA,NA,NA,NA,NA,NA
S01,2018-09-17T14:51:00Z,N,Baseflow,NA,NA,NA,NA,NA,NA,NA,NA
S01,2018-09-17T14:52:00Z,N,Baseflow,NA,NA,NA,NA,NA,NA,NA,0.046
S01,2015-09-18T10:50:00Z,N,Baseflow,NA,NA,NA,NA,NA,NA,NA,0.035
S01,2018-09-19T15:29:00Z,N,Stormwater,NA,NA,NA,NA,NA,NA,NA,NA
S01,2018-09-19T15:30:00Z,N,Stormwater,NA,NA,NA,NA,NA,NA,NA,NA
S01,2018-09-19T15:31:00Z,N,Stormwater,NA,NA,NA,NA,NA,NA,NA,NA
S01,2018-09-19T15:32:00Z,N,Stormwater,NA,NA,NA,NA,NA,NA,NA,NA
S01,2016-09-02T11:09:00Z,N,Baseflow,NA,NA,NA,NA,NA,NA,NA,NA
S01,2016-09-02T11:15:00Z,N,Baseflow,NA,NA,NA,NA,NA,NA,NA,0.025
S01,2016-09-02T11:18:00Z,N,Baseflow,NA,NA,NA,NA,NA,NA,NA,NA
S01,2016-09-02T11:25:00Z,N,Baseflow,NA,NA,NA,NA,NA,NA,NA,NA
S01,2017-09-24T10:58:00Z,N,Baseflow,NA,NA,NA,NA,NA,NA,NA,NA
S01,2017-09-24T11:00:00Z,N,Baseflow,NA,NA,NA,NA,NA,NA,NA,NA
S01,2017-09-24T11:03:00Z,N,Baseflow,NA,NA,NA,NA,NA,NA,NA,NA
S01,2017-09-24T11:05:00Z,N,Baseflow,NA,NA,NA,NA,NA,NA,NA,0.048
S01,2013-09-26T10:18:00Z,N,Baseflow,NA,NA,NA,NA,NA,NA,NA,0.024
S01,2014-09-26T14:10:00Z,N,Baseflow,NA,NA,NA,NA,NA,NA,NA,0.02
S01,2011-09-06T10:15:00Z,N,Stormwater,NA,NA,NA,NA,NA,NA,0.002,0.03
S01,2012-09-07T16:15:00Z,N,Stormwater,NA,NA,NA,NA,NA,NA,0.011,0.041
S01,2017-09-07T04:30:00Z,N,Stormwater,NA,NA,NA,NA,NA,NA,NA,0.19
S01,2017-09-08T10:08:00Z,N,Stormwater,NA,NA,NA,NA,NA,NA,NA,NA
S01,2017-09-08T10:11:00Z,N,Stormwater,NA,NA,NA,NA,NA,NA,NA,NA
S01,2017-09-08T10:14:00Z,N,Stormwater,NA,NA,NA,NA,NA,NA,NA,NA
S01,2017-09-08T10:25:00Z,N,Stormwater,NA,NA,NA,NA,NA,NA,NA,NA
S01,2015-10-01T11:15:00Z,N,Stormwater,NA,NA,NA,NA,NA,NA,NA,0.1
S01,2014-10-17T10:20:00Z,N,Stormwater,NA,NA,NA,NA,NA,NA,NA,0.099
S01,2011-10-20T10:00:00Z,N,Stormwater,NA,NA,NA,NA,NA,NA,0.012,0.066
S01,2012-10-26T08:05:00Z,N,Baseflow,NA,NA,NA,NA,NA,NA,0.002,0.089
S01,2014-10-06T10:40:00Z,N,Stormwater,NA,NA,NA,NA,NA,NA,NA,NA
S01,2012-11-29T06:55:00Z,N,Baseflow,NA,NA,NA,NA,NA,NA,0.001,0.013
S01,2011-11-30T11:15:00Z,N,Stormwater,NA,NA,NA,NA,NA,NA,0.001,0.053
S01,2011-11-09T16:15:00Z,N,Baseflow,NA,NA,NA,NA,NA,NA,0.002,0.016
S01,2017-02-19T14:50:00Z,N,Spring Melt,NA,NA,NA,NA,NA,NA,NA,NA
S01,2017-02-19T15:00:00Z,N,Spring Melt,NA,NA,NA,NA,NA,NA,NA,NA
S01,2017-02-19T15:05:00Z,N,Spring Melt,NA,NA,NA,NA,NA,NA,NA,NA
S01,2017-03-01T16:45:00Z,N,Spring Melt,NA,NA,NA,NA,NA,NA,NA,NA
S01,2017-03-01T16:50:00Z,N,Spring Melt,NA,NA,NA,NA,NA,NA,NA,NA
S01,2013-03-13T15:00:00Z,N,Spring Melt,NA,NA,NA,NA,NA,NA,NA,0.053
S01,2012-03-14T12:05:00Z,N,Spring Melt,NA,NA,NA,NA,NA,NA,0.002,0.021
S01,2014-03-14T14:39:00Z,N,Spring Melt,NA,NA,NA,NA,NA,NA,NA,NA
S01,2012-03-16T15:15:00Z,N,Spring Melt,NA,NA,NA,NA,NA,NA,0.004,0.027
S01,2017-03-17T17:50:00Z,N,Spring Melt,NA,NA,NA,NA,NA,NA,NA,NA
S01,2017-03-17T17:55:00Z,N,Spring Melt,NA,NA,NA,NA,NA,NA,NA,NA
S01,2017-03-17T18:00:00Z,N,Spring Melt,NA,NA,NA,NA,NA,NA,NA,NA
S01,2014-03-20T15:03:00Z,N,Spring Melt,NA,NA,NA,NA,NA,NA,NA,NA
S01,2012-03-22T11:40:00Z,N,Spring Melt,NA,NA,NA,NA,NA,NA,0.001,0.043
S01,2011-03-24T12:05:00Z,N,Baseflow,0.25,0.05,0.05,0.7,0.7,0.7,0.005,0.03
S01,2013-03-28T15:50:00Z,N,Spring Melt,NA,NA,NA,NA,NA,NA,NA,0.044
S01,2014-03-28T14:40:00Z,N,Spring Melt,NA,NA,NA,NA,NA,NA,NA,NA
S01,2011-03-31T11:08:00Z,N,Baseflow,0.25,0.05,0.05,0.6,0.6,0.6,0.005,0.02
S01,2013-03-06T11:55:00Z,N,Spring Melt,NA,NA,NA,NA,NA,NA,NA,0.022
S01,2017-03-09T15:55:00Z,N,Spring Melt,NA,NA,NA,NA,NA,NA,NA,NA
S01,2017-03-09T16:00:00Z,N,Spring Melt,NA,NA,NA,NA,NA,NA,NA,NA
S01,2011-04-11T10:30:00Z,N,Stormwater,NA,NA,NA,NA,NA,NA,0.005,0.02
S01,2013-04-02T11:20:00Z,N,Spring Melt,NA,NA,NA,NA,NA,NA,NA,0.027
S01,2011-04-05T11:35:00Z,N,Stormwater,NA,0.05,0.05,NA,NA,NA,0.005,0.03
S01,2014-04-08T14:40:00Z,N,Spring Melt,NA,NA,NA,NA,NA,NA,NA,NA
S01,2017-05-01T17:46:00Z,N,Baseflow,NA,NA,NA,NA,NA,NA,NA,NA
S01,2017-05-01T17:49:00Z,N,Baseflow,NA,NA,NA,NA,NA,NA,NA,NA
S01,2017-05-01T17:50:00Z,N,Baseflow,NA,NA,NA,NA,NA,NA,NA,0.028
S01,2017-05-01T17:53:00Z,N,Baseflow,NA,NA,NA,NA,NA,NA,NA,NA
S01,2018-05-10T16:14:00Z,N,Baseflow,NA,NA,NA,NA,NA,NA,NA,NA
S01,2018-05-10T16:15:00Z,N,Baseflow,NA,NA,NA,NA,NA,NA,NA,0.039
S01,2018-05-10T16:18:00Z,N,Baseflow,NA,NA,NA,NA,NA,NA,NA,NA
S01,2018-05-10T16:20:00Z,N,Baseflow,NA,NA,NA,NA,NA,NA,NA,NA
S01,2016-05-12T16:30:00Z,N,Baseflow,NA,NA,NA,NA,NA,NA,NA,NA
S01,2016-05-12T16:40:00Z,N,Baseflow,NA,NA,NA,NA,NA,NA,NA,0.016
S01,2014-05-14T11:05:00Z,N,Baseflow,NA,NA,NA,NA,NA,NA,NA,0.018
S01,2018-05-21T14:12:00Z,N,Stormwater,NA,NA,NA,NA,NA,NA,NA,NA
S01,2018-05-21T14:14:00Z,N,Stormwater,NA,NA,NA,NA,NA,NA,NA,NA
S01,2018-05-21T14:15:00Z,N,Stormwater,NA,NA,NA,NA,NA,NA,NA,NA
S01,2018-05-21T14:16:00Z,N,Stormwater,NA,NA,NA,NA,NA,NA,NA,NA
S01,2017-05-05T17:00:00Z,N,Stormwater,NA,NA,NA,NA,NA,NA,NA,0.2
S01,2015-05-06T12:30:00Z,N,Baseflow,NA,NA,NA,NA,NA,NA,NA,0.044
S01,2017-05-07T14:05:00Z,N,Stormwater,NA,NA,NA,NA,NA,NA,NA,NA
S01,2017-05-07T14:08:00Z,N,Stormwater,NA,NA,NA,NA,NA,NA,NA,NA
S01,2017-05-07T14:10:00Z,N,Stormwater,NA,NA,NA,NA,NA,NA,NA,NA
S01,2015-06-01T14:15:00Z,N,Stormwater,NA,NA,NA,NA,NA,NA,NA,0.063
S01,2019-06-10T13:30:00Z,N,Baseflow,NA,NA,NA,NA,NA,NA,NA,0.065
S01,2014-06-13T12:58:00Z,N,Stormwater,NA,NA,NA,NA,NA,NA,NA,0.11
S01,2016-06-05T20:30:00Z,N,Stormwater,NA,NA,NA,NA,NA,NA,NA,0.204
S01,2016-06-07T11:55:00Z,N,Stormwater,NA,NA,NA,NA,NA,NA,NA,NA
S01,2016-06-07T12:00:00Z,N,Stormwater,NA,NA,NA,NA,NA,NA,NA,NA
S01,2011-07-13T12:05:00Z,N,Baseflow,NA,NA,NA,NA,NA,NA,0.002,0.045
S01,2015-07-14T12:20:00Z,N,Baseflow,NA,NA,NA,NA,NA,NA,NA,0.048
S01,2016-07-15T16:19:00Z,N,Stormwater,NA,NA,NA,NA,NA,NA,NA,NA
S01,2016-07-15T16:23:00Z,N,Stormwater,NA,NA,NA,NA,NA,NA,NA,NA
S01,2017-07-17T17:15:00Z,N,Baseflow,NA,NA,NA,NA,NA,NA,NA,0.038
S01,2017-07-17T17:18:00Z,N,Baseflow,NA,NA,NA,NA,NA,NA,NA,NA
S01,2017-07-17T17:21:00Z,N,Baseflow,NA,NA,NA,NA,NA,NA,NA,NA
S01,2018-07-18T14:48:00Z,N,Stormwater,NA,NA,NA,NA,NA,NA,NA,NA
S01,2018-07-18T14:53:00Z,N,Stormwater,NA,NA,NA,NA,NA,NA,NA,NA
S01,2018-07-18T14:54:00Z,N,Stormwater,NA,NA,NA,NA,NA,NA,NA,NA
S01,2018-07-18T14:55:00Z,N,Stormwater,NA,NA,NA,NA,NA,NA,NA,NA
S01,2017-07-19T14:49:00Z,N,Stormwater,NA,NA,NA,NA,NA,NA,NA,NA
S01,2017-07-19T14:52:00Z,N,Stormwater,NA,NA,NA,NA,NA,NA,NA,NA
S01,2017-07-19T14:55:00Z,N,Stormwater,NA,NA,NA,NA,NA,NA,NA,NA
S01,2014-07-22T11:54:00Z,N,Baseflow,NA,NA,NA,NA,NA,NA,NA,0.13
S01,2012-07-27T08:25:00Z,N,Stormwater,NA,NA,NA,NA,NA,NA,0.003,0.177
S01,2016-07-06T10:45:00Z,N,Baseflow,NA,NA,NA,NA,NA,NA,NA,0.041
S01,2016-07-06T10:48:00Z,N,Baseflow,NA,NA,NA,NA,NA,NA,NA,NA
S01,2016-07-06T10:55:00Z,N,Baseflow,NA,NA,NA,NA,NA,NA,NA,NA
S01,2018-07-09T15:30:00Z,N,Baseflow,NA,NA,NA,NA,NA,NA,NA,0.059
S01,2018-07-09T15:32:00Z,N,Baseflow,NA,NA,NA,NA,NA,NA,NA,NA
S01,2018-07-09T15:33:00Z,N,Baseflow,NA,NA,NA,NA,NA,NA,NA,NA
S01,2018-07-09T15:36:00Z,N,Baseflow,NA,NA,NA,NA,NA,NA,NA,NA
S01,2013-08-01T14:40:00Z,N,Baseflow,NA,NA,NA,NA,NA,NA,NA,0.054
S01,2011-08-10T00:00:00Z,N,Stormwater,NA,NA,NA,NA,NA,NA,0.006,0.033
S01,2015-08-12T12:00:00Z,N,Stormwater,NA,NA,NA,NA,NA,NA,NA,0.12
S01,2011-08-25T12:35:00Z,N,Baseflow,NA,NA,NA,NA,NA,NA,0.001,0.034
S01,2011-09-13T16:40:00Z,N,Baseflow,NA,NA,NA,NA,NA,NA,0.004,0.019
S01,2013-09-13T12:48:00Z,N,Stormwater,NA,NA,NA,NA,NA,NA,NA,0.48
S01,2012-09-14T07:15:00Z,N,Baseflow,NA,NA,NA,NA,NA,NA,0.001,0.021
S01,2018-09-17T14:30:00Z,N,Baseflow,NA,NA,NA,NA,NA,NA,NA,NA
S01,2018-09-17T14:31:00Z,N,Baseflow,NA,NA,NA,NA,NA,NA,NA,NA
S01,2018-09-17T14:32:00Z,N,Baseflow,NA,NA,NA,NA,NA,NA,NA,NA
S01,2018-09-17T14:33:00Z,N,Baseflow,NA,NA,NA,NA,NA,NA,NA,0.056
S01,2015-09-18T11:15:00Z,N,Baseflow,NA,NA,NA,NA,NA,NA,NA,0.028
S01,2018-09-18T09:51:00Z,N,Stormwater,NA,NA,NA,NA,NA,NA,NA,0.087
S01,2018-09-19T15:06:00Z,N,Stormwater,NA,NA,NA,NA,NA,NA,NA,NA
S01,2018-09-19T15:08:00Z,N,Stormwater,NA,NA,NA,NA,NA,NA,NA,NA
S01,2018-09-19T15:09:00Z,N,Stormwater,NA,NA,NA,NA,NA,NA,NA,NA
S01,2018-09-19T15:11:00Z,N,Stormwater,NA,NA,NA,NA,NA,NA,NA,NA
S01,2016-09-02T12:45:00Z,N,Baseflow,NA,NA,NA,NA,NA,NA,NA,0.061
S01,2016-09-02T12:50:00Z,N,Baseflow,NA,NA,NA,NA,NA,NA,NA,NA
S01,2016-09-02T12:55:00Z,N,Baseflow,NA,NA,NA,NA,NA,NA,NA,NA
S01,2017-09-24T10:40:00Z,N,Baseflow,NA,NA,NA,NA,NA,NA,NA,NA
S01,2017-09-24T10:43:00Z,N,Baseflow,NA,NA,NA,NA,NA,NA,NA,NA
S01,2017-09-24T10:45:00Z,N,Baseflow,NA,NA,NA,NA,NA,NA,NA,0.043
S01,2017-09-24T10:46:00Z,N,Baseflow,NA,NA,NA,NA,NA,NA,NA,NA
S01,2013-09-26T10:38:00Z,N,Baseflow,NA,NA,NA,NA,NA,NA,NA,0.037
S01,2014-09-26T14:30:00Z,N,Baseflow,NA,NA,NA,NA,NA,NA,NA,0.02
S01,2011-09-06T10:05:00Z,N,Stormwater,NA,NA,NA,NA,NA,NA,0.002,0.03
S01,2012-09-07T18:00:00Z,N,Stormwater,NA,NA,NA,NA,NA,NA,0.003,0.132
S01,2017-09-07T04:30:00Z,N,Stormwater,NA,NA,NA,NA,NA,NA,NA,0.13
S01,2017-09-08T11:44:00Z,N,Stormwater,NA,NA,NA,NA,NA,NA,NA,NA
S01,2017-09-08T11:45:00Z,N,Stormwater,NA,NA,NA,NA,NA,NA,NA,NA
S01,2017-09-08T11:48:00Z,N,Stormwater,NA,NA,NA,NA,NA,NA,NA,NA
S01,2017-09-08T11:51:00Z,N,Stormwater,NA,NA,NA,NA,NA,NA,NA,NA
S01,2017-02-19T11:25:00Z,N,Spring Melt,NA,NA,NA,NA,NA,NA,NA,NA
S01,2017-02-19T11:30:00Z,N,Spring Melt,NA,NA,NA,NA,NA,NA,NA,NA
S01,2017-02-19T11:40:00Z,N,Spring Melt,NA,NA,NA,NA,NA,NA,NA,NA
S01,2018-02-21T15:45:00Z,N,Spring Melt,NA,NA,NA,NA,NA,NA,NA,NA
S01,2018-02-21T15:47:00Z,N,Spring Melt,NA,NA,NA,NA,NA,NA,NA,NA
S01,2018-02-21T15:50:00Z,N,Spring Melt,NA,NA,NA,NA,NA,NA,NA,NA
S01,2018-02-27T09:07:00Z,N,Spring Melt,NA,NA,NA,NA,NA,NA,NA,NA
S01,2018-02-27T09:10:00Z,N,Spring Melt,NA,NA,NA,NA,NA,NA,NA,NA
S01,2018-02-27T09:13:00Z,N,Spring Melt,NA,NA,NA,NA,NA,NA,NA,NA
S01,2018-02-27T09:15:00Z,N,Spring Melt,NA,NA,NA,NA,NA,NA,NA,NA
S01,2017-03-01T12:05:00Z,N,Spring Melt,NA,NA,NA,NA,NA,NA,NA,NA
S01,2017-03-01T12:10:00Z,N,Spring Melt,NA,NA,NA,NA,NA,NA,NA,NA
S01,2017-03-01T12:15:00Z,N,Spring Melt,NA,NA,NA,NA,NA,NA,NA,NA
S01,2019-03-13T16:03:00Z,N,Spring Melt,NA,NA,NA,NA,NA,NA,NA,NA
S01,2019-03-13T16:05:00Z,N,Spring Melt,NA,NA,NA,NA,NA,NA,NA,NA
S01,2019-03-15T14:54:00Z,N,Spring Melt,NA,NA,NA,NA,NA,NA,NA,NA
S01,2019-03-15T14:56:00Z,N,Spring Melt,NA,NA,NA,NA,NA,NA,NA,NA
S01,2019-03-15T14:57:00Z,N,Spring Melt,NA,NA,NA,NA,NA,NA,NA,NA
S01,2017-03-17T13:40:00Z,N,Spring Melt,NA,NA,NA,NA,NA,NA,NA,NA
S01,2017-03-17T13:55:00Z,N,Spring Melt,NA,NA,NA,NA,NA,NA,NA,NA
S01,2019-03-24T17:00:00Z,N,Spring Melt,NA,NA,NA,NA,NA,NA,NA,NA
S01,2019-03-24T17:02:00Z,N,Spring Melt,NA,NA,NA,NA,NA,NA,NA,NA
S01,2018-03-28T16:27:00Z,N,Spring Melt,NA,NA,NA,NA,NA,NA,NA,NA
S01,2018-03-28T16:30:00Z,N,Spring Melt,NA,NA,NA,NA,NA,NA,NA,NA
S01,2018-03-28T16:33:00Z,N,Spring Melt,NA,NA,NA,NA,NA,NA,NA,NA
S01,2018-03-28T16:35:00Z,N,Spring Melt,NA,NA,NA,NA,NA,NA,NA,NA
S01,2018-03-28T16:36:00Z,N,Spring Melt,NA,NA,NA,NA,NA,NA,NA,NA
S01,2019-03-29T08:29:00Z,N,Spring Melt,NA,NA,NA,NA,NA,NA,NA,NA
S01,2019-03-29T08:30:00Z,N,Spring Melt,NA,NA,NA,NA,NA,NA,NA,NA
S01,2018-03-06T14:00:00Z,N,Spring Melt,NA,NA,NA,NA,NA,NA,NA,NA
S01,2018-03-06T14:02:00Z,N,Spring Melt,NA,NA,NA,NA,NA,NA,NA,NA
S01,2018-03-06T14:04:00Z,N,Spring Melt,NA,NA,NA,NA,NA,NA,NA,NA
S01,2017-03-09T13:00:00Z,N,Spring Melt,NA,NA,NA,NA,NA,NA,NA,NA
S01,2017-03-09T13:05:00Z,N,Spring Melt,NA,NA,NA,NA,NA,NA,NA,NA
S01,2017-05-01T12:12:00Z,N,Baseflow,NA,NA,NA,NA,NA,NA,NA,NA
S01,2017-05-01T12:15:00Z,N,Baseflow,NA,NA,NA,NA,NA,NA,NA,1
S01,2017-05-01T12:18:00Z,N,Baseflow,NA,NA,NA,NA,NA,NA,NA,NA
S01,2017-05-01T12:22:00Z,N,Baseflow,NA,NA,NA,NA,NA,NA,NA,NA
S01,2018-05-10T13:04:00Z,N,Baseflow,NA,NA,NA,NA,NA,NA,NA,NA
S01,2018-05-10T13:09:00Z,N,Baseflow,NA,NA,NA,NA,NA,NA,NA,NA
S01,2018-05-10T13:13:00Z,N,Baseflow,NA,NA,NA,NA,NA,NA,NA,NA
S01,2018-05-10T13:15:00Z,N,Baseflow,NA,NA,NA,NA,NA,NA,NA,0
S01,2016-05-12T13:55:00Z,N,Baseflow,NA,NA,NA,NA,NA,NA,NA,NA
S01,2016-05-12T14:05:00Z,N,Baseflow,NA,NA,NA,NA,NA,NA,NA,1
S01,2018-05-19T18:00:00Z,N,Stormwater,NA,NA,NA,NA,NA,NA,NA,1
S01,2018-05-21T12:11:00Z,N,Stormwater,NA,NA,NA,NA,NA,NA,NA,NA
S01,2018-05-21T12:13:00Z,N,Stormwater,NA,NA,NA,NA,NA,NA,NA,NA
S01,2018-05-21T12:15:00Z,N,Stormwater,NA,NA,NA,NA,NA,NA,NA,NA
S01,2017-05-05T17:00:00Z,N,Stormwater,NA,NA,NA,NA,NA,NA,NA,0
S01,2015-05-06T11:00:00Z,N,Baseflow,NA,NA,NA,NA,NA,NA,NA,1
S01,2017-05-07T12:15:00Z,N,Stormwater,NA,NA,NA,NA,NA,NA,NA,NA
S01,2017-05-07T12:18:00Z,N,Stormwater,NA,NA,NA,NA,NA,NA,NA,NA
S01,2017-05-07T12:20:00Z,N,Stormwater,NA,NA,NA,NA,NA,NA,NA,NA
S01,2015-06-01T13:25:00Z,N,Stormwater,NA,NA,NA,NA,NA,NA,NA,1
S01,2019-06-10T09:55:00Z,N,Baseflow,NA,NA,NA,NA,NA,NA,NA,1
S01,2016-06-05T20:30:00Z,N,Stormwater,NA,NA,NA,NA,NA,NA,NA,0
S01,2016-06-07T13:05:00Z,N,Stormwater,NA,NA,NA,NA,NA,NA,NA,NA
S01,2016-06-07T13:10:00Z,N,Stormwater,NA,NA,NA,NA,NA,NA,NA,NA
S01,2015-07-14T11:15:00Z,N,Baseflow,NA,NA,NA,NA,NA,NA,NA,1
S01,2016-07-14T22:30:00Z,N,Stormwater,NA,NA,NA,NA,NA,NA,NA,0
S01,2016-07-15T15:05:00Z,N,Stormwater,NA,NA,NA,NA,NA,NA,NA,NA
S01,2016-07-15T15:10:00Z,N,Stormwater,NA,NA,NA,NA,NA,NA,NA,NA
S01,2017-07-17T13:40:00Z,N,Baseflow,NA,NA,NA,NA,NA,NA,NA,NA
S01,2017-07-17T13:45:00Z,N,Baseflow,NA,NA,NA,NA,NA,NA,NA,NA
S01,2017-07-17T13:50:00Z,N,Baseflow,NA,NA,NA,NA,NA,NA,NA,0
S01,2018-07-17T13:30:00Z,N,Stormwater,NA,NA,NA,NA,NA,NA,NA,0
S01,2017-07-18T13:30:00Z,N,Stormwater,NA,NA,NA,NA,NA,NA,NA,0
S01,2018-07-18T11:31:00Z,N,Stormwater,NA,NA,NA,NA,NA,NA,NA,NA
S01,2018-07-18T11:33:00Z,N,Stormwater,NA,NA,NA,NA,NA,NA,NA,NA
S01,2018-07-18T11:34:00Z,N,Stormwater,NA,NA,NA,NA,NA,NA,NA,NA
S01,2018-07-18T11:37:00Z,N,Stormwater,NA,NA,NA,NA,NA,NA,NA,NA
S01,2017-07-19T12:26:00Z,N,Stormwater,NA,NA,NA,NA,NA,NA,NA,NA
S01,2017-07-19T12:29:00Z,N,Stormwater,NA,NA,NA,NA,NA,NA,NA,NA
S01,2017-07-19T12:30:00Z,N,Stormwater,NA,NA,NA,NA,NA,NA,NA,NA
S01,2017-07-19T12:32:00Z,N,Stormwater,NA,NA,NA,NA,NA,NA,NA,NA
S01,2016-07-05T13:30:00Z,FD,Baseflow,NA,NA,NA,NA,NA,NA,NA,1
S01,2016-07-05T13:30:00Z,N,Baseflow,NA,NA,NA,NA,NA,NA,NA,1
S01,2016-07-05T13:32:00Z,N,Baseflow,NA,NA,NA,NA,NA,NA,NA,NA
S01,2016-07-05T13:40:00Z,N,Baseflow,NA,NA,NA,NA,NA,NA,NA,NA
S01,2018-07-09T12:07:00Z,N,Baseflow,NA,NA,NA,NA,NA,NA,NA,NA
S01,2018-07-09T12:09:00Z,N,Baseflow,NA,NA,NA,NA,NA,NA,NA,NA
S01,2018-07-09T12:10:00Z,N,Baseflow,NA,NA,NA,NA,NA,NA,NA,0
S01,2018-07-09T12:11:00Z,N,Baseflow,NA,NA,NA,NA,NA,NA,NA,NA
S01,2015-08-12T11:00:00Z,N,Stormwater,NA,NA,NA,NA,NA,NA,NA,0
S01,2015-09-11T09:40:00Z,N,Stormwater,NA,NA,NA,NA,NA,NA,NA,0
S01,2016-09-11T11:51:00Z,N,Stormwater,NA,NA,NA,NA,NA,NA,NA,1
S01,2016-09-12T12:06:00Z,N,Stormwater,NA,NA,NA,NA,NA,NA,NA,NA
S01,2016-09-12T12:12:00Z,N,Stormwater,NA,NA,NA,NA,NA,NA,NA,NA
S01,2018-09-17T11:55:00Z,N,Baseflow,NA,NA,NA,NA,NA,NA,NA,NA
S01,2018-09-17T11:57:00Z,N,Baseflow,NA,NA,NA,NA,NA,NA,NA,NA
S01,2018-09-17T11:58:00Z,N,Baseflow,NA,NA,NA,NA,NA,NA,NA,NA
S01,2018-09-17T12:00:00Z,N,Baseflow,NA,NA,NA,NA,NA,NA,NA,1
S01,2015-09-18T10:15:00Z,N,Baseflow,NA,NA,NA,NA,NA,NA,NA,1
S01,2018-09-18T09:51:00Z,N,Stormwater,NA,NA,NA,NA,NA,NA,NA,1
S01,2018-09-19T10:22:00Z,N,Stormwater,NA,NA,NA,NA,NA,NA,NA,NA
S01,2018-09-19T10:23:00Z,N,Stormwater,NA,NA,NA,NA,NA,NA,NA,NA
S01,2018-09-19T10:24:00Z,N,Stormwater,NA,NA,NA,NA,NA,NA,NA,NA
S01,2018-09-19T10:29:00Z,N,Stormwater,NA,NA,NA,NA,NA,NA,NA,NA
S01,2016-09-02T15:40:00Z,N,Baseflow,NA,NA,NA,NA,NA,NA,NA,1
S01,2016-09-02T15:45:00Z,N,Baseflow,NA,NA,NA,NA,NA,NA,NA,NA
S01,2016-09-02T16:00:00Z,N,Baseflow,NA,NA,NA,NA,NA,NA,NA,NA
S01,2016-09-02T16:10:00Z,N,Baseflow,NA,NA,NA,NA,NA,NA,NA,NA
S01,2017-09-24T09:06:00Z,N,Baseflow,NA,NA,NA,NA,NA,NA,NA,NA
S01,2017-09-24T09:09:00Z,N,Baseflow,NA,NA,NA,NA,NA,NA,NA,NA
S01,2017-09-24T09:10:00Z,FD,Baseflow,NA,NA,NA,NA,NA,NA,NA,1
S01,2017-09-24T09:10:00Z,N,Baseflow,NA,NA,NA,NA,NA,NA,NA,1
S01,2017-09-24T09:13:00Z,N,Baseflow,NA,NA,NA,NA,NA,NA,NA,NA
S01,2017-09-07T15:40:00Z,N,Stormwater,NA,NA,NA,NA,NA,NA,NA,NA
S01,2017-09-07T15:43:00Z,N,Stormwater,NA,NA,NA,NA,NA,NA,NA,NA
S01,2017-09-07T15:46:00Z,N,Stormwater,NA,NA,NA,NA,NA,NA,NA,NA
S01,2017-09-07T15:53:00Z,N,Stormwater,NA,NA,NA,NA,NA,NA,NA,NA
S01,2017-09-07T04:30:00Z,N,Stormwater,NA,NA,NA,NA,NA,NA,NA,0
