site,thedate,type,taskcode,Calcium,Magnesium,Potassium,Sodium,CHLORIDE (AS Cl),"Chloride, Calculated",Hardness (As CaCO3),Salinity (from sodium),Specific Conductivity,Total Dissolved Solids
S01,2010-10-21T12:20:00Z,N,Baseflow,NA,NA,NA,NA,270,NA,NA,NA,NA,NA
S01,2012-10-25T14:35:00Z,N,Baseflow,NA,NA,NA,NA,260,NA,100,NA,NA,NA
S01,2012-10-25T14:46:00Z,FD,Baseflow,NA,NA,NA,NA,NA,NA,100,NA,NA,NA
S01,2012-10-25T14:46:00Z,N,Baseflow,NA,NA,NA,NA,260,NA,NA,NA,NA,NA
S01,2010-11-15T11:45:00Z,N,Baseflow,NA,NA,NA,NA,260,NA,NA,NA,NA,NA
S01,2012-11-29T09:01:00Z,N,Baseflow,NA,NA,NA,NA,NA,NA,140,NA,NA,NA
S01,2011-11-09T14:00:00Z,N,Baseflow,NA,NA,NA,NA,300,325.352,110,NA,1180,0.755
S01,2011-03-24T09:20:00Z,N,Baseflow,NA,NA,NA,NA,660,643.208,NA,NA,2300,NA
S01,2011-03-31T08:40:00Z,N,Baseflow,NA,NA,NA,NA,640,654.56,NA,NA,2340,NA
S01,2012-04-19T10:45:00Z,N,Baseflow,NA,NA,NA,NA,700,719.834,NA,1.3,2570,1.65
S01,2017-05-01T10:45:00Z,N,Baseflow,NA,NA,NA,NA,610,592.124,110,NA,2120,NA
S01,2017-05-01T10:50:00Z,N,Baseflow,NA,NA,NA,NA,NA,592.124,NA,NA,2120,NA
S01,2017-05-01T10:55:00Z,N,Baseflow,NA,NA,NA,NA,NA,591.8402,NA,NA,2119,NA
S01,2018-05-10T11:54:00Z,N,Baseflow,NA,NA,NA,NA,NA,786.2432,NA,NA,2804,NA
S01,2018-05-10T12:10:00Z,N,Baseflow,NA,NA,NA,NA,840,NA,160,NA,NA,NA
S01,2018-05-10T12:15:00Z,FD,Baseflow,NA,NA,NA,NA,NA,NA,160,NA,NA,NA
S01,2018-05-10T12:15:00Z,N,Baseflow,NA,NA,NA,NA,840,NA,NA,NA,NA,NA
S01,2018-05-10T12:17:00Z,N,Baseflow,NA,NA,NA,NA,NA,785.108,NA,NA,2800,NA
S01,2016-05-12T13:00:00Z,N,Baseflow,NA,NA,NA,NA,780,NA,179,NA,NA,NA
S01,2016-05-12T12:50:00Z,N,Baseflow,NA,NA,NA,NA,NA,734.024,NA,NA,2620,NA
S01,2014-05-14T09:22:00Z,FD,Baseflow,NA,NA,NA,NA,NA,NA,171,NA,NA,NA
S01,2014-05-14T09:22:00Z,N,Baseflow,49.3,11.5,NA,NA,720,745.376,170,NA,2660,NA
S01,2013-05-29T08:30:00Z,N,Baseflow,NA,NA,NA,NA,420,419.006,97,0.8,1510,0.967
S01,2015-05-06T10:20:00Z,N,Baseflow,58.5,12500,NA,NA,950,972.416,198,NA,3460,NA
S01,2015-05-06T10:25:00Z,FD,Baseflow,58.4,12600,NA,NA,NA,NA,198,NA,NA,NA
S01,2015-05-06T10:25:00Z,N,Baseflow,NA,NA,NA,NA,960,NA,NA,NA,NA,NA
S01,2019-06-10T09:15:00Z,N,Baseflow,NA,NA,NA,NA,620,NA,140,NA,NA,NA
S01,2012-06-12T08:30:00Z,N,Baseflow,NA,NA,NA,NA,350,376.436,NA,NA,1360,0.874
S01,2013-06-20T08:40:00Z,N,Baseflow,NA,NA,NA,NA,470,492.794,110,0.5,1770,1.13
S01,2011-07-13T11:05:00Z,N,Baseflow,NA,NA,NA,NA,500,546.716,160,NA,1960,1.26
S01,2011-07-13T11:10:00Z,FD,Baseflow,NA,NA,NA,NA,NA,NA,NA,NA,NA,NA
S01,2012-07-13T11:00:00Z,N,Baseflow,NA,NA,NA,NA,480,501.308,NA,NA,1800,1.15
S01,2015-07-14T10:20:00Z,N,Baseflow,54.3,11200,NA,NA,840,884.438,NA,NA,3150,NA
S01,2015-07-14T10:30:00Z,FD,Baseflow,54.4,11100,NA,NA,NA,NA,181,NA,NA,NA
S01,2015-07-14T10:30:00Z,N,Baseflow,NA,NA,NA,NA,860,NA,NA,NA,NA,NA
S01,2017-07-17T12:20:00Z,N,Baseflow,NA,NA,NA,NA,750,NA,180,NA,NA,NA
S01,2017-07-17T12:25:00Z,FD,Baseflow,NA,NA,NA,NA,NA,NA,190,NA,NA,NA
S01,2017-07-17T12:25:00Z,N,Baseflow,NA,NA,NA,NA,760,421.844,NA,NA,1520,NA
S01,2017-07-17T12:35:00Z,N,Baseflow,NA,NA,NA,NA,NA,422.1278,NA,NA,1521,NA
S01,2014-07-22T10:25:00Z,FD,Baseflow,NA,NA,NA,NA,NA,NA,146,NA,NA,NA
S01,2014-07-22T10:25:00Z,N,Baseflow,43.4,9.46,NA,NA,610,592.124,147,NA,2120,NA
S01,2016-07-05T12:30:00Z,N,Baseflow,NA,NA,NA,NA,590,NA,163,NA,NA,NA
S01,2016-07-05T12:35:00Z,N,Baseflow,NA,NA,NA,NA,NA,592.124,NA,NA,2120,NA
S01,2016-07-05T12:41:00Z,N,Baseflow,NA,NA,NA,NA,NA,594.962,NA,NA,2130,NA
S01,2018-07-09T09:40:00Z,N,Baseflow,NA,NA,NA,NA,890,NA,170,NA,NA,NA
S01,2018-07-09T09:44:00Z,N,Baseflow,NA,NA,NA,NA,NA,777.7292,NA,NA,2774,NA
S01,2018-07-09T09:46:00Z,N,Baseflow,NA,NA,NA,NA,NA,777.1616,NA,NA,2772,NA
S01,2018-07-09T09:47:00Z,N,Baseflow,NA,NA,NA,NA,NA,776.594,NA,NA,2770,NA
S01,2013-08-01T11:30:00Z,N,Baseflow,43,7.64,NA,NA,380,NA,139,NA,NA,NA
S01,2013-08-01T11:35:00Z,FD,Baseflow,42.4,7.16,NA,NA,NA,NA,135,NA,NA,NA
S01,2013-08-01T11:35:00Z,N,Baseflow,NA,NA,NA,NA,390,NA,NA,NA,NA,NA
S01,2010-08-19T13:15:00Z,N,Baseflow,NA,NA,NA,NA,290,NA,NA,NA,NA,NA
S01,2011-08-25T10:50:00Z,N,Baseflow,NA,NA,NA,NA,360,376.436,110,NA,1360,0.873
S01,2010-09-01T10:15:00Z,N,Baseflow,NA,NA,NA,NA,350,NA,NA,NA,NA,NA
S01,2010-09-01T10:20:00Z,N,Baseflow,NA,NA,NA,NA,NA,NA,NA,NA,NA,NA
S01,2015-09-11T09:10:00Z,N,Baseflow,47,10300,NA,NA,520,NA,160,NA,NA,NA
S01,2011-09-12T11:15:00Z,N,Baseflow,32,7.2,7,200,340,384.95,110,NA,1390,0.89
S01,2011-09-12T11:20:00Z,N,Baseflow,32,7.3,7.2,200,340,NA,110,NA,NA,NA
S01,2012-09-14T07:40:00Z,N,Baseflow,NA,NA,NA,NA,340,387.788,120,0.7,1400,0.894
S01,2012-09-14T07:45:00Z,FD,Baseflow,NA,NA,NA,NA,NA,NA,120,NA,NA,NA
S01,2012-09-14T07:45:00Z,N,Baseflow,NA,NA,NA,NA,340,NA,NA,NA,NA,NA
S01,2018-09-17T11:07:00Z,N,Baseflow,NA,NA,NA,NA,NA,489.956,NA,NA,1760,NA
S01,2018-09-17T11:08:00Z,N,Baseflow,NA,NA,NA,NA,500,NA,130,NA,NA,NA
S01,2018-09-17T11:09:00Z,N,Baseflow,NA,NA,NA,NA,NA,490.5236,NA,NA,1762,NA
S01,2018-09-17T11:11:00Z,N,Baseflow,NA,NA,NA,NA,NA,491.0912,NA,NA,1764,NA
S01,2015-09-18T09:15:00Z,N,Baseflow,44.4,9060,NA,NA,530,NA,148,NA,NA,NA
S01,2015-09-18T09:20:00Z,FD,Baseflow,45.2,9210,NA,NA,NA,NA,151,NA,NA,NA
S01,2015-09-18T09:20:00Z,N,Baseflow,NA,NA,NA,NA,520,NA,NA,NA,NA,NA
S01,2016-09-02T17:10:00Z,FD,Baseflow,NA,NA,NA,NA,NA,NA,142,NA,NA,NA
S01,2016-09-02T17:10:00Z,N,Baseflow,NA,NA,NA,NA,450,NA,NA,NA,NA,NA
S01,2016-09-02T17:15:00Z,N,Baseflow,NA,NA,NA,NA,460,NA,145,NA,NA,NA
S01,2016-09-02T17:30:00Z,N,Baseflow,NA,NA,NA,NA,NA,226.3058,NA,NA,831,NA
S01,2016-09-02T17:35:00Z,N,Baseflow,NA,NA,NA,NA,NA,226.5896,NA,NA,832,NA
S01,2016-09-02T17:40:00Z,N,Baseflow,NA,NA,NA,NA,NA,226.8734,NA,NA,833,NA
S01,2017-09-24T08:04:00Z,N,Baseflow,NA,NA,NA,NA,NA,671.588,NA,NA,2400,NA
S01,2017-09-24T08:05:00Z,N,Baseflow,NA,NA,NA,NA,700,NA,170,NA,NA,NA
S01,2017-09-24T08:07:00Z,N,Baseflow,NA,NA,NA,NA,NA,670.4528,NA,NA,2396,NA
S01,2017-09-24T08:09:00Z,N,Baseflow,NA,NA,NA,NA,NA,670.4528,NA,NA,2396,NA
S01,2013-09-26T08:50:00Z,FD,Baseflow,NA,NA,NA,NA,NA,NA,NA,NA,NA,NA
S01,2013-09-26T08:50:00Z,N,Baseflow,35.8,7.76,NA,NA,390,NA,121,NA,NA,NA
S01,2013-09-26T08:55:00Z,FD,Baseflow,36.5,7.91,NA,NA,NA,NA,124,NA,NA,NA
S01,2013-09-26T08:55:00Z,N,Baseflow,NA,NA,NA,NA,380,NA,NA,NA,NA,NA
S01,2014-09-26T13:15:00Z,FD,Baseflow,NA,NA,NA,NA,NA,NA,139,NA,NA,NA
S01,2014-09-26T13:15:00Z,N,Baseflow,39.5,9.02,NA,NA,490,436.034,136,NA,1570,NA
S01,2012-02-17T09:35:00Z,N,Spring Melt,NA,NA,NA,NA,600,558.068,NA,NA,2000,NA
S01,2012-02-17T09:40:00Z,N,Spring Melt,NA,NA,NA,NA,590,558.068,NA,NA,2000,NA
S01,2017-02-19T10:15:00Z,N,Spring Melt,NA,NA,NA,NA,420,NA,NA,NA,NA,NA
S01,2017-02-19T10:25:00Z,N,Spring Melt,NA,NA,NA,NA,NA,392.045,NA,NA,1415,NA
S01,2017-02-19T10:30:00Z,N,Spring Melt,NA,NA,NA,NA,NA,390.9098,NA,NA,1411,NA
S01,2017-02-19T10:45:00Z,N,Spring Melt,NA,NA,NA,NA,NA,388.3556,NA,NA,1402,NA
S01,2018-02-21T15:26:00Z,N,Spring Melt,NA,NA,NA,NA,NA,771.4856,NA,NA,2752,NA
S01,2018-02-21T15:28:00Z,N,Spring Melt,NA,NA,NA,NA,NA,767.5124,NA,NA,2738,NA
S01,2018-02-21T15:30:00Z,N,Spring Melt,NA,NA,NA,NA,870,766.0934,NA,NA,2733,NA
S01,2018-02-27T08:39:00Z,N,Spring Melt,NA,NA,NA,NA,NA,786.527,NA,NA,2805,NA
S01,2018-02-27T08:44:00Z,N,Spring Melt,NA,NA,NA,NA,NA,787.3784,NA,NA,2808,NA
S01,2018-02-27T08:49:00Z,N,Spring Melt,NA,NA,NA,NA,NA,788.5136,NA,NA,2812,NA
S01,2018-02-27T08:53:00Z,N,Spring Melt,NA,NA,NA,NA,910,NA,NA,NA,NA,NA
S01,2017-03-01T10:25:00Z,N,Spring Melt,NA,NA,NA,NA,320,NA,NA,NA,NA,NA
S01,2017-03-01T10:27:00Z,N,Spring Melt,NA,NA,NA,NA,NA,298.6748,NA,NA,1086,NA
S01,2017-03-01T10:45:00Z,N,Spring Melt,NA,NA,NA,NA,NA,292.715,NA,NA,1065,NA
S01,2017-03-01T10:50:00Z,N,Spring Melt,NA,NA,NA,NA,NA,292.1474,NA,NA,1063,NA
S01,2013-03-13T11:15:00Z,N,Spring Melt,NA,NA,NA,NA,230,246.1718,48,0.4,901,NA
S01,2019-03-13T15:38:00Z,N,Spring Melt,NA,NA,NA,NA,NA,1001.6474,NA,NA,3563,NA
S01,2019-03-13T15:40:00Z,N,Spring Melt,NA,NA,NA,NA,1100,NA,NA,NA,NA,NA
S01,2019-03-13T15:41:00Z,N,Spring Melt,NA,NA,NA,NA,1100,NA,NA,NA,NA,NA
S01,2012-03-14T09:45:00Z,N,Spring Melt,NA,NA,NA,NA,440,470.09,NA,NA,1690,1.08
S01,2014-03-14T12:55:00Z,FD,Spring Melt,NA,NA,NA,NA,NA,NA,130,NA,NA,NA
S01,2014-03-14T12:55:00Z,N,Spring Melt,NA,NA,NA,NA,840,NA,130,NA,NA,NA
S01,2019-03-15T14:37:00Z,N,Spring Melt,NA,NA,NA,NA,NA,548.7026,NA,NA,1967,NA
S01,2019-03-15T14:38:00Z,N,Spring Melt,NA,NA,NA,NA,600,NA,NA,NA,NA,NA
S01,2012-03-16T13:50:00Z,N,Spring Melt,NA,NA,NA,NA,480,489.956,NA,0.9,1760,1.13
S01,2012-03-16T13:55:00Z,FD,Spring Melt,NA,NA,NA,NA,NA,NA,NA,NA,NA,NA
S01,2012-03-16T13:55:00Z,N,Spring Melt,NA,NA,NA,NA,470,NA,NA,NA,NA,NA
S01,2017-03-17T12:45:00Z,N,Spring Melt,NA,NA,NA,NA,NA,125.8406,NA,NA,477,NA
S01,2017-03-17T12:50:00Z,N,Spring Melt,NA,NA,NA,NA,NA,126.692,NA,NA,480,NA
S01,2017-03-17T12:55:00Z,N,Spring Melt,NA,NA,NA,NA,120,NA,NA,NA,NA,NA
S01,2014-03-20T13:40:00Z,FD,Spring Melt,NA,NA,NA,NA,NA,NA,66,NA,NA,NA
S01,2014-03-20T13:40:00Z,N,Spring Melt,NA,NA,NA,NA,660,543.878,64,NA,1950,NA
S01,2012-03-22T09:20:00Z,N,Spring Melt,NA,NA,NA,NA,560,552.392,NA,1,1980,1.27
S01,2019-03-24T16:43:00Z,N,Spring Melt,NA,NA,NA,NA,NA,497.9024,NA,NA,1788,NA
S01,2019-03-24T16:45:00Z,N,Spring Melt,NA,NA,NA,NA,580,NA,NA,NA,NA,NA
S01,2013-03-28T12:06:00Z,N,Spring Melt,NA,NA,NA,NA,450,464.414,98,0.8,1670,1.07
S01,2013-03-28T12:09:00Z,FD,Spring Melt,NA,NA,NA,NA,NA,NA,97,NA,NA,NA
S01,2013-03-28T12:09:00Z,N,Spring Melt,NA,NA,NA,NA,NA,NA,NA,NA,NA,NA
S01,2014-03-28T12:43:00Z,FD,Spring Melt,NA,NA,NA,NA,NA,NA,180,NA,NA,NA
S01,2014-03-28T12:43:00Z,N,Spring Melt,NA,NA,NA,NA,890,958.226,190,NA,3410,NA
S01,2018-03-28T16:51:00Z,N,Spring Melt,NA,NA,NA,NA,NA,801.8522,NA,NA,2859,NA
S01,2018-03-28T16:54:00Z,N,Spring Melt,NA,NA,NA,NA,NA,800.717,NA,NA,2855,NA
S01,2018-03-28T16:57:00Z,N,Spring Melt,NA,NA,NA,NA,NA,797.3114,NA,NA,2843,NA
S01,2018-03-28T16:58:00Z,N,Spring Melt,NA,NA,NA,NA,940,NA,NA,NA,NA,NA
S01,2019-03-29T08:07:00Z,N,Spring Melt,NA,NA,NA,NA,NA,568.2848,NA,NA,2036,NA
S01,2019-03-29T08:09:00Z,N,Spring Melt,NA,NA,NA,NA,620,NA,NA,NA,NA,NA
S01,2013-03-06T12:10:00Z,N,Spring Melt,NA,NA,NA,NA,550,594.962,100,1,2130,1.36
S01,2013-03-06T12:20:00Z,FD,Spring Melt,NA,NA,NA,NA,NA,NA,100,NA,NA,NA
S01,2013-03-06T12:20:00Z,N,Spring Melt,NA,NA,NA,NA,560,NA,NA,NA,NA,NA
S01,2018-03-06T13:36:00Z,N,Spring Melt,NA,NA,NA,NA,NA,810.3662,NA,NA,2889,NA
S01,2018-03-06T13:39:00Z,N,Spring Melt,NA,NA,NA,NA,NA,809.5148,NA,NA,2886,NA
S01,2018-03-06T13:40:00Z,N,Spring Melt,NA,NA,NA,NA,1000,NA,NA,NA,NA,NA
S01,2018-03-06T13:41:00Z,N,Spring Melt,NA,NA,NA,NA,NA,809.231,NA,NA,2885,NA
S01,2017-03-09T12:00:00Z,N,Spring Melt,NA,NA,NA,NA,190,179.4788,NA,NA,666,NA
S01,2017-03-09T12:05:00Z,N,Spring Melt,NA,NA,NA,NA,NA,191.3984,NA,NA,708,NA
S01,2013-04-02T09:55:00Z,N,Spring Melt,NA,NA,NA,NA,390,419.006,88,0.7,1510,0.968
S01,2014-04-08T13:25:00Z,FD,Spring Melt,NA,NA,NA,NA,NA,NA,56,NA,NA,NA
S01,2014-04-08T13:25:00Z,N,Spring Melt,NA,NA,NA,NA,280,244.469,48,NA,895,NA
S01,2010-10-01T16:00:00Z,N,Stormwater,NA,NA,NA,NA,51,NA,NA,NA,NA,NA
S01,2010-10-01T16:05:00Z,FD,Stormwater,NA,NA,NA,NA,NA,NA,NA,NA,NA,NA
S01,2010-10-01T16:05:00Z,N,Stormwater,NA,NA,NA,NA,52,NA,NA,NA,NA,NA
S01,2012-10-11T14:36:00Z,N,Stormwater,NA,NA,NA,NA,340,356.57,NA,0.6,1290,0.831
S01,2010-10-15T08:50:00Z,N,Stormwater,NA,NA,NA,NA,21,NA,NA,NA,NA,NA
S01,2010-10-15T08:55:00Z,FD,Stormwater,NA,NA,NA,NA,NA,NA,NA,NA,NA,NA
S01,2010-10-15T08:55:00Z,N,Stormwater,NA,NA,NA,NA,21,NA,NA,NA,NA,NA
S01,2014-10-17T08:35:00Z,FD,Stormwater,NA,NA,NA,NA,NA,NA,41.9,NA,NA,NA
S01,2014-10-17T08:35:00Z,N,Stormwater,8.88,3.28,NA,NA,91,127.8272,35.7,NA,484,NA
S01,2011-10-25T11:00:00Z,N,Stormwater,NA,NA,NA,NA,180,263.4836,74,NA,962,0.618
S01,2010-10-06T14:00:00Z,N,Stormwater,NA,NA,NA,NA,75,NA,NA,NA,NA,NA
S01,2014-10-06T09:35:00Z,FD,Stormwater,NA,NA,NA,NA,NA,NA,99.4,NA,NA,NA
S01,2014-10-06T09:35:00Z,N,Stormwater,29.8,7,NA,NA,390,333.866,103,NA,1210,NA
S01,2011-11-30T09:10:00Z,N,Stormwater,NA,NA,NA,NA,200,NA,54,NA,NA,NA
S01,2011-04-11T12:25:00Z,N,Stormwater,NA,NA,NA,NA,160,167.2754,NA,NA,623,40
S01,2011-04-11T12:26:00Z,FD,Stormwater,NA,NA,NA,NA,NA,NA,NA,NA,NA,40
S01,2011-04-11T12:26:00Z,N,Stormwater,NA,NA,NA,NA,160,167.2754,NA,NA,623,NA
S01,2011-04-05T08:30:00Z,N,Stormwater,NA,NA,NA,NA,450,458.738,NA,NA,1650,NA
S01,2011-04-05T08:32:00Z,FD,Stormwater,NA,NA,NA,NA,NA,NA,NA,NA,NA,NA
S01,2011-04-05T08:32:00Z,N,Stormwater,NA,NA,NA,NA,450,458.738,NA,NA,1650,NA
S01,2011-05-16T00:00:00Z,N,Stormwater,NA,NA,NA,NA,510,472.928,130,NA,1700,1.09
S01,2011-05-16T09:30:00Z,N,Stormwater,NA,NA,NA,NA,NA,205.3046,NA,NA,757,0.485
S01,2018-05-19T18:00:00Z,N,Stormwater,NA,NA,NA,NA,NA,NA,180,NA,NA,NA
S01,2018-05-21T11:34:00Z,N,Stormwater,NA,NA,NA,NA,NA,741.119,NA,NA,2645,NA
S01,2018-05-21T11:35:00Z,N,Stormwater,NA,NA,NA,NA,800,NA,NA,NA,NA,NA
S01,2018-05-21T11:36:00Z,N,Stormwater,NA,NA,NA,NA,NA,741.6866,NA,NA,2647,NA
S01,2018-05-21T11:38:00Z,N,Stormwater,NA,NA,NA,NA,NA,740.8352,NA,NA,2644,NA
S01,2017-05-05T17:00:00Z,N,Stormwater,NA,NA,NA,NA,NA,NA,68,NA,NA,NA
S01,2017-05-07T11:37:00Z,N,Stormwater,NA,NA,NA,NA,NA,442.8452,NA,NA,1594,NA
S01,2017-05-07T11:40:00Z,N,Stormwater,NA,NA,NA,NA,450,NA,NA,NA,NA,NA
S01,2017-05-07T11:42:00Z,N,Stormwater,NA,NA,NA,NA,NA,443.129,NA,NA,1595,NA
S01,2015-06-01T12:40:00Z,FD,Stormwater,39.4,8000,NA,NA,NA,NA,131,NA,NA,NA
S01,2015-06-01T12:40:00Z,N,Stormwater,41.9,8240,NA,NA,580,189.9794,139,NA,703,NA
S01,2014-06-13T11:40:00Z,FD,Stormwater,NA,NA,NA,NA,NA,NA,181,NA,NA,NA
S01,2014-06-13T11:40:00Z,N,Stormwater,47.4,12.4,NA,NA,720,175.2218,169,NA,651,NA
S01,2011-06-27T10:30:00Z,N,Stormwater,NA,NA,NA,NA,NA,356.57,NA,NA,1290,0.827
S01,2016-06-05T20:30:00Z,N,Stormwater,NA,NA,NA,NA,830,NA,190,NA,NA,NA
S01,2016-06-07T14:45:00Z,N,Stormwater,NA,NA,NA,NA,NA,390.626,NA,NA,1410,NA
S01,2016-06-07T14:50:00Z,N,Stormwater,NA,NA,NA,NA,NA,390.626,NA,NA,1410,NA
S01,2016-07-14T22:30:00Z,N,Stormwater,NA,NA,NA,NA,500,NA,147,NA,NA,NA
S01,2016-07-15T14:05:00Z,N,Stormwater,NA,NA,NA,NA,NA,404.816,NA,NA,1460,NA
S01,2016-07-15T14:08:00Z,N,Stormwater,NA,NA,NA,NA,NA,404.816,NA,NA,1460,NA
S01,2018-07-17T13:30:00Z,N,Stormwater,NA,NA,NA,NA,NA,NA,84,NA,NA,NA
S01,2017-07-18T13:30:00Z,N,Stormwater,NA,NA,NA,NA,NA,NA,72,NA,NA,NA
S01,2018-07-18T10:40:00Z,N,Stormwater,NA,NA,NA,NA,370,NA,NA,NA,NA,NA
S01,2018-07-18T10:51:00Z,N,Stormwater,NA,NA,NA,NA,NA,326.771,NA,NA,1185,NA
S01,2018-07-18T10:52:00Z,N,Stormwater,NA,NA,NA,NA,NA,326.771,NA,NA,1185,NA
S01,2018-07-18T10:53:00Z,N,Stormwater,NA,NA,NA,NA,NA,326.771,NA,NA,1185,NA
S01,2017-07-19T11:33:00Z,N,Stormwater,NA,NA,NA,NA,460,462.995,NA,NA,1665,NA
S01,2017-07-19T11:36:00Z,N,Stormwater,NA,NA,NA,NA,NA,462.995,NA,NA,1665,NA
S01,2012-07-26T13:20:00Z,N,Stormwater,NA,NA,NA,NA,390,455.9,NA,NA,1640,1.04
S01,2011-08-10T16:40:00Z,N,Stormwater,NA,NA,NA,NA,300,261.2132,NA,NA,954,0.611
S01,2015-08-12T09:10:00Z,FD,Stormwater,39.6,8500,NA,NA,NA,NA,134,NA,NA,NA
S01,2015-08-12T09:10:00Z,N,Stormwater,NA,NA,NA,NA,530,NA,NA,NA,NA,NA
S01,2015-08-12T09:30:00Z,N,Stormwater,39.1,8150,NA,NA,540,549.554,131,NA,1970,NA
S01,2013-08-02T10:50:00Z,FD,Stormwater,NA,NA,NA,NA,NA,NA,NA,NA,NA,NA
S01,2013-08-02T10:50:00Z,N,Stormwater,23.9,6.26,NA,NA,250,NA,85.4,NA,NA,NA
S01,2013-08-02T10:55:00Z,FD,Stormwater,28,6.78,NA,NA,NA,NA,97.9,NA,NA,NA
S01,2013-08-02T10:55:00Z,N,Stormwater,NA,NA,NA,NA,260,NA,NA,NA,NA,NA
S01,2011-08-07T10:05:00Z,N,Stormwater,NA,NA,NA,NA,NA,NA,NA,NA,NA,NA
S01,2015-09-11T09:15:00Z,FD,Stormwater,45.2,9390,NA,NA,NA,NA,152,NA,NA,NA
S01,2015-09-11T09:15:00Z,N,Stormwater,NA,NA,NA,NA,540,NA,NA,NA,NA,NA
S01,2016-09-11T11:51:00Z,N,Stormwater,NA,NA,NA,NA,540,NA,171,NA,NA,NA
S01,2011-09-12T11:30:00Z,N,Stormwater,NA,NA,NA,NA,310,NA,NA,NA,NA,NA
S01,2011-09-12T11:35:00Z,FD,Stormwater,NA,NA,NA,NA,NA,NA,NA,NA,NA,NA
S01,2011-09-12T11:35:00Z,N,Stormwater,NA,NA,NA,NA,NA,NA,NA,NA,NA,NA
S01,2016-09-12T10:35:00Z,N,Stormwater,NA,NA,NA,NA,NA,430.358,NA,NA,1550,NA
S01,2016-09-12T10:40:00Z,N,Stormwater,NA,NA,NA,NA,NA,430.358,NA,NA,1550,NA
S01,2016-09-12T10:45:00Z,N,Stormwater,NA,NA,NA,NA,NA,430.358,NA,NA,1550,NA
S01,2013-09-13T11:40:00Z,FD,Stormwater,NA,NA,NA,NA,NA,NA,NA,NA,NA,NA
S01,2013-09-13T11:40:00Z,N,Stormwater,20.3,4.43,NA,NA,190,NA,68.8,NA,NA,NA
S01,2013-09-13T11:45:00Z,FD,Stormwater,20.1,4.84,NA,NA,NA,NA,70.2,NA,NA,NA
S01,2013-09-13T11:45:00Z,N,Stormwater,NA,NA,NA,NA,200,NA,NA,NA,NA,NA
S01,2018-09-18T09:51:00Z,N,Stormwater,NA,NA,NA,NA,NA,NA,140,NA,NA,NA
S01,2018-09-19T09:15:00Z,N,Stormwater,NA,NA,NA,NA,NA,345.218,NA,NA,1250,NA
S01,2018-09-19T09:16:00Z,N,Stormwater,NA,NA,NA,NA,NA,345.218,NA,NA,1250,NA
S01,2018-09-19T09:17:00Z,N,Stormwater,NA,NA,NA,NA,NA,345.218,NA,NA,1250,NA
S01,2018-09-19T09:22:00Z,N,Stormwater,NA,NA,NA,NA,330,NA,NA,NA,NA,NA
S01,2010-09-28T08:45:00Z,N,Stormwater,NA,NA,NA,NA,220,NA,NA,NA,NA,NA
S01,2012-09-07T10:01:00Z,N,Stormwater,NA,NA,NA,NA,290,336.704,110,NA,1220,0.779
S01,2012-09-07T10:05:00Z,FD,Stormwater,NA,NA,NA,NA,NA,NA,110,NA,NA,NA
S01,2012-09-07T10:05:00Z,N,Stormwater,NA,NA,NA,NA,280,NA,NA,NA,NA,NA
S01,2017-09-07T13:25:00Z,N,Stormwater,NA,NA,NA,NA,NA,165.005,NA,NA,615,NA
S01,2017-09-07T13:28:00Z,N,Stormwater,NA,NA,NA,NA,NA,164.7212,NA,NA,614,NA
S01,2017-09-07T13:37:00Z,N,Stormwater,NA,NA,NA,NA,NA,165.005,NA,NA,615,NA
S01,2017-09-07T12:44:00Z,N,Stormwater,NA,NA,NA,NA,160,NA,NA,NA,NA,NA
S01,2017-09-07T04:30:00Z,N,Stormwater,NA,NA,NA,NA,NA,NA,89,NA,NA,NA
S01,2010-10-01T16:00:00Z,N,Stormwater,NA,NA,NA,NA,40,NA,NA,NA,NA,NA
S01,2012-10-11T15:07:00Z,N,Stormwater,NA,NA,NA,NA,120,63.6884,NA,0,258,0
S01,2010-10-15T09:20:00Z,N,Stormwater,NA,NA,NA,NA,30,NA,NA,NA,NA,NA
S01,2014-10-17T09:20:00Z,N,Stormwater,1,1,NA,NA,120,183.1682,1,NA,679,NA
S01,2010-10-21T13:25:00Z,N,Baseflow,NA,NA,NA,NA,250,NA,NA,NA,NA,NA
S01,2011-10-25T11:20:00Z,N,Stormwater,NA,NA,NA,NA,200,252.983,1,NA,925,0
S01,2012-10-25T15:20:00Z,N,Baseflow,NA,NA,NA,NA,220,NA,1,NA,NA,NA
S01,2010-10-06T13:15:00Z,N,Stormwater,NA,NA,NA,NA,48,NA,NA,NA,NA,NA
S01,2014-10-06T10:05:00Z,N,Stormwater,1,1,NA,NA,150,162.4508,1,NA,606,NA
S01,2010-11-15T13:20:00Z,N,Baseflow,NA,NA,NA,NA,240,NA,NA,NA,NA,NA
S01,2012-11-29T07:55:00Z,N,Baseflow,NA,NA,NA,NA,280,NA,1,NA,NA,NA
S01,2011-11-30T09:35:00Z,N,Stormwater,NA,NA,NA,NA,200,NA,1,NA,NA,NA
S01,2011-11-09T14:40:00Z,N,Baseflow,NA,NA,NA,NA,260,319.676,1,NA,1160,0
S01,2012-02-17T10:00:00Z,N,Spring Melt,NA,NA,NA,NA,450,472.928,NA,NA,1700,NA
S01,2017-02-19T12:00:00Z,N,Spring Melt,NA,NA,NA,NA,830,NA,NA,NA,NA,NA
S01,2017-02-19T12:07:00Z,N,Spring Melt,NA,NA,NA,NA,NA,833.6378,NA,NA,2971,NA
S01,2017-02-19T12:15:00Z,N,Spring Melt,NA,NA,NA,NA,NA,833.6378,NA,NA,2971,NA
S01,2018-02-21T16:02:00Z,N,Spring Melt,NA,NA,NA,NA,NA,516.6332,NA,NA,1854,NA
S01,2018-02-21T16:04:00Z,N,Spring Melt,NA,NA,NA,NA,NA,515.7818,NA,NA,1851,NA
S01,2018-02-21T16:05:00Z,N,Spring Melt,NA,NA,NA,NA,560,NA,NA,NA,NA,NA
S01,2018-02-21T16:06:00Z,N,Spring Melt,NA,NA,NA,NA,NA,515.498,NA,NA,1850,NA
S01,2018-02-27T09:29:00Z,N,Spring Melt,NA,NA,NA,NA,NA,800.1494,NA,NA,2853,NA
S01,2018-02-27T09:32:00Z,N,Spring Melt,NA,NA,NA,NA,NA,799.8656,NA,NA,2852,NA
S01,2018-02-27T09:35:00Z,N,Spring Melt,NA,NA,NA,NA,NA,800.1494,NA,NA,2853,NA
S01,2018-02-27T09:37:00Z,N,Spring Melt,NA,NA,NA,NA,890,NA,NA,NA,NA,NA
S01,2017-03-01T13:30:00Z,N,Spring Melt,NA,NA,NA,NA,NA,461.2922,NA,NA,1659,NA
S01,2017-03-01T13:35:00Z,N,Spring Melt,NA,NA,NA,NA,490,NA,NA,NA,NA,NA
S01,2017-03-01T13:40:00Z,N,Spring Melt,NA,NA,NA,NA,NA,461.2922,NA,NA,1659,NA
S01,2013-03-13T12:30:00Z,N,Spring Melt,NA,NA,NA,NA,270,298.6748,1,0,1086,NA
S01,2019-03-13T16:19:00Z,N,Spring Melt,NA,NA,NA,NA,NA,663.3578,NA,NA,2371,NA
S01,2019-03-13T16:20:00Z,N,Spring Melt,NA,NA,NA,NA,690,NA,NA,NA,NA,NA
S01,2012-03-14T10:20:00Z,N,Spring Melt,NA,NA,NA,NA,440,470.09,NA,NA,1690,1
S01,2014-03-14T13:57:00Z,N,Spring Melt,NA,NA,NA,NA,1000,NA,1,NA,NA,NA
S01,2019-03-15T15:10:00Z,N,Spring Melt,NA,NA,NA,NA,NA,368.7734,NA,NA,1333,NA
S01,2019-03-15T15:11:00Z,N,Spring Melt,NA,NA,NA,NA,370,NA,NA,NA,NA,NA
S01,2012-03-16T14:35:00Z,N,Spring Melt,NA,NA,NA,NA,510,529.688,NA,0,1900,1
S01,2017-03-17T14:40:00Z,N,Spring Melt,NA,NA,NA,NA,440,NA,NA,NA,NA,NA
S01,2017-03-17T14:45:00Z,N,Spring Melt,NA,NA,NA,NA,NA,445.6832,NA,NA,1604,NA
S01,2017-03-17T14:50:00Z,N,Spring Melt,NA,NA,NA,NA,NA,445.3994,NA,NA,1603,NA
S01,2014-03-20T14:13:00Z,N,Spring Melt,NA,NA,NA,NA,460,424.682,1,NA,1530,NA
S01,2012-03-22T10:00:00Z,N,Spring Melt,NA,NA,NA,NA,470,498.47,NA,0,1790,1
S01,2011-03-24T09:55:00Z,N,Baseflow,NA,NA,NA,NA,610,617.0984,NA,NA,2208,NA
S01,2019-03-24T17:14:00Z,N,Spring Melt,NA,NA,NA,NA,NA,603.476,NA,NA,2160,NA
S01,2019-03-24T17:15:00Z,N,Spring Melt,NA,NA,NA,NA,670,NA,NA,NA,NA,NA
S01,2013-03-28T13:05:00Z,N,Spring Melt,NA,NA,NA,NA,490,526.85,1,0,1890,1
S01,2014-03-28T13:45:00Z,N,Spring Melt,NA,NA,NA,NA,690,819.164,1,NA,2920,NA
S01,2018-03-28T17:12:00Z,N,Spring Melt,NA,NA,NA,NA,NA,506.4164,NA,NA,1818,NA
S01,2018-03-28T17:15:00Z,N,Spring Melt,NA,NA,NA,NA,NA,501.5918,NA,NA,1801,NA
S01,2018-03-28T17:18:00Z,N,Spring Melt,NA,NA,NA,NA,NA,496.4834,NA,NA,1783,NA
S01,2018-03-28T17:19:00Z,N,Spring Melt,NA,NA,NA,NA,520,NA,NA,NA,NA,NA
S01,2019-03-29T08:57:00Z,N,Spring Melt,NA,NA,NA,NA,NA,670.7366,NA,NA,2397,NA
S01,2019-03-29T09:00:00Z,N,Spring Melt,NA,NA,NA,NA,730,NA,NA,NA,NA,NA
S01,2011-03-31T09:30:00Z,N,Baseflow,NA,NA,NA,NA,620,631.0046,NA,NA,2257,NA
S01,2013-03-06T12:50:00Z,N,Spring Melt,NA,NA,NA,NA,490,47.5118,1,1,201,1
S01,2018-03-06T14:20:00Z,N,Spring Melt,NA,NA,NA,NA,970,NA,NA,NA,NA,NA
S01,2018-03-06T14:21:00Z,N,Spring Melt,NA,NA,NA,NA,970,NA,NA,NA,NA,NA
S01,2018-03-06T14:22:00Z,N,Spring Melt,NA,NA,NA,NA,NA,823.7048,NA,NA,2936,NA
S01,2018-03-06T14:24:00Z,N,Spring Melt,NA,NA,NA,NA,NA,823.421,NA,NA,2935,NA
S01,2018-03-06T14:25:00Z,N,Spring Melt,NA,NA,NA,NA,NA,823.1372,NA,NA,2934,NA
S01,2017-03-09T13:35:00Z,N,Spring Melt,NA,NA,NA,NA,460,478.0364,NA,NA,1718,NA
S01,2017-03-09T13:40:00Z,N,Spring Melt,NA,NA,NA,NA,NA,478.604,NA,NA,1720,NA
S01,2011-04-11T12:15:00Z,N,Stormwater,NA,NA,NA,NA,140,149.396,NA,NA,560,0
S01,2012-04-19T11:20:00Z,N,Baseflow,NA,NA,NA,NA,580,629.018,NA,1,2250,1
S01,2013-04-02T10:20:00Z,N,Spring Melt,NA,NA,NA,NA,360,455.9,1,0,1640,1
S01,2011-04-05T10:10:00Z,N,Stormwater,NA,NA,NA,NA,440,450.224,NA,NA,1620,NA
S01,2014-04-08T13:57:00Z,N,Spring Melt,NA,NA,NA,NA,280,258.9428,1,NA,946,NA
S01,2017-05-01T13:30:00Z,N,Baseflow,NA,NA,NA,NA,NA,345.218,NA,NA,1250,NA
S01,2017-05-01T13:35:00Z,N,Baseflow,NA,NA,NA,NA,NA,346.3532,NA,NA,1254,NA
S01,2017-05-01T13:40:00Z,N,Baseflow,NA,NA,NA,NA,NA,346.3532,NA,NA,1254,NA
S01,2017-05-01T13:45:00Z,FD,Baseflow,NA,NA,NA,NA,NA,NA,1,NA,NA,NA
S01,2017-05-01T13:45:00Z,N,Baseflow,NA,NA,NA,NA,340,NA,1,NA,NA,NA
S01,2018-05-10T13:34:00Z,N,Baseflow,NA,NA,NA,NA,NA,719.2664,NA,NA,2568,NA
S01,2018-05-10T13:38:00Z,N,Baseflow,NA,NA,NA,NA,NA,718.6988,NA,NA,2566,NA
S01,2018-05-10T13:40:00Z,N,Baseflow,NA,NA,NA,NA,720,NA,1,NA,NA,NA
S01,2018-05-10T13:52:00Z,N,Baseflow,NA,NA,NA,NA,NA,718.1312,NA,NA,2564,NA
S01,2016-05-12T14:15:00Z,N,Baseflow,NA,NA,NA,NA,NA,299.81,NA,NA,1090,NA
S01,2016-05-12T14:27:00Z,N,Baseflow,NA,NA,NA,NA,280,NA,1,NA,NA,NA
S01,2014-05-14T10:00:00Z,N,Baseflow,1,1,NA,NA,560,541.04,1,NA,1940,NA
S01,2011-05-16T10:45:00Z,N,Stormwater,NA,NA,NA,NA,NA,271.1462,NA,NA,989,0
S01,2011-05-16T00:00:00Z,N,Stormwater,NA,NA,NA,NA,540,526.85,1,NA,1890,1
S01,2018-05-19T18:00:00Z,FD,Stormwater,NA,NA,NA,NA,NA,NA,1,NA,NA,NA
S01,2018-05-19T18:00:00Z,N,Stormwater,NA,NA,NA,NA,NA,NA,1,NA,NA,NA
S01,2018-05-21T12:29:00Z,N,Stormwater,NA,NA,NA,NA,NA,713.0228,NA,NA,2546,NA
S01,2018-05-21T12:30:00Z,N,Stormwater,NA,NA,NA,NA,760,NA,NA,NA,NA,NA
S01,2018-05-21T12:32:00Z,N,Stormwater,NA,NA,NA,NA,NA,709.901,NA,NA,2535,NA
S01,2018-05-21T12:35:00Z,N,Stormwater,NA,NA,NA,NA,740,NA,NA,NA,NA,NA
S01,2018-05-21T12:37:00Z,N,Stormwater,NA,NA,NA,NA,NA,704.225,NA,NA,2515,NA
S01,2013-05-29T09:00:00Z,N,Baseflow,NA,NA,NA,NA,380,413.33,1,0,1490,0
S01,2017-05-05T17:00:00Z,FD,Stormwater,NA,NA,NA,NA,NA,NA,1,NA,NA,NA
S01,2017-05-05T17:00:00Z,N,Stormwater,NA,NA,NA,NA,NA,NA,1,NA,NA,NA
S01,2015-05-06T11:15:00Z,N,Baseflow,1,1,NA,NA,470,421.844,1,NA,1520,NA
S01,2017-05-07T12:35:00Z,N,Stormwater,NA,NA,NA,NA,NA,327.0548,NA,NA,1186,NA
S01,2017-05-07T12:38:00Z,N,Stormwater,NA,NA,NA,NA,330,NA,NA,NA,NA,NA
S01,2017-05-07T12:42:00Z,N,Stormwater,NA,NA,NA,NA,NA,327.0548,NA,NA,1186,NA
S01,2015-06-01T13:10:00Z,N,Stormwater,1,1,NA,NA,230,260.9294,1,NA,953,NA
S01,2019-06-10T10:30:00Z,N,Baseflow,NA,NA,NA,NA,490,NA,1,NA,NA,NA
S01,2012-06-12T09:30:00Z,N,Baseflow,NA,NA,NA,NA,320,379.274,NA,NA,1370,0
S01,2014-06-13T12:22:00Z,N,Stormwater,1,1,NA,NA,220,140.5982,1,NA,529,NA
S01,2013-06-20T09:10:00Z,N,Baseflow,NA,NA,NA,NA,370,450.224,1,0,1620,1
S01,2011-06-27T10:50:00Z,N,Stormwater,NA,NA,NA,NA,NA,NA,NA,NA,NA,NA
S01,2011-06-27T11:00:00Z,N,Stormwater,NA,NA,NA,NA,NA,328.19,NA,NA,1190,0
S01,2016-06-05T20:30:00Z,N,Stormwater,NA,NA,NA,NA,210,NA,1,NA,NA,NA
S01,2016-06-07T12:50:00Z,N,Stormwater,NA,NA,NA,NA,NA,302.648,NA,NA,1100,NA
S01,2016-06-07T12:55:00Z,N,Stormwater,NA,NA,NA,NA,NA,299.81,NA,NA,1090,NA
S01,2011-07-13T09:55:00Z,N,Baseflow,NA,NA,NA,NA,400,481.442,1,NA,1730,1
S01,2012-07-13T11:30:00Z,N,Baseflow,NA,NA,NA,NA,370,424.682,NA,NA,1530,0
S01,2015-07-14T10:55:00Z,N,Baseflow,1,1,NA,NA,220,188.8442,1,NA,699,NA
S01,2016-07-14T22:30:00Z,N,Stormwater,NA,NA,NA,NA,130,NA,1,NA,NA,NA
S01,2016-07-15T14:45:00Z,N,Stormwater,NA,NA,NA,NA,NA,208.1426,NA,NA,767,NA
S01,2016-07-15T14:50:00Z,N,Stormwater,NA,NA,NA,NA,NA,208.1426,NA,NA,767,NA
S01,2017-07-17T14:20:00Z,N,Baseflow,NA,NA,NA,NA,89,111.45194,1,NA,426.3,NA
S01,2017-07-17T14:25:00Z,N,Baseflow,NA,NA,NA,NA,NA,110.99786,NA,NA,424.7,NA
S01,2018-07-17T13:30:00Z,FD,Stormwater,NA,NA,NA,NA,NA,NA,1,NA,NA,NA
S01,2018-07-17T13:30:00Z,N,Stormwater,NA,NA,NA,NA,NA,NA,1,NA,NA,NA
S01,2017-07-18T13:30:00Z,FD,Stormwater,NA,NA,NA,NA,NA,NA,1,NA,NA,NA
S01,2017-07-18T13:30:00Z,N,Stormwater,NA,NA,NA,NA,NA,NA,1,NA,NA,NA
S01,2018-07-18T12:00:00Z,N,Stormwater,NA,NA,NA,NA,NA,285.0524,NA,NA,1038,NA
S01,2018-07-18T12:01:00Z,N,Stormwater,NA,NA,NA,NA,NA,285.3362,NA,NA,1039,NA
S01,2018-07-18T12:03:00Z,N,Stormwater,NA,NA,NA,NA,270,285.62,NA,NA,1040,NA
S01,2017-07-19T12:49:00Z,N,Stormwater,NA,NA,NA,NA,NA,172.1,NA,NA,640,NA
S01,2017-07-19T12:52:00Z,N,Stormwater,NA,NA,NA,NA,150,171.8162,NA,NA,639,NA
S01,2017-07-19T12:55:00Z,N,Stormwater,NA,NA,NA,NA,NA,171.8162,NA,NA,639,NA
S01,2014-07-22T11:15:00Z,N,Baseflow,1,1,NA,NA,240,231.1304,1,NA,848,NA
S01,2012-07-26T14:20:00Z,N,Stormwater,NA,NA,NA,NA,29,37.8626,NA,NA,167,0
S01,2016-07-05T14:50:00Z,N,Baseflow,NA,NA,NA,NA,130,NA,1,NA,NA,NA
S01,2016-07-05T14:52:00Z,N,Baseflow,NA,NA,NA,NA,NA,156.491,NA,NA,585,NA
S01,2016-07-05T15:00:00Z,N,Baseflow,NA,NA,NA,NA,NA,156.491,NA,NA,585,NA
S01,2018-07-09T10:54:00Z,N,Baseflow,NA,NA,NA,NA,NA,600.9218,NA,NA,2151,NA
S01,2018-07-09T10:55:00Z,N,Baseflow,NA,NA,NA,NA,NA,598.3676,NA,NA,2142,NA
S01,2018-07-09T10:58:00Z,N,Baseflow,NA,NA,NA,NA,NA,596.381,NA,NA,2135,NA
S01,2018-07-09T11:00:00Z,N,Baseflow,NA,NA,NA,NA,610,NA,1,NA,NA,NA
S01,2013-08-01T13:00:00Z,N,Baseflow,1,1,NA,NA,290,NA,1,NA,NA,NA
S01,2011-08-10T17:50:00Z,N,Stormwater,NA,NA,NA,NA,280,226.8734,NA,NA,833,0
S01,2015-08-12T10:45:00Z,N,Stormwater,1,1,NA,NA,100,86.96,1,NA,340,NA
S01,2010-08-19T14:40:00Z,N,Baseflow,NA,NA,NA,NA,270,NA,NA,NA,NA,NA
S01,2013-08-02T10:50:00Z,N,Stormwater,1,1,NA,NA,150,NA,1,NA,NA,NA
S01,2011-08-25T11:15:00Z,N,Baseflow,NA,NA,NA,NA,300,359.408,1,NA,1300,0
S01,2010-09-01T11:15:00Z,N,Baseflow,NA,NA,NA,NA,310,NA,NA,NA,NA,NA
S01,2015-09-11T09:30:00Z,N,Stormwater,1,1,NA,NA,100,NA,1,NA,NA,NA
S01,2016-09-11T11:51:00Z,N,Stormwater,NA,NA,NA,NA,64,NA,1,NA,NA,NA
S01,2016-09-12T11:39:00Z,N,Stormwater,NA,NA,NA,NA,NA,94.055,NA,NA,365,NA
S01,2016-09-12T11:47:00Z,N,Stormwater,NA,NA,NA,NA,NA,93.4874,NA,NA,363,NA
S01,2011-09-13T10:00:00Z,N,Stormwater,NA,NA,NA,NA,260,NA,NA,NA,NA,NA
S01,2011-09-13T10:05:00Z,FD,Stormwater,NA,NA,NA,NA,NA,NA,NA,NA,NA,NA
S01,2011-09-13T09:50:00Z,N,Baseflow,1,1,1,1,300,396.302,1,NA,1430,0
S01,2013-09-13T11:20:00Z,N,Stormwater,1,1,NA,NA,110,NA,1,NA,NA,NA
S01,2012-09-14T08:15:00Z,N,Baseflow,NA,NA,NA,NA,260,342.38,1,0,1240,0
S01,2018-09-17T12:19:00Z,N,Baseflow,NA,NA,NA,NA,NA,367.0706,NA,NA,1327,NA
S01,2018-09-17T12:20:00Z,N,Baseflow,NA,NA,NA,NA,NA,367.0706,NA,NA,1327,NA
S01,2018-09-17T12:21:00Z,N,Baseflow,NA,NA,NA,NA,NA,366.7868,NA,NA,1326,NA
S01,2018-09-17T12:23:00Z,N,Baseflow,NA,NA,NA,NA,450,NA,1,NA,NA,NA
S01,2018-09-17T12:24:00Z,FD,Baseflow,NA,NA,NA,NA,NA,NA,1,NA,NA,NA
S01,2018-09-17T12:24:00Z,N,Baseflow,NA,NA,NA,NA,450,NA,NA,NA,NA,NA
S01,2015-09-18T10:00:00Z,N,Baseflow,1,1,NA,NA,100,NA,1,NA,NA,NA
S01,2018-09-18T09:51:00Z,FD,Stormwater,NA,NA,NA,NA,NA,NA,1,NA,NA,NA
S01,2018-09-18T09:51:00Z,N,Stormwater,NA,NA,NA,NA,NA,NA,1,NA,NA,NA
S01,2018-09-19T11:11:00Z,N,Stormwater,NA,NA,NA,NA,NA,525.7148,NA,NA,1886,NA
S01,2018-09-19T11:12:00Z,N,Stormwater,NA,NA,NA,NA,NA,525.431,NA,NA,1885,NA
S01,2018-09-19T11:13:00Z,N,Stormwater,NA,NA,NA,NA,NA,525.1472,NA,NA,1884,NA
S01,2018-09-19T11:17:00Z,N,Stormwater,NA,NA,NA,NA,330,NA,NA,NA,NA,NA
S01,2016-09-02T14:40:00Z,N,Baseflow,NA,NA,NA,NA,68,NA,1,NA,NA,NA
S01,2016-09-02T14:48:00Z,N,Baseflow,NA,NA,NA,NA,NA,82.703,NA,NA,325,NA
S01,2016-09-02T15:00:00Z,N,Baseflow,NA,NA,NA,NA,NA,81.8516,NA,NA,322,NA
S01,2016-09-02T15:05:00Z,N,Baseflow,NA,NA,NA,NA,NA,81.284,NA,NA,320,NA
S01,2017-09-24T08:45:00Z,N,Baseflow,NA,NA,NA,NA,NA,105.46376,NA,NA,405.2,NA
S01,2017-09-24T08:48:00Z,N,Baseflow,NA,NA,NA,NA,NA,105.23672,NA,NA,404.4,NA
S01,2017-09-24T08:50:00Z,N,Baseflow,NA,NA,NA,NA,88,NA,1,NA,NA,NA
S01,2017-09-24T08:52:00Z,N,Baseflow,NA,NA,NA,NA,NA,105.20834,NA,NA,404.3,NA
S01,2013-09-26T09:45:00Z,N,Baseflow,1,1,NA,NA,280,NA,1,NA,NA,NA
S01,2014-09-26T13:40:00Z,N,Baseflow,1,1,NA,NA,150,142.5848,1,NA,536,NA
S01,2010-09-28T10:25:00Z,N,Stormwater,NA,NA,NA,NA,170,NA,NA,NA,NA,NA
S01,2010-09-28T10:30:00Z,N,Stormwater,NA,NA,NA,NA,170,NA,NA,NA,NA,NA
S01,2012-09-07T15:55:00Z,N,Stormwater,NA,NA,NA,NA,190,262.3484,1,NA,958,0
S01,2017-09-07T14:28:00Z,N,Stormwater,NA,NA,NA,NA,NA,265.4702,NA,NA,969,NA
S01,2017-09-07T14:31:00Z,N,Stormwater,NA,NA,NA,NA,NA,265.754,NA,NA,970,NA
S01,2017-09-07T14:34:00Z,N,Stormwater,NA,NA,NA,NA,NA,265.754,NA,NA,970,NA
S01,2017-09-07T14:45:00Z,N,Stormwater,NA,NA,NA,NA,250,NA,NA,NA,NA,NA
S01,2017-09-07T04:30:00Z,FD,Stormwater,NA,NA,NA,NA,NA,NA,1,NA,NA,NA
S01,2017-09-07T04:30:00Z,N,Stormwater,NA,NA,NA,NA,NA,NA,1,NA,NA,NA
S01,2010-10-01T16:00:00Z,N,Stormwater,NA,NA,NA,NA,NA,NA,NA,NA,NA,NA
S01,2012-10-11T15:23:00Z,N,Stormwater,NA,NA,NA,NA,400,410.492,NA,0.7,1480,0.946
S01,2010-10-15T10:50:00Z,N,Stormwater,NA,NA,NA,NA,33,NA,NA,NA,NA,NA
S01,2014-10-17T08:50:00Z,N,Stormwater,1,1,NA,NA,500,120.2774,1,NA,522,NA
S01,2010-10-21T13:45:00Z,N,Baseflow,NA,NA,NA,NA,290,NA,NA,NA,NA,NA
S01,2011-10-25T12:35:00Z,N,Stormwater,NA,NA,NA,NA,210,145.4228,1,NA,546,0.35
S01,2012-10-25T15:40:00Z,N,Baseflow,NA,NA,NA,NA,290,NA,1,NA,NA,NA
S01,2010-10-06T14:20:00Z,N,Stormwater,NA,NA,NA,NA,NA,NA,NA,NA,NA,NA
S01,2014-10-06T09:50:00Z,N,Stormwater,1,1,NA,NA,330,330.831,1,NA,1310,NA
S01,2010-11-15T12:10:00Z,N,Baseflow,NA,NA,NA,NA,270,NA,NA,NA,NA,NA
S01,2012-11-29T09:20:00Z,N,Baseflow,NA,NA,NA,NA,380,NA,1,NA,NA,NA
S01,2011-11-30T10:00:00Z,N,Stormwater,NA,NA,NA,NA,260,NA,1,NA,NA,NA
S01,2011-11-09T15:10:00Z,N,Baseflow,NA,NA,NA,NA,300,334.1498,1,NA,1211,0.772
S01,2012-02-17T09:50:00Z,N,Spring Melt,NA,NA,NA,NA,590,558.068,NA,NA,2000,NA
S01,2017-02-19T10:50:00Z,N,Spring Melt,NA,NA,NA,NA,350,NA,NA,NA,NA,NA
S01,2017-02-19T11:00:00Z,N,Spring Melt,NA,NA,NA,NA,NA,347.4884,NA,NA,1258,NA
S01,2017-02-19T11:05:00Z,N,Spring Melt,NA,NA,NA,NA,NA,347.4884,NA,NA,1258,NA
S01,2017-03-01T11:10:00Z,N,Spring Melt,NA,NA,NA,NA,240,NA,NA,NA,NA,NA
S01,2017-03-01T11:15:00Z,N,Spring Melt,NA,NA,NA,NA,NA,241.9148,NA,NA,886,NA
S01,2017-03-01T11:20:00Z,N,Spring Melt,NA,NA,NA,NA,NA,241.9148,NA,NA,886,NA
S01,2013-03-13T16:15:00Z,N,Spring Melt,NA,NA,NA,NA,270,293.2826,1,0.5,1067,NA
S01,2012-03-14T10:30:00Z,N,Spring Melt,NA,NA,NA,NA,490,515.498,NA,NA,1850,1.18
S01,2014-03-14T13:26:00Z,N,Spring Melt,NA,NA,NA,NA,910,NA,1,NA,NA,NA
S01,2012-03-16T14:05:00Z,N,Spring Melt,NA,NA,NA,NA,560,566.582,NA,1,2030,1.3
S01,2017-03-17T18:40:00Z,N,Spring Melt,NA,NA,NA,NA,100,NA,NA,NA,NA,NA
S01,2017-03-17T18:45:00Z,N,Spring Melt,NA,NA,NA,NA,NA,103.988,NA,NA,400,NA
S01,2017-03-17T18:50:00Z,N,Spring Melt,NA,NA,NA,NA,NA,103.988,NA,NA,400,NA
S01,2014-03-20T13:54:00Z,N,Spring Melt,NA,NA,NA,NA,630,573.983,1,NA,2220,NA
S01,2012-03-22T10:10:00Z,N,Spring Melt,NA,NA,NA,NA,600,575.096,NA,1,2060,1.32
S01,2011-03-24T10:50:00Z,N,Baseflow,NA,NA,NA,NA,690,669.8852,NA,NA,2394,NA
S01,2013-03-28T13:25:00Z,N,Spring Melt,NA,NA,NA,NA,490,541.04,1,1,1940,1.24
S01,2014-03-28T13:05:00Z,N,Spring Melt,NA,NA,NA,NA,930,857.215,1,NA,3280,NA
S01,2011-03-31T09:55:00Z,N,Baseflow,NA,NA,NA,NA,NA,701.1032,NA,NA,2504,NA
S01,2013-03-06T13:10:00Z,N,Spring Melt,NA,NA,NA,NA,580,55.1744,1,1.1,228,1.46
S01,2017-03-09T12:30:00Z,N,Spring Melt,NA,NA,NA,NA,NA,101.7176,NA,NA,392,NA
S01,2017-03-09T12:35:00Z,N,Spring Melt,NA,NA,NA,NA,150,151.9502,NA,NA,569,NA
S01,2011-04-11T11:45:00Z,N,Stormwater,NA,NA,NA,NA,NA,224.0354,NA,NA,823,0.53
S01,2012-04-19T12:00:00Z,N,Baseflow,NA,NA,NA,NA,710,739.7,NA,1.4,2640,1.69
S01,2013-04-02T10:35:00Z,N,Spring Melt,NA,NA,NA,NA,440,487.118,1,0.9,1750,1.12
S01,2011-04-05T10:20:00Z,N,Stormwater,NA,NA,NA,NA,NA,459.8732,NA,NA,1654,NA
S01,2014-04-08T13:35:00Z,N,Spring Melt,NA,NA,NA,NA,300,239.4486,1,NA,968,NA
S01,2017-05-01T18:21:00Z,N,Baseflow,NA,NA,NA,NA,NA,635.5454,NA,NA,2273,NA
S01,2017-05-01T18:24:00Z,N,Baseflow,NA,NA,NA,NA,NA,635.5454,NA,NA,2273,NA
S01,2017-05-01T18:25:00Z,N,Baseflow,NA,NA,NA,NA,630,NA,1,NA,NA,NA
S01,2017-05-01T18:27:00Z,N,Baseflow,NA,NA,NA,NA,NA,635.5454,NA,NA,2273,NA
S01,2018-05-10T12:37:00Z,N,Baseflow,NA,NA,NA,NA,NA,773.1884,NA,NA,2758,NA
S01,2018-05-10T12:39:00Z,N,Baseflow,NA,NA,NA,NA,NA,773.1884,NA,NA,2758,NA
S01,2018-05-10T12:40:00Z,N,Baseflow,NA,NA,NA,NA,820,NA,1,NA,NA,NA
S01,2018-05-10T12:42:00Z,N,Baseflow,NA,NA,NA,NA,NA,772.9046,NA,NA,2757,NA
S01,2016-05-12T13:25:00Z,N,Baseflow,NA,NA,NA,NA,NA,722.672,NA,NA,2580,NA
S01,2016-05-12T13:35:00Z,N,Baseflow,NA,NA,NA,NA,800,NA,1,NA,NA,NA
S01,2014-05-14T09:40:00Z,N,Baseflow,1,1,NA,NA,760,680.863,1,NA,2620,NA
S01,2011-05-16T10:00:00Z,N,Stormwater,NA,NA,NA,NA,NA,213.251,1,NA,785,0.502
S01,2018-05-19T18:00:00Z,N,Stormwater,NA,NA,NA,NA,NA,NA,1,NA,NA,NA
S01,2018-05-21T11:50:00Z,N,Stormwater,NA,NA,NA,NA,760,NA,NA,NA,NA,NA
S01,2018-05-21T11:52:00Z,N,Stormwater,NA,NA,NA,NA,NA,729.767,NA,NA,2605,NA
S01,2018-05-21T11:54:00Z,N,Stormwater,NA,NA,NA,NA,NA,729.767,NA,NA,2605,NA
S01,2018-05-21T11:57:00Z,N,Stormwater,NA,NA,NA,NA,NA,729.767,NA,NA,2605,NA
S01,2013-05-29T09:15:00Z,N,Baseflow,NA,NA,NA,NA,450,438.872,1,0.8,1580,1.01
S01,2017-05-05T17:00:00Z,N,Stormwater,NA,NA,NA,NA,NA,NA,1,NA,NA,NA
S01,2015-05-06T10:40:00Z,N,Baseflow,1,1,NA,NA,990,1017.824,1,NA,3620,NA
S01,2017-05-07T11:55:00Z,N,Stormwater,NA,NA,NA,NA,NA,480.8744,NA,NA,1728,NA
S01,2017-05-07T11:57:00Z,N,Stormwater,NA,NA,NA,NA,510,NA,NA,NA,NA,NA
S01,2017-05-07T12:00:00Z,N,Stormwater,NA,NA,NA,NA,NA,481.442,NA,NA,1730,NA
S01,2015-06-01T13:00:00Z,N,Stormwater,1,1,NA,NA,440,225.7382,1,NA,829,NA
S01,2019-06-10T11:00:00Z,N,Baseflow,NA,NA,NA,NA,590,NA,1,NA,NA,NA
S01,2012-06-12T10:00:00Z,N,Baseflow,NA,NA,NA,NA,360,379.274,NA,NA,1370,0.88
S01,2014-06-13T12:01:00Z,N,Stormwater,1,1,NA,NA,390,408.319,1,NA,1600,NA
S01,2013-06-20T09:25:00Z,N,Baseflow,NA,NA,NA,NA,450,509.822,1,0.9,1830,1.17
S01,2011-06-27T11:30:00Z,N,Stormwater,NA,NA,NA,NA,NA,365.084,NA,NA,1320,0.846
S01,2016-06-05T20:30:00Z,N,Stormwater,NA,NA,NA,NA,650,NA,1,NA,NA,NA
S01,2016-06-07T13:25:00Z,N,Stormwater,NA,NA,NA,NA,NA,447.386,NA,NA,1610,NA
S01,2016-06-07T13:30:00Z,N,Stormwater,NA,NA,NA,NA,NA,447.386,NA,NA,1610,NA
S01,2011-07-13T10:35:00Z,N,Baseflow,NA,NA,NA,NA,520,555.23,1,NA,1990,1.27
S01,2012-07-13T10:40:00Z,N,Baseflow,NA,NA,NA,NA,480,297.2558,NA,NA,1081,1.16
S01,2015-07-14T10:40:00Z,N,Baseflow,1,1,NA,NA,920,952.55,1,NA,3390,NA
S01,2016-07-14T22:30:00Z,N,Stormwater,NA,NA,NA,NA,450,NA,1,NA,NA,NA
S01,2016-07-15T14:31:00Z,N,Stormwater,NA,NA,NA,NA,NA,441.71,NA,NA,1590,NA
S01,2016-07-15T14:35:00Z,N,Stormwater,NA,NA,NA,NA,NA,438.872,NA,NA,1580,NA
S01,2017-07-17T13:10:00Z,N,Baseflow,NA,NA,NA,NA,820,740.8352,1,NA,2644,NA
S01,2017-07-17T13:15:00Z,N,Baseflow,NA,NA,NA,NA,NA,740.2676,NA,NA,2642,NA
S01,2017-07-17T13:18:00Z,N,Baseflow,NA,NA,NA,NA,NA,740.2676,NA,NA,2642,NA
S01,2018-07-17T13:30:00Z,N,Stormwater,NA,NA,NA,NA,NA,NA,1,NA,NA,NA
S01,2017-07-18T13:30:00Z,N,Stormwater,NA,NA,NA,NA,NA,NA,1,NA,NA,NA
S01,2018-07-18T11:09:00Z,N,Stormwater,NA,NA,NA,NA,NA,402.8294,NA,NA,1453,NA
S01,2018-07-18T11:11:00Z,N,Stormwater,NA,NA,NA,NA,NA,403.1132,NA,NA,1454,NA
S01,2018-07-18T11:12:00Z,N,Stormwater,NA,NA,NA,NA,420,NA,NA,NA,NA,NA
S01,2018-07-18T11:13:00Z,N,Stormwater,NA,NA,NA,NA,NA,404.5322,NA,NA,1459,NA
S01,2017-07-19T11:52:00Z,N,Stormwater,NA,NA,NA,NA,NA,474.0632,NA,NA,1704,NA
S01,2017-07-19T11:55:00Z,N,Stormwater,NA,NA,NA,NA,480,474.347,NA,NA,1705,NA
S01,2017-07-19T11:57:00Z,N,Stormwater,NA,NA,NA,NA,NA,474.347,NA,NA,1705,NA
S01,2014-07-22T10:50:00Z,N,Baseflow,1,1,NA,NA,680,606.047,1,NA,2340,NA
S01,2012-07-26T13:50:00Z,N,Stormwater,NA,NA,NA,NA,460,506.984,NA,NA,1820,1.16
S01,2016-07-05T11:30:00Z,N,Baseflow,NA,NA,NA,NA,660,NA,1,NA,NA,NA
S01,2016-07-05T11:33:00Z,N,Baseflow,NA,NA,NA,NA,NA,643.208,NA,NA,2300,NA
S01,2016-07-05T11:40:00Z,N,Baseflow,NA,NA,NA,NA,NA,663.074,NA,NA,2370,NA
S01,2018-07-09T16:08:00Z,N,Baseflow,NA,NA,NA,NA,NA,780.851,NA,NA,2785,NA
S01,2018-07-09T16:09:00Z,N,Baseflow,NA,NA,NA,NA,NA,780.851,NA,NA,2785,NA
S01,2018-07-09T16:10:00Z,N,Baseflow,NA,NA,NA,NA,890,NA,1,NA,NA,NA
S01,2018-07-09T16:11:00Z,N,Baseflow,NA,NA,NA,NA,NA,780.5672,NA,NA,2784,NA
S01,2013-08-01T12:15:00Z,N,Baseflow,1,1,NA,NA,390,NA,1,NA,NA,NA
S01,2011-08-10T18:01:00Z,N,Stormwater,NA,NA,NA,NA,280,291.296,NA,NA,1060,0.679
S01,2015-08-12T10:15:00Z,N,Stormwater,1,1,NA,NA,500,504.146,1,NA,1810,NA
S01,2010-08-19T14:45:00Z,N,Baseflow,NA,NA,NA,NA,310,NA,NA,NA,NA,NA
S01,2010-08-19T14:50:00Z,FD,Baseflow,NA,NA,NA,NA,NA,NA,NA,NA,NA,NA
S01,2013-08-02T10:50:00Z,N,Stormwater,1,1,NA,NA,270,NA,1,NA,NA,NA
S01,2011-08-25T11:30:00Z,N,Baseflow,NA,NA,NA,NA,350,370.76,1,NA,1340,0.858
S01,2010-09-01T11:25:00Z,N,Baseflow,NA,NA,NA,NA,340,NA,NA,NA,NA,NA
S01,2015-09-11T09:25:00Z,N,Stormwater,1,1,NA,NA,410,NA,1,NA,NA,NA
S01,2016-09-11T11:51:00Z,N,Stormwater,NA,NA,NA,NA,430,NA,1,NA,NA,NA
S01,2016-09-12T11:03:00Z,N,Stormwater,NA,NA,NA,NA,NA,501.308,NA,NA,1800,NA
S01,2016-09-12T11:08:00Z,N,Stormwater,NA,NA,NA,NA,NA,501.308,NA,NA,1800,NA
S01,2011-09-13T10:35:00Z,N,Baseflow,1,1,1,1,350,419.006,1,NA,1510,0.967
S01,2011-09-13T10:45:00Z,N,Stormwater,NA,NA,NA,NA,120,136.9088,NA,NA,516,0.319
S01,2013-09-13T12:05:00Z,N,Stormwater,1,1,NA,NA,230,NA,1,NA,NA,NA
S01,2012-09-14T08:50:00Z,N,Baseflow,NA,NA,NA,NA,360,413.33,1,0.7,1490,0.957
S01,2018-09-17T11:29:00Z,N,Baseflow,NA,NA,NA,NA,NA,563.1764,NA,NA,2018,NA
S01,2018-09-17T11:30:00Z,N,Baseflow,NA,NA,NA,NA,NA,562.8926,NA,NA,2017,NA
S01,2018-09-17T11:31:00Z,N,Baseflow,NA,NA,NA,NA,580,562.6088,1,NA,2016,NA
S01,2015-09-18T09:45:00Z,N,Baseflow,1,1,NA,NA,560,NA,1,NA,NA,NA
S01,2018-09-18T09:51:00Z,N,Stormwater,NA,NA,NA,NA,NA,NA,1,NA,NA,NA
S01,2018-09-19T10:00:00Z,N,Stormwater,NA,NA,NA,NA,NA,378.9902,NA,NA,1369,NA
S01,2018-09-19T10:01:00Z,N,Stormwater,NA,NA,NA,NA,360,NA,NA,NA,NA,NA
S01,2018-09-19T09:58:00Z,N,Stormwater,NA,NA,NA,NA,NA,378.9902,NA,NA,1369,NA
S01,2018-09-19T09:59:00Z,N,Stormwater,NA,NA,NA,NA,NA,379.274,NA,NA,1370,NA
S01,2016-09-02T16:35:00Z,N,Baseflow,NA,NA,NA,NA,NA,566.582,NA,NA,2030,NA
S01,2016-09-02T16:40:00Z,N,Baseflow,NA,NA,NA,NA,NA,566.582,NA,NA,2030,NA
S01,2016-09-02T16:45:00Z,N,Baseflow,NA,NA,NA,NA,560,566.582,1,NA,2030,NA
S01,2016-09-02T16:55:00Z,N,Baseflow,NA,NA,NA,NA,NA,575.096,NA,NA,2060,NA
S01,2017-09-24T08:22:00Z,N,Baseflow,NA,NA,NA,NA,NA,712.4552,NA,NA,2544,NA
S01,2017-09-24T08:25:00Z,N,Baseflow,NA,NA,NA,NA,760,NA,1,NA,NA,NA
S01,2017-09-24T08:27:00Z,N,Baseflow,NA,NA,NA,NA,NA,713.5904,NA,NA,2548,NA
S01,2017-09-24T08:29:00Z,N,Baseflow,NA,NA,NA,NA,NA,713.8742,NA,NA,2549,NA
S01,2013-09-26T09:18:00Z,N,Baseflow,1,1,NA,NA,420,NA,1,NA,NA,NA
S01,2014-09-26T13:25:00Z,N,Baseflow,1,1,NA,NA,530,445.727,1,NA,1740,NA
S01,2010-09-28T11:05:00Z,N,Stormwater,NA,NA,NA,NA,220,NA,NA,NA,NA,NA
S01,2012-09-07T14:55:00Z,N,Stormwater,NA,NA,NA,NA,280,322.514,1,NA,1170,0.751
S01,2017-09-07T13:50:00Z,N,Stormwater,NA,NA,NA,NA,160,NA,NA,NA,NA,NA
S01,2017-09-07T14:06:00Z,N,Stormwater,NA,NA,NA,NA,NA,169.262,NA,NA,630,NA
S01,2017-09-07T14:09:00Z,N,Stormwater,NA,NA,NA,NA,NA,169.262,NA,NA,630,NA
S01,2017-09-07T14:12:00Z,N,Stormwater,NA,NA,NA,NA,NA,169.262,NA,NA,630,NA
S01,2017-09-07T04:30:00Z,N,Stormwater,NA,NA,NA,NA,NA,NA,1,NA,NA,NA
S01,2010-10-01T16:00:00Z,N,Stormwater,NA,NA,NA,NA,81,NA,NA,NA,NA,NA
S01,2012-10-11T16:30:00Z,N,Stormwater,NA,NA,NA,NA,85,141.7334,NA,0,533,0
S01,2010-10-15T09:25:00Z,N,Stormwater,NA,NA,NA,NA,14,NA,NA,NA,NA,NA
S01,2014-10-17T11:00:00Z,N,Stormwater,1,1,NA,NA,110,65.3912,1,NA,264,NA
S01,2010-10-21T13:40:00Z,N,Baseflow,NA,NA,NA,NA,71,NA,NA,NA,NA,NA
S01,2010-10-21T13:50:00Z,FD,Baseflow,NA,NA,NA,NA,NA,NA,NA,NA,NA,NA
S01,2010-10-21T13:50:00Z,N,Baseflow,NA,NA,NA,NA,70,NA,NA,NA,NA,NA
S01,2011-10-25T10:25:00Z,N,Stormwater,NA,NA,NA,NA,66,126.4082,1,NA,479,0
S01,2012-10-25T17:05:00Z,N,Baseflow,NA,NA,NA,NA,71,NA,1,NA,NA,NA
S01,2010-10-06T13:05:00Z,N,Stormwater,NA,NA,NA,NA,94,NA,NA,NA,NA,NA
S01,2014-10-06T11:00:00Z,N,Stormwater,1,1,NA,NA,130,140.882,1,NA,530,NA
S01,2010-11-15T12:15:00Z,N,Baseflow,NA,NA,NA,NA,60,NA,NA,NA,NA,NA
S01,2010-11-15T12:20:00Z,FD,Baseflow,NA,NA,NA,NA,NA,NA,NA,NA,NA,NA
S01,2010-11-15T12:20:00Z,N,Baseflow,NA,NA,NA,NA,58,NA,NA,NA,NA,NA
S01,2012-11-29T09:50:00Z,N,Baseflow,NA,NA,NA,NA,110,NA,1,NA,NA,NA
S01,2011-11-30T08:45:00Z,N,Stormwater,NA,NA,NA,NA,52,NA,1,NA,NA,NA
S01,2011-11-09T16:30:00Z,N,Baseflow,NA,NA,NA,NA,59,105.407,1,NA,405,0
S01,2012-02-17T10:45:00Z,N,Spring Melt,NA,NA,NA,NA,140,163.586,NA,NA,610,NA
S01,2017-02-19T12:45:00Z,N,Spring Melt,NA,NA,NA,NA,260,NA,NA,NA,NA,NA
S01,2017-02-19T12:50:00Z,N,Spring Melt,NA,NA,NA,NA,NA,212.6834,NA,NA,783,NA
S01,2017-02-19T12:55:00Z,N,Spring Melt,NA,NA,NA,NA,NA,214.1024,NA,NA,788,NA
S01,2018-02-21T16:26:00Z,N,Spring Melt,NA,NA,NA,NA,NA,215.5214,NA,NA,793,NA
S01,2018-02-21T16:28:00Z,N,Spring Melt,NA,NA,NA,NA,NA,215.2376,NA,NA,792,NA
S01,2018-02-21T16:30:00Z,N,Spring Melt,NA,NA,NA,NA,220,NA,NA,NA,NA,NA
S01,2018-02-21T16:31:00Z,N,Spring Melt,NA,NA,NA,NA,NA,214.67,NA,NA,790,NA
S01,2018-02-27T10:02:00Z,N,Spring Melt,NA,NA,NA,NA,NA,182.033,NA,NA,675,NA
S01,2018-02-27T10:03:00Z,N,Spring Melt,NA,NA,NA,NA,190,NA,NA,NA,NA,NA
S01,2018-02-27T10:04:00Z,N,Spring Melt,NA,NA,NA,NA,190,NA,NA,NA,NA,NA
S01,2018-02-27T09:56:00Z,N,Spring Melt,NA,NA,NA,NA,NA,182.033,NA,NA,675,NA
S01,2018-02-27T09:59:00Z,N,Spring Melt,NA,NA,NA,NA,NA,182.033,NA,NA,675,NA
S01,2017-03-01T14:15:00Z,N,Spring Melt,NA,NA,NA,NA,NA,156.491,NA,NA,585,NA
S01,2017-03-01T14:20:00Z,N,Spring Melt,NA,NA,NA,NA,150,NA,NA,NA,NA,NA
S01,2017-03-01T14:25:00Z,N,Spring Melt,NA,NA,NA,NA,NA,156.2072,NA,NA,584,NA
S01,2013-03-13T15:45:00Z,N,Spring Melt,NA,NA,NA,NA,48,59.791826,1,0,244.27,NA
S01,2019-03-13T16:52:00Z,N,Spring Melt,NA,NA,NA,NA,NA,339.8258,NA,NA,1231,NA
S01,2019-03-13T16:53:00Z,N,Spring Melt,NA,NA,NA,NA,350,NA,NA,NA,NA,NA
S01,2012-03-14T09:20:00Z,N,Spring Melt,NA,NA,NA,NA,67,94.3388,NA,NA,366,0
S01,2019-03-15T15:30:00Z,N,Spring Melt,NA,NA,NA,NA,NA,230.279,NA,NA,845,NA
S01,2019-03-15T15:32:00Z,N,Spring Melt,NA,NA,NA,NA,230,NA,NA,NA,NA,NA
S01,2012-03-16T16:40:00Z,N,Spring Melt,NA,NA,NA,NA,84,114.7724,NA,0,438,0
S01,2017-03-17T15:40:00Z,N,Spring Melt,NA,NA,NA,NA,NA,306.6212,NA,NA,1114,NA
S01,2017-03-17T15:45:00Z,N,Spring Melt,NA,NA,NA,NA,290,306.6212,NA,NA,1114,NA
S01,2014-03-20T15:29:00Z,N,Spring Melt,NA,NA,NA,NA,250,243.9014,1,NA,893,NA
S01,2012-03-22T13:00:00Z,N,Spring Melt,NA,NA,NA,NA,97,129.2462,NA,0,489,0
S01,2011-03-24T13:00:00Z,N,Baseflow,NA,NA,NA,NA,130,148.2608,NA,NA,556,NA
S01,2019-03-24T17:33:00Z,N,Spring Melt,NA,NA,NA,NA,NA,120.98762,NA,NA,459.9,NA
S01,2019-03-24T17:35:00Z,N,Spring Melt,NA,NA,NA,NA,110,NA,NA,NA,NA,NA
S01,2013-03-28T16:40:00Z,N,Spring Melt,NA,NA,NA,NA,79,101.15,1,0,390,0
S01,2014-03-28T15:20:00Z,N,Spring Melt,NA,NA,NA,NA,230,238.2254,1,NA,873,NA
S01,2018-03-28T17:43:00Z,N,Spring Melt,NA,NA,NA,NA,NA,144.8552,NA,NA,544,NA
S01,2018-03-28T17:46:00Z,N,Spring Melt,NA,NA,NA,NA,NA,144.5714,NA,NA,543,NA
S01,2018-03-28T17:49:00Z,N,Spring Melt,NA,NA,NA,NA,NA,144.5714,NA,NA,543,NA
S01,2018-03-28T17:50:00Z,N,Spring Melt,NA,NA,NA,NA,140,NA,NA,NA,NA,NA
S01,2019-03-29T09:36:00Z,N,Spring Melt,NA,NA,NA,NA,NA,122.34986,NA,NA,464.7,NA
S01,2019-03-29T09:40:00Z,N,Spring Melt,NA,NA,NA,NA,110,NA,NA,NA,NA,NA
S01,2011-03-31T11:40:00Z,N,Baseflow,NA,NA,NA,NA,130,155.072,NA,NA,580,NA
S01,2013-03-06T14:40:00Z,N,Spring Melt,NA,NA,NA,NA,130,178.9112,1,0,664,0
S01,2018-03-06T14:43:00Z,N,Spring Melt,NA,NA,NA,NA,NA,192.8174,NA,NA,713,NA
S01,2018-03-06T14:45:00Z,N,Spring Melt,NA,NA,NA,NA,210,192.2498,NA,NA,711,NA
S01,2018-03-06T14:47:00Z,N,Spring Melt,NA,NA,NA,NA,NA,192.2498,NA,NA,711,NA
S01,2017-03-09T14:15:00Z,N,Spring Melt,NA,NA,NA,NA,NA,128.9624,NA,NA,488,NA
S01,2017-03-09T14:20:00Z,N,Spring Melt,NA,NA,NA,NA,110,128.9624,NA,NA,488,NA
S01,2011-04-11T11:30:00Z,N,Stormwater,NA,NA,NA,NA,100,120.1646,NA,NA,457,0
S01,2012-04-19T15:10:00Z,N,Baseflow,NA,NA,NA,NA,140,177.776,NA,0,660,0
S01,2013-04-02T12:10:00Z,N,Spring Melt,NA,NA,NA,NA,62,80.1488,1,0,316,0
S01,2011-04-05T12:00:00Z,N,Stormwater,NA,NA,NA,NA,74,96.0416,NA,NA,372,NA
S01,2014-04-08T15:00:00Z,N,Spring Melt,NA,NA,NA,NA,52,53.1878,1,NA,221,NA
S01,2017-05-01T15:30:00Z,N,Baseflow,NA,NA,NA,NA,NA,126.9758,NA,NA,481,NA
S01,2017-05-01T15:35:00Z,N,Baseflow,NA,NA,NA,NA,99,126.1244,1,NA,478,NA
S01,2017-05-01T15:40:00Z,N,Baseflow,NA,NA,NA,NA,NA,125.8406,NA,NA,477,NA
S01,2018-05-10T14:32:00Z,N,Baseflow,NA,NA,NA,NA,NA,168.1268,NA,NA,626,NA
S01,2018-05-10T14:38:00Z,N,Baseflow,NA,NA,NA,NA,NA,168.4106,NA,NA,627,NA
S01,2018-05-10T14:40:00Z,N,Baseflow,NA,NA,NA,NA,170,NA,1,NA,NA,NA
S01,2018-05-10T14:42:00Z,N,Baseflow,NA,NA,NA,NA,NA,168.4106,NA,NA,627,NA
S01,2016-05-12T14:55:00Z,N,Baseflow,NA,NA,NA,NA,NA,197.9258,NA,NA,731,NA
S01,2016-05-12T15:05:00Z,N,Baseflow,NA,NA,NA,NA,170,NA,1,NA,NA,NA
S01,2014-05-14T11:35:00Z,N,Baseflow,1,1,NA,NA,150,169.5458,1,NA,631,NA
S01,2011-05-16T11:50:00Z,N,Stormwater,NA,NA,NA,NA,NA,57.4448,1,NA,236,0
S01,2011-05-16T00:00:00Z,N,Stormwater,NA,NA,NA,NA,120,NA,NA,NA,NA,NA
S01,2018-05-19T18:00:00Z,N,Stormwater,NA,NA,NA,NA,NA,NA,1,NA,NA,NA
S01,2018-05-21T13:09:00Z,N,Stormwater,NA,NA,NA,NA,NA,228.5762,NA,NA,839,NA
S01,2018-05-21T13:10:00Z,N,Stormwater,NA,NA,NA,NA,210,NA,NA,NA,NA,NA
S01,2018-05-21T13:12:00Z,N,Stormwater,NA,NA,NA,NA,NA,227.7248,NA,NA,836,NA
S01,2018-05-21T13:14:00Z,N,Stormwater,NA,NA,NA,NA,NA,227.441,NA,NA,835,NA
S01,2013-05-29T10:15:00Z,N,Baseflow,NA,NA,NA,NA,86,115.0562,1,0,439,0
S01,2017-05-05T17:00:00Z,N,Stormwater,NA,NA,NA,NA,NA,NA,1,NA,NA,NA
S01,2015-05-06T12:50:00Z,N,Baseflow,1,1,NA,NA,160,153.3692,1,NA,574,NA
S01,2017-05-07T13:01:00Z,N,Stormwater,NA,NA,NA,NA,NA,86.96,NA,NA,340,NA
S01,2017-05-07T13:03:00Z,N,Stormwater,NA,NA,NA,NA,69,NA,NA,NA,NA,NA
S01,2017-05-07T13:07:00Z,N,Stormwater,NA,NA,NA,NA,NA,86.96,NA,NA,340,NA
S01,2015-06-01T14:40:00Z,N,Stormwater,1,1,NA,NA,150,73.0538,1,NA,291,NA
S01,2019-06-10T11:30:00Z,N,Baseflow,NA,NA,NA,NA,140,NA,1,NA,NA,NA
S01,2012-06-12T13:00:00Z,N,Baseflow,NA,NA,NA,NA,59,103.1366,NA,NA,397,0
S01,2014-06-13T13:18:00Z,N,Stormwater,1,1,NA,NA,130,155.072,1,NA,580,NA
S01,2013-06-20T10:20:00Z,N,Baseflow,NA,NA,NA,NA,98,163.3022,1,0,609,0
S01,2011-06-27T12:15:00Z,N,Stormwater,NA,NA,NA,NA,NA,93.2036,NA,NA,362,0
S01,2016-06-05T20:30:00Z,N,Stormwater,NA,NA,NA,NA,190,NA,1,NA,NA,NA
S01,2016-06-07T12:20:00Z,N,Stormwater,NA,NA,NA,NA,NA,115.9076,NA,NA,442,NA
S01,2016-06-07T12:25:00Z,N,Stormwater,NA,NA,NA,NA,NA,115.6238,NA,NA,441,NA
S01,2011-07-13T12:45:00Z,N,Baseflow,NA,NA,NA,NA,120,183.452,1,NA,680,0
S01,2012-07-13T10:20:00Z,N,Baseflow,NA,NA,NA,NA,96,159.329,NA,NA,595,0
S01,2015-07-14T12:55:00Z,N,Baseflow,1,1,NA,NA,230,241.9148,1,NA,886,NA
S01,2016-07-14T22:30:00Z,FD,Stormwater,NA,NA,NA,NA,NA,NA,1,NA,NA,NA
S01,2016-07-14T22:30:00Z,N,Stormwater,NA,NA,NA,NA,130,NA,1,NA,NA,NA
S01,2016-07-15T17:00:00Z,N,Stormwater,NA,NA,NA,NA,NA,173.519,NA,NA,645,NA
S01,2016-07-15T17:10:00Z,N,Stormwater,NA,NA,NA,NA,NA,173.519,NA,NA,645,NA
S01,2017-07-17T15:15:00Z,N,Baseflow,NA,NA,NA,NA,NA,189.128,NA,NA,700,NA
S01,2017-07-17T15:20:00Z,N,Baseflow,NA,NA,NA,NA,190,188.8442,1,NA,699,NA
S01,2017-07-17T15:25:00Z,N,Baseflow,NA,NA,NA,NA,NA,188.8442,NA,NA,699,NA
S01,2018-07-17T13:30:00Z,N,Stormwater,NA,NA,NA,NA,NA,NA,1,NA,NA,NA
S01,2018-07-18T13:26:00Z,N,Stormwater,NA,NA,NA,NA,NA,188.5604,NA,NA,698,NA
S01,2018-07-18T13:27:00Z,N,Stormwater,NA,NA,NA,NA,NA,188.5604,NA,NA,698,NA
S01,2018-07-18T13:29:00Z,N,Stormwater,NA,NA,NA,NA,180,NA,NA,NA,NA,NA
S01,2018-07-18T13:30:00Z,N,Stormwater,NA,NA,NA,NA,NA,188.2766,NA,NA,697,NA
S01,2017-07-19T13:23:00Z,N,Stormwater,NA,NA,NA,NA,NA,288.458,NA,NA,1050,NA
S01,2017-07-19T13:25:00Z,N,Stormwater,NA,NA,NA,NA,260,NA,NA,NA,NA,NA
S01,2017-07-19T13:29:00Z,N,Stormwater,NA,NA,NA,NA,NA,288.7418,NA,NA,1051,NA
S01,2017-07-19T13:36:00Z,N,Stormwater,NA,NA,NA,NA,NA,288.1742,NA,NA,1049,NA
S01,2014-07-22T12:25:00Z,N,Baseflow,1,1,NA,NA,170,189.9794,1,NA,703,NA
S01,2016-07-05T15:52:00Z,N,Baseflow,NA,NA,NA,NA,190,NA,1,NA,NA,NA
S01,2016-07-05T15:55:00Z,N,Baseflow,NA,NA,NA,NA,NA,249.8612,NA,NA,914,NA
S01,2016-07-05T16:02:00Z,N,Baseflow,NA,NA,NA,NA,NA,249.8612,NA,NA,914,NA
S01,2018-07-09T13:10:00Z,FD,Baseflow,NA,NA,NA,NA,NA,NA,1,NA,NA,NA
S01,2018-07-09T13:10:00Z,N,Baseflow,NA,NA,NA,NA,240,NA,1,NA,NA,NA
S01,2018-07-09T13:11:00Z,N,Baseflow,NA,NA,NA,NA,NA,40.21814,NA,NA,175.3,NA
S01,2018-07-09T13:12:00Z,N,Baseflow,NA,NA,NA,NA,NA,39.8492,NA,NA,174,NA
S01,2018-07-09T13:13:00Z,N,Baseflow,NA,NA,NA,NA,NA,39.02618,NA,NA,171.1,NA
S01,2013-08-01T15:40:00Z,N,Baseflow,1,1,NA,NA,87,NA,1,NA,NA,NA
S01,2011-08-10T16:50:00Z,N,Stormwater,NA,NA,NA,NA,78,114.2048,NA,NA,436,0
S01,2015-08-12T12:45:00Z,N,Stormwater,1,1,NA,NA,210,88.154798,1,NA,344.21,NA
S01,2010-08-19T15:10:00Z,N,Baseflow,NA,NA,NA,NA,53,NA,NA,NA,NA,NA
S01,2013-08-02T10:50:00Z,N,Stormwater,1,1,NA,NA,72,NA,1,NA,NA,NA
S01,2011-08-25T10:20:00Z,N,Baseflow,NA,NA,NA,NA,84,134.6384,1,NA,508,0
S01,2010-09-01T11:45:00Z,N,Baseflow,NA,NA,NA,NA,120,NA,NA,NA,NA,NA
S01,2015-09-11T10:45:00Z,N,Stormwater,1,1,NA,NA,110,129.754202,1,NA,490.79,NA
S01,2011-09-13T14:50:00Z,N,Baseflow,1,1,1,1,84,154.5044,1,NA,578,0
S01,2011-09-13T15:00:00Z,N,Stormwater,NA,NA,NA,NA,70,NA,NA,NA,NA,NA
S01,2013-09-13T13:40:00Z,N,Stormwater,1,1,NA,NA,65,NA,1,NA,NA,NA
S01,2012-09-14T10:30:00Z,N,Baseflow,NA,NA,NA,NA,94,170.681,1,0,635,0
S01,2018-09-17T13:02:00Z,N,Baseflow,NA,NA,NA,NA,150,NA,1,NA,NA,NA
S01,2018-09-17T12:57:00Z,N,Baseflow,NA,NA,NA,NA,NA,186.8576,NA,NA,692,NA
S01,2018-09-17T12:58:00Z,N,Baseflow,NA,NA,NA,NA,NA,186.8576,NA,NA,692,NA
S01,2018-09-17T12:59:00Z,N,Baseflow,NA,NA,NA,NA,NA,176.357,NA,NA,655,NA
S01,2015-09-18T11:45:00Z,N,Baseflow,1,1,NA,NA,140,155.103218,1,NA,580.11,NA
S01,2018-09-18T09:51:00Z,N,Stormwater,NA,NA,NA,NA,NA,NA,1,NA,NA,NA
S01,2018-09-19T12:33:00Z,N,Stormwater,NA,NA,NA,NA,NA,155.3558,NA,NA,581,NA
S01,2018-09-19T12:34:00Z,N,Stormwater,NA,NA,NA,NA,NA,155.6396,NA,NA,582,NA
S01,2018-09-19T12:35:00Z,N,Stormwater,NA,NA,NA,NA,NA,155.3558,NA,NA,581,NA
S01,2018-09-19T12:38:00Z,N,Stormwater,NA,NA,NA,NA,120,NA,NA,NA,NA,NA
S01,2016-09-02T13:35:00Z,N,Baseflow,NA,NA,NA,NA,200,257.8076,1,NA,942,NA
S01,2016-09-02T13:43:00Z,N,Baseflow,NA,NA,NA,NA,NA,258.659,NA,NA,945,NA
S01,2016-09-02T13:50:00Z,N,Baseflow,NA,NA,NA,NA,NA,258.659,NA,NA,945,NA
S01,2017-09-24T09:33:00Z,N,Baseflow,NA,NA,NA,NA,NA,288.1742,NA,NA,1049,NA
S01,2017-09-24T09:35:00Z,N,Baseflow,NA,NA,NA,NA,240,NA,1,NA,NA,NA
S01,2017-09-24T09:36:00Z,N,Baseflow,NA,NA,NA,NA,NA,287.039,NA,NA,1045,NA
S01,2017-09-24T09:38:00Z,N,Baseflow,NA,NA,NA,NA,NA,286.7552,NA,NA,1044,NA
S01,2013-09-26T11:47:00Z,N,Baseflow,1,1,NA,NA,97,NA,1,NA,NA,NA
S01,2014-09-26T14:50:00Z,N,Baseflow,1,1,NA,NA,130,145.7066,1,NA,547,NA
S01,2010-09-28T11:05:00Z,N,Stormwater,NA,NA,NA,NA,63,NA,NA,NA,NA,NA
S01,2012-09-07T17:30:00Z,N,Stormwater,NA,NA,NA,NA,63,NA,1,NA,NA,NA
S01,2017-09-07T04:30:00Z,N,Stormwater,NA,NA,NA,NA,NA,NA,1,NA,NA,NA
S01,2017-09-07T16:48:00Z,N,Stormwater,NA,NA,NA,NA,NA,66.69668,NA,NA,268.6,NA
S01,2017-09-07T16:51:00Z,N,Stormwater,NA,NA,NA,NA,NA,66.86696,NA,NA,269.2,NA
S01,2017-09-07T16:54:00Z,N,Stormwater,NA,NA,NA,NA,NA,67.03724,NA,NA,269.8,NA
S01,2017-09-07T17:10:00Z,N,Stormwater,NA,NA,NA,NA,44,NA,NA,NA,NA,NA
S01,2015-10-01T10:40:00Z,N,Stormwater,17.6,4050,NA,NA,74,NA,60.7,NA,NA,NA
S01,2014-10-17T09:50:00Z,N,Stormwater,36.4,8.57,NA,NA,140,1,126,NA,1,NA
S01,2014-10-06T10:20:00Z,N,Stormwater,28.3,6.34,NA,NA,NA,1,96.8,NA,1,NA
S01,2017-02-19T13:30:00Z,N,Spring Melt,NA,NA,NA,NA,210,NA,NA,NA,NA,NA
S01,2017-02-19T13:40:00Z,N,Spring Melt,NA,NA,NA,NA,NA,1,NA,NA,1,NA
S01,2017-02-19T13:45:00Z,N,Spring Melt,NA,NA,NA,NA,NA,1,NA,NA,1,NA
S01,2018-02-21T16:50:00Z,N,Spring Melt,NA,NA,NA,NA,NA,1,NA,NA,1,NA
S01,2018-02-21T16:52:00Z,N,Spring Melt,NA,NA,NA,NA,NA,1,NA,NA,1,NA
S01,2018-02-21T16:54:00Z,N,Spring Melt,NA,NA,NA,NA,NA,1,NA,NA,1,NA
S01,2018-02-21T16:55:00Z,N,Spring Melt,NA,NA,NA,NA,190,NA,NA,NA,NA,NA
S01,2018-02-27T10:22:00Z,N,Spring Melt,NA,NA,NA,NA,NA,1,NA,NA,1,NA
S01,2018-02-27T10:25:00Z,N,Spring Melt,NA,NA,NA,NA,NA,1,NA,NA,1,NA
S01,2018-02-27T10:28:00Z,N,Spring Melt,NA,NA,NA,NA,NA,1,NA,NA,1,NA
S01,2018-02-27T10:30:00Z,N,Spring Melt,NA,NA,NA,NA,180,NA,NA,NA,NA,NA
S01,2017-03-01T15:15:00Z,N,Spring Melt,NA,NA,NA,NA,NA,1,NA,NA,1,NA
S01,2017-03-01T15:20:00Z,N,Spring Melt,NA,NA,NA,NA,140,1,NA,NA,1,NA
S01,2013-03-13T13:30:00Z,N,Spring Melt,NA,NA,NA,NA,43,1,37,0,1,NA
S01,2019-03-13T17:15:00Z,N,Spring Melt,NA,NA,NA,NA,NA,1,NA,NA,1,NA
S01,2019-03-13T17:16:00Z,N,Spring Melt,NA,NA,NA,NA,270,NA,NA,NA,NA,NA
S01,2019-03-15T15:52:00Z,N,Spring Melt,NA,NA,NA,NA,NA,1,NA,NA,1,NA
S01,2019-03-15T15:53:00Z,N,Spring Melt,NA,NA,NA,NA,230,NA,NA,NA,NA,NA
S01,2017-03-17T16:45:00Z,N,Spring Melt,NA,NA,NA,NA,NA,1,NA,NA,1,NA
S01,2017-03-17T16:50:00Z,N,Spring Melt,NA,NA,NA,NA,NA,1,NA,NA,1,NA
S01,2017-03-17T16:55:00Z,N,Spring Melt,NA,NA,NA,NA,310,NA,NA,NA,NA,NA
S01,2014-03-20T14:42:00Z,N,Spring Melt,NA,NA,NA,NA,290,1,66,NA,1,NA
S01,2019-03-24T17:55:00Z,N,Spring Melt,NA,NA,NA,NA,NA,1,NA,NA,1,NA
S01,2019-03-24T17:57:00Z,N,Spring Melt,NA,NA,NA,NA,110,NA,NA,NA,NA,NA
S01,2013-03-28T14:50:00Z,N,Spring Melt,NA,NA,NA,NA,75,1,53,0,1,0
S01,2014-03-28T14:10:00Z,N,Spring Melt,NA,NA,NA,NA,240,1,120,NA,1,NA
S01,2018-03-28T18:10:00Z,N,Spring Melt,NA,NA,NA,NA,NA,1,NA,NA,1,NA
S01,2018-03-28T18:13:00Z,N,Spring Melt,NA,NA,NA,NA,NA,1,NA,NA,1,NA
S01,2018-03-28T18:15:00Z,N,Spring Melt,NA,NA,NA,NA,NA,1,NA,NA,1,NA
S01,2018-03-28T18:18:00Z,N,Spring Melt,NA,NA,NA,NA,160,NA,NA,NA,NA,NA
S01,2019-03-29T10:04:00Z,N,Spring Melt,NA,NA,NA,NA,NA,1,NA,NA,1,NA
S01,2019-03-29T10:10:00Z,N,Spring Melt,NA,NA,NA,NA,100,NA,NA,NA,NA,NA
S01,2013-03-06T13:40:00Z,N,Spring Melt,NA,NA,NA,NA,120,1,70,0,1,0
S01,2018-03-06T15:12:00Z,N,Spring Melt,NA,NA,NA,NA,NA,1,NA,NA,1,NA
S01,2018-03-06T15:14:00Z,N,Spring Melt,NA,NA,NA,NA,NA,1,NA,NA,1,NA
S01,2018-03-06T15:15:00Z,N,Spring Melt,NA,NA,NA,NA,200,NA,NA,NA,NA,NA
S01,2018-03-06T15:16:00Z,N,Spring Melt,NA,NA,NA,NA,NA,1,NA,NA,1,NA
S01,2017-03-09T14:50:00Z,N,Spring Melt,NA,NA,NA,NA,NA,1,NA,NA,1,NA
S01,2017-03-09T14:55:00Z,N,Spring Melt,NA,NA,NA,NA,140,1,NA,NA,1,NA
S01,2013-04-02T10:55:00Z,N,Spring Melt,NA,NA,NA,NA,71,1,57,0,1,0
S01,2014-04-08T14:16:00Z,N,Spring Melt,NA,NA,NA,NA,52,1,32,NA,1,NA
S01,2017-05-01T16:50:00Z,N,Baseflow,NA,NA,NA,NA,110,1,85,NA,1,NA
S01,2017-05-01T16:55:00Z,N,Baseflow,NA,NA,NA,NA,NA,1,NA,NA,1,NA
S01,2017-05-01T17:00:00Z,N,Baseflow,NA,NA,NA,NA,NA,1,NA,NA,1,NA
S01,2018-05-10T15:09:00Z,N,Baseflow,NA,NA,NA,NA,NA,1,NA,NA,1,NA
S01,2018-05-10T15:14:00Z,N,Baseflow,NA,NA,NA,NA,NA,1,NA,NA,1,NA
S01,2018-05-10T15:18:00Z,N,Baseflow,NA,NA,NA,NA,NA,1,NA,NA,1,NA
S01,2018-05-10T15:20:00Z,N,Baseflow,NA,NA,NA,NA,170,NA,130,NA,NA,NA
S01,2016-05-12T15:30:00Z,N,Baseflow,NA,NA,NA,NA,NA,1,NA,NA,1,NA
S01,2016-05-12T15:40:00Z,N,Baseflow,NA,NA,NA,NA,180,NA,140,NA,NA,NA
S01,2014-05-14T10:20:00Z,N,Baseflow,40.9,9.07,NA,NA,180,1,140,NA,1,NA
S01,2018-05-19T18:00:00Z,N,Stormwater,NA,NA,NA,NA,NA,NA,150,NA,NA,NA
S01,2018-05-21T13:33:00Z,N,Stormwater,NA,NA,NA,NA,NA,1,NA,NA,1,NA
S01,2018-05-21T13:35:00Z,N,Stormwater,NA,NA,NA,NA,160,1,NA,NA,1,NA
S01,2018-05-21T13:37:00Z,N,Stormwater,NA,NA,NA,NA,NA,1,NA,NA,1,NA
S01,2013-05-29T08:15:00Z,N,Baseflow,NA,NA,NA,NA,98,1,95,0,1,0
S01,2017-05-05T17:00:00Z,N,Stormwater,NA,NA,NA,NA,NA,NA,76,NA,NA,NA
S01,2015-05-06T11:45:00Z,N,Baseflow,40.9,8760,NA,NA,190,1,138,NA,1,NA
S01,2017-05-07T13:28:00Z,N,Stormwater,NA,NA,NA,NA,NA,1,NA,NA,1,NA
S01,2017-05-07T13:31:00Z,N,Stormwater,NA,NA,NA,NA,73,NA,NA,NA,NA,NA
S01,2017-05-07T13:34:00Z,N,Stormwater,NA,NA,NA,NA,NA,1,NA,NA,1,NA
S01,2015-06-01T13:45:00Z,N,Stormwater,34.2,7270,NA,NA,180,1,115,NA,1,NA
S01,2019-06-10T12:05:00Z,N,Baseflow,NA,NA,NA,NA,140,NA,140,NA,NA,NA
S01,2014-06-13T12:38:00Z,N,Stormwater,24,5.64,NA,NA,100,1,83.2,NA,1,NA
S01,2013-06-20T09:40:00Z,N,Baseflow,NA,NA,NA,NA,100,1,110,0,1,0
S01,2016-06-05T20:30:00Z,N,Stormwater,NA,NA,NA,NA,200,NA,149,NA,NA,NA
S01,2016-06-07T10:45:00Z,N,Stormwater,NA,NA,NA,NA,NA,1,NA,NA,1,NA
S01,2016-06-07T10:55:00Z,N,Stormwater,NA,NA,NA,NA,NA,1,NA,NA,1,NA
S01,2015-07-14T11:45:00Z,N,Baseflow,64.1,14200,NA,NA,370,1,218,NA,1,NA
S01,2016-07-14T22:30:00Z,N,Stormwater,NA,NA,NA,NA,160,NA,107,NA,NA,NA
S01,2016-07-15T15:36:00Z,N,Stormwater,NA,NA,NA,NA,NA,1,NA,NA,1,NA
S01,2016-07-15T15:41:00Z,N,Stormwater,NA,NA,NA,NA,NA,1,NA,NA,1,NA
S01,2017-07-17T16:05:00Z,N,Baseflow,NA,NA,NA,NA,NA,1,NA,NA,1,NA
S01,2017-07-17T16:10:00Z,N,Baseflow,NA,NA,NA,NA,NA,1,NA,NA,1,NA
S01,2017-07-17T16:15:00Z,N,Baseflow,NA,NA,NA,NA,240,1,200,NA,1,NA
S01,2018-07-17T13:30:00Z,N,Stormwater,NA,NA,NA,NA,NA,NA,100,NA,NA,NA
S01,2018-07-18T13:57:00Z,N,Stormwater,NA,NA,NA,NA,NA,1,NA,NA,1,NA
S01,2018-07-18T13:58:00Z,N,Stormwater,NA,NA,NA,NA,160,1,NA,NA,1,NA
S01,2018-07-18T14:00:00Z,N,Stormwater,NA,NA,NA,NA,NA,1,NA,NA,1,NA
S01,2017-07-19T14:01:00Z,N,Stormwater,NA,NA,NA,NA,NA,1,NA,NA,1,NA
S01,2017-07-19T14:04:00Z,N,Stormwater,NA,NA,NA,NA,180,1,NA,NA,1,NA
S01,2017-07-19T14:07:00Z,N,Stormwater,NA,NA,NA,NA,NA,1,NA,NA,1,NA
S01,2014-07-22T11:35:00Z,N,Baseflow,48.9,10.7,NA,NA,210,1,166,NA,1,NA
S01,2016-07-06T11:45:00Z,N,Baseflow,NA,NA,NA,NA,290,1,199,NA,1,NA
S01,2016-07-06T11:55:00Z,N,Baseflow,NA,NA,NA,NA,NA,1,NA,NA,1,NA
S01,2018-07-09T14:00:00Z,N,Baseflow,NA,NA,NA,NA,360,NA,180,NA,NA,NA
S01,2018-07-09T14:04:00Z,N,Baseflow,NA,NA,NA,NA,NA,1,NA,NA,1,NA
S01,2018-07-09T14:06:00Z,N,Baseflow,NA,NA,NA,NA,NA,1,NA,NA,1,NA
S01,2018-07-09T14:07:00Z,N,Baseflow,NA,NA,NA,NA,NA,1,NA,NA,1,NA
S01,2013-08-01T14:00:00Z,N,Baseflow,44.4,8.29,NA,NA,92,NA,145,NA,NA,NA
S01,2015-08-12T11:25:00Z,FD,Stormwater,NA,NA,NA,NA,NA,NA,89.4,NA,NA,NA
S01,2015-08-12T11:25:00Z,N,Stormwater,25.7,6120,NA,NA,140,1,NA,NA,1,NA
S01,2013-08-02T10:50:00Z,N,Stormwater,27.6,5.71,NA,NA,72,NA,92.5,NA,NA,NA
S01,2013-09-13T12:20:00Z,N,Stormwater,22.1,5.18,NA,NA,65,NA,76.6,NA,NA,NA
S01,2018-09-17T13:32:00Z,N,Baseflow,NA,NA,NA,NA,NA,1,NA,NA,1,NA
S01,2018-09-17T13:33:00Z,N,Baseflow,NA,NA,NA,NA,NA,1,NA,NA,1,NA
S01,2018-09-17T13:34:00Z,N,Baseflow,NA,NA,NA,NA,NA,1,NA,NA,1,NA
S01,2018-09-17T13:37:00Z,N,Baseflow,NA,NA,NA,NA,140,NA,120,NA,NA,NA
S01,2015-09-18T10:40:00Z,N,Baseflow,43.5,9660,NA,NA,210,NA,148,NA,NA,NA
S01,2018-09-18T09:51:00Z,N,Stormwater,NA,NA,NA,NA,NA,NA,110,NA,NA,NA
S01,2018-09-19T13:22:00Z,N,Stormwater,NA,NA,NA,NA,NA,1,NA,NA,1,NA
S01,2018-09-19T13:23:00Z,N,Stormwater,NA,NA,NA,NA,NA,1,NA,NA,1,NA
S01,2018-09-19T13:24:00Z,N,Stormwater,NA,NA,NA,NA,96,1,NA,NA,1,NA
S01,2016-09-02T10:04:00Z,N,Baseflow,NA,NA,NA,NA,NA,1,NA,NA,1,NA
S01,2016-09-02T10:05:00Z,N,Baseflow,NA,NA,NA,NA,420,NA,228,NA,NA,NA
S01,2016-09-02T10:10:00Z,N,Baseflow,NA,NA,NA,NA,NA,1,NA,NA,1,NA
S01,2016-09-02T09:48:00Z,N,Baseflow,NA,NA,NA,NA,NA,1,NA,NA,1,NA
S01,2017-09-24T10:03:00Z,N,Baseflow,NA,NA,NA,NA,NA,1,NA,NA,1,NA
S01,2017-09-24T10:05:00Z,N,Baseflow,NA,NA,NA,NA,290,NA,170,NA,NA,NA
S01,2017-09-24T10:06:00Z,N,Baseflow,NA,NA,NA,NA,NA,1,NA,NA,1,NA
S01,2013-09-26T10:05:00Z,N,Baseflow,43,9.25,NA,NA,110,NA,146,NA,NA,NA
S01,2014-09-26T13:55:00Z,N,Baseflow,44,10.1,NA,NA,160,1,151,NA,1,NA
S01,2017-09-07T04:30:00Z,N,Stormwater,NA,NA,NA,NA,NA,NA,56,NA,NA,NA
S01,2017-09-07T17:38:00Z,N,Stormwater,NA,NA,NA,NA,NA,1,NA,NA,1,NA
S01,2017-09-07T17:41:00Z,N,Stormwater,NA,NA,NA,NA,NA,1,NA,NA,1,NA
S01,2017-09-07T17:44:00Z,N,Stormwater,NA,NA,NA,NA,NA,1,NA,NA,1,NA
S01,2017-09-07T17:53:00Z,N,Stormwater,NA,NA,NA,NA,60,NA,NA,NA,NA,NA
S01,2010-10-01T16:01:00Z,N,Stormwater,NA,NA,NA,NA,NA,NA,NA,NA,NA,NA
S01,2015-10-01T11:40:00Z,N,Stormwater,29.2,6970,NA,NA,160,NA,102,NA,NA,NA
S01,2012-10-11T16:13:00Z,N,Stormwater,NA,NA,NA,NA,120,159.8966,NA,0,597,0
S01,2010-10-15T09:00:00Z,N,Stormwater,NA,NA,NA,NA,NA,NA,NA,NA,NA,NA
S01,2014-10-17T10:45:00Z,N,Stormwater,26.4,8.04,NA,NA,150,81.5678,99.1,NA,321,NA
S01,2010-10-21T13:10:00Z,N,Baseflow,NA,NA,NA,NA,NA,NA,NA,NA,NA,NA
S01,2011-10-25T14:00:00Z,N,Stormwater,NA,NA,NA,NA,69,86.96,77,NA,340,0
S01,2012-10-25T16:31:00Z,N,Baseflow,NA,NA,NA,NA,79,NA,100,NA,NA,NA
S01,2010-10-06T14:16:00Z,N,Stormwater,NA,NA,NA,NA,NA,NA,NA,NA,NA,NA
S01,2014-10-06T10:48:00Z,N,Stormwater,26.2,6.98,NA,NA,140,140.0306,94.2,NA,527,NA
S01,2010-11-15T13:20:00Z,N,Baseflow,NA,NA,NA,NA,NA,NA,NA,NA,NA,NA
S01,2012-11-29T07:10:00Z,N,Baseflow,NA,NA,NA,NA,120,NA,130,NA,NA,NA
S01,2011-11-30T11:05:00Z,N,Stormwater,NA,NA,NA,NA,36,NA,46,NA,NA,NA
S01,2011-11-09T16:00:00Z,N,Baseflow,NA,NA,NA,NA,72,109.0964,83,NA,418,0
S01,2012-02-17T10:35:00Z,N,Spring Melt,NA,NA,NA,NA,120,138.044,NA,NA,520,NA
S01,2017-02-19T14:25:00Z,N,Spring Melt,NA,NA,NA,NA,380,NA,NA,NA,NA,NA
S01,2017-02-19T14:35:00Z,N,Spring Melt,NA,NA,NA,NA,NA,375.8684,NA,NA,1358,NA
S01,2017-02-19T14:40:00Z,N,Spring Melt,NA,NA,NA,NA,NA,376.7198,NA,NA,1361,NA
S01,2018-02-21T17:05:00Z,N,Spring Melt,NA,NA,NA,NA,NA,205.5884,NA,NA,758,NA
S01,2018-02-21T17:07:00Z,N,Spring Melt,NA,NA,NA,NA,NA,204.1694,NA,NA,753,NA
S01,2018-02-21T17:09:00Z,N,Spring Melt,NA,NA,NA,NA,NA,203.318,NA,NA,750,NA
S01,2018-02-21T17:10:00Z,N,Spring Melt,NA,NA,NA,NA,220,NA,NA,NA,NA,NA
S01,2018-02-27T10:44:00Z,N,Spring Melt,NA,NA,NA,NA,NA,256.6724,NA,NA,938,NA
S01,2018-02-27T10:47:00Z,N,Spring Melt,NA,NA,NA,NA,NA,256.9562,NA,NA,939,NA
S01,2018-02-27T10:50:00Z,N,Spring Melt,NA,NA,NA,NA,NA,257.5238,NA,NA,941,NA
S01,2018-02-27T10:51:00Z,N,Spring Melt,NA,NA,NA,NA,290,NA,NA,NA,NA,NA
S01,2017-03-01T16:15:00Z,N,Spring Melt,NA,NA,NA,NA,NA,186.0062,NA,NA,689,NA
S01,2017-03-01T16:20:00Z,N,Spring Melt,NA,NA,NA,NA,190,NA,NA,NA,NA,NA
S01,2017-03-01T16:25:00Z,N,Spring Melt,NA,NA,NA,NA,NA,185.1548,NA,NA,686,NA
S01,2013-03-13T14:00:00Z,N,Spring Melt,NA,NA,NA,NA,48,59.916698,34,0,244.71,NA
S01,2019-03-13T17:31:00Z,N,Spring Melt,NA,NA,NA,NA,NA,464.9816,NA,NA,1672,NA
S01,2019-03-13T17:32:00Z,N,Spring Melt,NA,NA,NA,NA,500,NA,NA,NA,NA,NA
S01,2012-03-14T11:50:00Z,N,Spring Melt,NA,NA,NA,NA,72,92.9198,NA,NA,361,0
S01,2014-03-14T14:48:00Z,N,Spring Melt,NA,NA,NA,NA,440,NA,81,NA,NA,NA
S01,2019-03-15T16:07:00Z,N,Spring Melt,NA,NA,NA,NA,NA,182.033,NA,NA,675,NA
S01,2019-03-15T16:09:00Z,N,Spring Melt,NA,NA,NA,NA,190,NA,NA,NA,NA,NA
S01,2012-03-16T15:30:00Z,N,Spring Melt,NA,NA,NA,NA,120,142.301,NA,0,535,0
S01,2017-03-17T17:20:00Z,N,Spring Melt,NA,NA,NA,NA,430,NA,NA,NA,NA,NA
S01,2017-03-17T17:25:00Z,N,Spring Melt,NA,NA,NA,NA,NA,426.3848,NA,NA,1536,NA
S01,2017-03-17T17:30:00Z,N,Spring Melt,NA,NA,NA,NA,NA,426.9524,NA,NA,1538,NA
S01,2014-03-20T15:11:00Z,N,Spring Melt,NA,NA,NA,NA,230,226.5896,56,NA,832,NA
S01,2012-03-22T11:20:00Z,N,Spring Melt,NA,NA,NA,NA,95,124.4216,NA,0,472,0
S01,2011-03-24T12:30:00Z,N,Baseflow,NA,NA,NA,NA,NA,150.5312,NA,NA,564,NA
S01,2019-03-24T18:11:00Z,N,Spring Melt,NA,NA,NA,NA,NA,138.6116,NA,NA,522,NA
S01,2019-03-24T18:13:00Z,N,Spring Melt,NA,NA,NA,NA,150,NA,NA,NA,NA,NA
S01,2019-03-24T18:14:00Z,N,Spring Melt,NA,NA,NA,NA,150,NA,NA,NA,NA,NA
S01,2013-03-28T14:15:00Z,N,Spring Melt,NA,NA,NA,NA,86,111.3668,51,0,426,0
S01,2014-03-28T15:00:00Z,N,Spring Melt,NA,NA,NA,NA,310,294.134,110,NA,1070,NA
S01,2018-03-28T18:30:00Z,N,Spring Melt,NA,NA,NA,NA,NA,140.882,NA,NA,530,NA
S01,2018-03-28T18:33:00Z,N,Spring Melt,NA,NA,NA,NA,NA,140.3144,NA,NA,528,NA
S01,2018-03-28T18:36:00Z,N,Spring Melt,NA,NA,NA,NA,NA,139.7468,NA,NA,526,NA
S01,2018-03-28T18:37:00Z,N,Spring Melt,NA,NA,NA,NA,150,NA,NA,NA,NA,NA
S01,2019-03-29T10:29:00Z,N,Spring Melt,NA,NA,NA,NA,NA,192.2498,NA,NA,711,NA
S01,2019-03-29T10:45:00Z,N,Spring Melt,NA,NA,NA,NA,200,NA,NA,NA,NA,NA
S01,2011-03-31T10:50:00Z,N,Baseflow,NA,NA,NA,NA,NA,145.9904,NA,NA,548,NA
S01,2013-03-06T14:20:00Z,N,Spring Melt,NA,NA,NA,NA,130,171.2486,60,0,637,0
S01,2018-03-06T15:31:00Z,N,Spring Melt,NA,NA,NA,NA,NA,252.4154,NA,NA,923,NA
S01,2018-03-06T15:33:00Z,N,Spring Melt,NA,NA,NA,NA,NA,252.4154,NA,NA,923,NA
S01,2018-03-06T15:35:00Z,N,Spring Melt,NA,NA,NA,NA,NA,252.4154,NA,NA,923,NA
S01,2018-03-06T15:45:00Z,N,Spring Melt,NA,NA,NA,NA,300,NA,NA,NA,NA,NA
S01,2017-03-09T15:25:00Z,N,Spring Melt,NA,NA,NA,NA,190,196.7906,NA,NA,727,NA
S01,2017-03-09T15:30:00Z,N,Spring Melt,NA,NA,NA,NA,NA,196.223,NA,NA,725,NA
S01,2011-04-11T10:35:00Z,N,Stormwater,NA,NA,NA,NA,NA,103.988,NA,NA,400,0
S01,2012-04-19T13:16:00Z,N,Baseflow,NA,NA,NA,NA,260,282.782,NA,0,1030,0
S01,2013-04-02T11:55:00Z,N,Spring Melt,NA,NA,NA,NA,67,74.189,43,0,295,0
S01,2011-04-05T11:15:00Z,N,Stormwater,NA,NA,NA,NA,NA,100.2986,NA,NA,387,NA
S01,2014-04-08T14:47:00Z,N,Spring Melt,NA,NA,NA,NA,56,56.3096,30,NA,232,NA
S01,2017-05-01T17:17:00Z,N,Baseflow,NA,NA,NA,NA,NA,177.2084,NA,NA,658,NA
S01,2017-05-01T17:20:00Z,N,Baseflow,NA,NA,NA,NA,160,NA,78,NA,NA,NA
S01,2017-05-01T17:21:00Z,N,Baseflow,NA,NA,NA,NA,NA,177.4922,NA,NA,659,NA
S01,2017-05-01T17:25:00Z,N,Baseflow,NA,NA,NA,NA,NA,177.4922,NA,NA,659,NA
S01,2018-05-10T15:47:00Z,N,Baseflow,NA,NA,NA,NA,NA,349.7588,NA,NA,1266,NA
S01,2018-05-10T15:49:00Z,N,Baseflow,NA,NA,NA,NA,NA,349.7588,NA,NA,1266,NA
S01,2018-05-10T15:50:00Z,N,Baseflow,NA,NA,NA,NA,350,NA,140,NA,NA,NA
S01,2018-05-10T15:53:00Z,N,Baseflow,NA,NA,NA,NA,NA,349.7588,NA,NA,1266,NA
S01,2016-05-12T16:55:00Z,N,Baseflow,NA,NA,NA,NA,NA,188.2766,NA,NA,697,NA
S01,2016-05-12T17:05:00Z,N,Baseflow,NA,NA,NA,NA,270,NA,160,NA,NA,NA
S01,2014-05-14T11:20:00Z,N,Baseflow,35.5,9.38,NA,NA,200,201.0476,127,NA,742,NA
S01,2011-05-16T11:00:00Z,N,Stormwater,NA,NA,NA,NA,NA,50.3498,40,NA,211,0
S01,2018-05-19T18:00:00Z,N,Stormwater,NA,NA,NA,NA,NA,NA,200,NA,NA,NA
S01,2018-05-21T13:55:00Z,N,Stormwater,NA,NA,NA,NA,380,383.2472,NA,NA,1384,NA
S01,2018-05-21T13:58:00Z,N,Stormwater,NA,NA,NA,NA,NA,382.112,NA,NA,1380,NA
S01,2013-05-29T09:50:00Z,N,Baseflow,NA,NA,NA,NA,120,147.1256,77,0,552,0
S01,2017-05-05T17:00:00Z,N,Stormwater,NA,NA,NA,NA,NA,NA,57,NA,NA,NA
S01,2015-05-06T12:15:00Z,N,Baseflow,26.1,6420,NA,NA,180,163.586,91.5,NA,610,NA
S01,2017-05-07T13:47:00Z,N,Stormwater,NA,NA,NA,NA,NA,100.2986,NA,NA,387,NA
S01,2017-05-07T13:50:00Z,N,Stormwater,NA,NA,NA,NA,86,NA,NA,NA,NA,NA
S01,2017-05-07T13:52:00Z,N,Stormwater,NA,NA,NA,NA,NA,100.2986,NA,NA,387,NA
S01,2015-06-01T14:25:00Z,N,Stormwater,27.8,7060,NA,NA,230,53.7554,98.5,NA,223,NA
S01,2019-06-10T12:50:00Z,FD,Baseflow,NA,NA,NA,NA,NA,NA,120,NA,NA,NA
S01,2019-06-10T12:50:00Z,N,Baseflow,NA,NA,NA,NA,250,NA,120,NA,NA,NA
S01,2012-06-12T11:00:00Z,N,Baseflow,NA,NA,NA,NA,73,97.7444,NA,NA,378,0
S01,2014-06-13T13:05:00Z,N,Stormwater,28.6,7.76,NA,NA,170,150.5312,103,NA,564,NA
S01,2013-06-20T10:10:00Z,N,Baseflow,NA,NA,NA,NA,140,205.3046,110,0,757,0
S01,2011-06-27T12:00:00Z,N,Stormwater,NA,NA,NA,NA,NA,86.6762,NA,NA,339,0
S01,2016-06-05T20:30:00Z,N,Stormwater,NA,NA,NA,NA,310,NA,152,NA,NA,NA
S01,2016-06-07T11:40:00Z,N,Stormwater,NA,NA,NA,NA,NA,124.9892,NA,NA,474,NA
S01,2016-06-07T11:45:00Z,N,Stormwater,NA,NA,NA,NA,NA,124.9892,NA,NA,474,NA
S01,2011-07-13T12:35:00Z,N,Baseflow,NA,NA,NA,NA,190,246.4556,150,NA,902,0
S01,2012-07-13T12:15:00Z,N,Baseflow,NA,NA,NA,NA,210,244.469,NA,NA,895,0
S01,2015-07-14T12:40:00Z,N,Baseflow,67.8,17000,NA,NA,490,560.906,239,NA,2010,NA
S01,2016-07-14T22:30:00Z,FD,Stormwater,NA,NA,NA,NA,NA,NA,NA,NA,NA,NA
S01,2016-07-14T22:30:00Z,N,Stormwater,NA,NA,NA,NA,240,NA,161,NA,NA,NA
S01,2016-07-15T16:26:00Z,N,Stormwater,NA,NA,NA,NA,NA,200.48,NA,NA,740,NA
S01,2016-07-15T16:31:00Z,N,Stormwater,NA,NA,NA,NA,NA,200.48,NA,NA,740,NA
S01,2017-07-17T16:40:00Z,N,Baseflow,NA,NA,NA,NA,NA,479.7392,NA,NA,1724,NA
S01,2017-07-17T16:45:00Z,N,Baseflow,NA,NA,NA,NA,440,478.0364,230,NA,1718,NA
S01,2017-07-17T16:50:00Z,N,Baseflow,NA,NA,NA,NA,NA,479.4554,NA,NA,1723,NA
S01,2018-07-17T13:30:00Z,N,Stormwater,NA,NA,NA,NA,NA,NA,310,NA,NA,NA
S01,2017-07-18T13:30:00Z,N,Stormwater,NA,NA,NA,NA,NA,NA,150,NA,NA,NA
S01,2018-07-18T14:28:00Z,N,Stormwater,NA,NA,NA,NA,350,NA,NA,NA,NA,NA
S01,2018-07-18T14:29:00Z,N,Stormwater,NA,NA,NA,NA,NA,302.9318,NA,NA,1101,NA
S01,2018-07-18T14:31:00Z,N,Stormwater,NA,NA,NA,NA,NA,354.0158,NA,NA,1281,NA
S01,2018-07-18T14:33:00Z,N,Stormwater,NA,NA,NA,NA,NA,354.2996,NA,NA,1282,NA
S01,2017-07-19T14:24:00Z,N,Stormwater,NA,NA,NA,NA,NA,332.7308,NA,NA,1206,NA
S01,2017-07-19T14:27:00Z,N,Stormwater,NA,NA,NA,NA,NA,332.7308,NA,NA,1206,NA
S01,2017-07-19T14:28:00Z,N,Stormwater,NA,NA,NA,NA,310,NA,NA,NA,NA,NA
S01,2014-07-22T12:07:00Z,N,Baseflow,40.7,10.8,NA,NA,240,221.4812,146,NA,814,NA
S01,2012-07-26T15:30:00Z,N,Stormwater,NA,NA,NA,NA,100,128.111,NA,NA,485,0
S01,2016-07-06T10:00:00Z,N,Baseflow,NA,NA,NA,NA,NA,419.006,NA,NA,1510,NA
S01,2016-07-06T09:45:00Z,N,Baseflow,NA,NA,NA,NA,360,NA,194,NA,NA,NA
S01,2016-07-06T09:47:00Z,N,Baseflow,NA,NA,NA,NA,NA,413.33,NA,NA,1490,NA
S01,2018-07-09T14:40:00Z,N,Baseflow,NA,NA,NA,NA,690,NA,270,NA,NA,NA
S01,2018-07-09T14:47:00Z,N,Baseflow,NA,NA,NA,NA,NA,662.22260000000006,NA,NA,2367,NA
S01,2018-07-09T14:49:00Z,N,Baseflow,NA,NA,NA,NA,NA,666.4796,NA,NA,2382,NA
S01,2018-07-09T14:51:00Z,N,Baseflow,NA,NA,NA,NA,NA,663.074,NA,NA,2370,NA
S01,2013-08-01T15:20:00Z,N,Baseflow,38,8.14,NA,NA,120,NA,128,NA,NA,NA
S01,2011-08-10T17:35:00Z,N,Stormwater,NA,NA,NA,NA,110,117.0428,NA,NA,446,0
S01,2015-08-12T12:15:00Z,N,Stormwater,24.2,5740,NA,NA,160,150.5312,84,NA,564,NA
S01,2010-08-19T13:10:00Z,N,Baseflow,NA,NA,NA,NA,420,NA,NA,NA,NA,NA
S01,2013-08-02T10:50:00Z,N,Stormwater,23.8,6.03,NA,NA,99,NA,84.1,NA,NA,NA
S01,2011-08-25T12:05:00Z,N,Baseflow,NA,NA,NA,NA,140,176.9246,100,NA,657,0
S01,2010-09-01T10:35:00Z,N,Baseflow,NA,NA,NA,NA,NA,NA,NA,NA,NA,NA
S01,2016-09-11T11:51:00Z,N,Stormwater,NA,NA,NA,NA,490,NA,226,NA,NA,NA
S01,2016-09-12T13:30:00Z,N,Stormwater,NA,NA,NA,NA,NA,350.894,NA,NA,1270,NA
S01,2016-09-12T13:35:00Z,N,Stormwater,NA,NA,NA,NA,NA,353.732,NA,NA,1280,NA
S01,2011-09-13T17:10:00Z,N,Baseflow,27,8.3,1,1,110,167.2754,100,NA,623,0
S01,2011-09-13T17:20:00Z,N,Stormwater,NA,NA,NA,NA,100,150.2474,NA,NA,563,0
S01,2013-09-13T13:03:00Z,N,Stormwater,16.7,4.27,NA,NA,64,NA,59.3,NA,NA,NA
S01,2012-09-14T10:10:00Z,N,Baseflow,NA,NA,NA,NA,150,242.1986,150,0,887,0
S01,2018-09-17T14:08:00Z,N,Baseflow,NA,NA,NA,NA,NA,184.5872,NA,NA,684,NA
S01,2018-09-17T14:09:00Z,N,Baseflow,NA,NA,NA,NA,NA,184.0196,NA,NA,682,NA
S01,2018-09-17T14:10:00Z,N,Baseflow,NA,NA,NA,NA,NA,183.1682,NA,NA,679,NA
S01,2018-09-17T14:11:00Z,N,Baseflow,NA,NA,NA,NA,210,NA,120,NA,NA,NA
S01,2015-09-18T11:25:00Z,N,Baseflow,41.9,10800,NA,NA,250,NA,149,NA,NA,NA
S01,2018-09-18T09:51:00Z,N,Stormwater,NA,NA,NA,NA,NA,NA,110,NA,NA,NA
S01,2018-09-19T14:24:00Z,N,Stormwater,NA,NA,NA,NA,NA,209.8454,NA,NA,773,NA
S01,2018-09-19T14:25:00Z,N,Stormwater,NA,NA,NA,NA,NA,209.8454,NA,NA,773,NA
S01,2018-09-19T14:26:00Z,N,Stormwater,NA,NA,NA,NA,NA,209.5616,NA,NA,772,NA
S01,2018-09-19T14:29:00Z,N,Stormwater,NA,NA,NA,NA,160,NA,NA,NA,NA,NA
S01,2016-09-02T12:00:00Z,N,Baseflow,NA,NA,NA,NA,450,NA,230,NA,NA,NA
S01,2016-09-02T12:10:00Z,N,Baseflow,NA,NA,NA,NA,NA,487.118,NA,NA,1750,NA
S01,2016-09-02T12:16:00Z,N,Baseflow,NA,NA,NA,NA,NA,487.118,NA,NA,1750,NA
S01,2016-09-02T12:19:00Z,N,Baseflow,NA,NA,NA,NA,NA,487.118,NA,NA,1750,NA
S01,2017-09-24T10:19:00Z,N,Baseflow,NA,NA,NA,NA,NA,274.8356,NA,NA,1002,NA
S01,2017-09-24T10:23:00Z,N,Baseflow,NA,NA,NA,NA,NA,273.1328,NA,NA,996,NA
S01,2017-09-24T10:25:00Z,N,Baseflow,NA,NA,NA,NA,480,NA,240,NA,NA,NA
S01,2017-09-24T10:26:00Z,N,Baseflow,NA,NA,NA,NA,NA,272.5652,NA,NA,994,NA
S01,2013-09-26T11:15:00Z,N,Baseflow,36,9.41,NA,NA,140,NA,129,NA,NA,NA
S01,2014-09-26T14:30:00Z,N,Baseflow,38.9,10.9,NA,NA,210,204.1694,142,NA,753,NA
S01,2010-09-28T09:10:00Z,N,Stormwater,NA,NA,NA,NA,NA,NA,NA,NA,NA,NA
S01,2010-09-28T09:16:00Z,FD,Stormwater,NA,NA,NA,NA,NA,NA,NA,NA,NA,NA
S01,2012-09-07T17:05:00Z,N,Stormwater,NA,NA,NA,NA,140,195.0878,120,NA,721,0
S01,2017-09-07T04:30:00Z,N,Stormwater,NA,NA,NA,NA,NA,NA,65,NA,NA,NA
S01,2017-09-08T10:36:00Z,N,Stormwater,NA,NA,NA,NA,NA,101.97302,NA,NA,392.9,NA
S01,2017-09-08T10:39:00Z,N,Stormwater,NA,NA,NA,NA,NA,101.97302,NA,NA,392.9,NA
S01,2017-09-08T10:41:00Z,N,Stormwater,NA,NA,NA,NA,NA,82.1354,NA,NA,323,NA
S01,2017-09-08T11:00:00Z,N,Stormwater,NA,NA,NA,NA,78,NA,NA,NA,NA,NA
S01,2015-10-01T11:00:00Z,N,Stormwater,27.2,6100,NA,NA,130,NA,93,NA,NA,NA
S01,2014-10-17T10:05:00Z,N,Stormwater,26.4,6.48,NA,NA,100,67.6616,92.7,NA,272,NA
S01,2011-10-20T10:15:00Z,N,Stormwater,NA,NA,NA,NA,NA,NA,NA,NA,NA,NA
S01,2014-10-06T10:30:00Z,N,Stormwater,NA,NA,NA,NA,NA,146.558,NA,NA,550,NA
S01,2011-11-30T10:55:00Z,N,Stormwater,NA,NA,NA,NA,NA,NA,NA,NA,NA,NA
S01,2011-11-09T15:45:00Z,N,Baseflow,NA,NA,NA,NA,NA,104.5556,NA,NA,402,0.261
S01,2017-02-19T14:00:00Z,N,Spring Melt,NA,NA,NA,NA,190,NA,NA,NA,NA,NA
S01,2017-02-19T14:05:00Z,N,Spring Melt,NA,NA,NA,NA,NA,205.8722,NA,NA,759,NA
S01,2017-02-19T14:10:00Z,N,Spring Melt,NA,NA,NA,NA,NA,207.0074,NA,NA,763,NA
S01,2017-03-01T17:05:00Z,N,Spring Melt,NA,NA,NA,NA,140,144.5714,NA,NA,543,NA
S01,2017-03-01T17:10:00Z,N,Spring Melt,NA,NA,NA,NA,NA,144.5714,NA,NA,543,NA
S01,2013-03-13T14:45:00Z,N,Spring Melt,NA,NA,NA,NA,NA,62.6519624,NA,0.1,254.348,NA
S01,2012-03-14T11:40:00Z,N,Spring Melt,NA,NA,NA,NA,NA,95.1902,NA,NA,369,0.24
S01,2014-03-14T14:22:00Z,N,Spring Melt,NA,NA,NA,NA,210,NA,70,NA,NA,NA
S01,2012-03-16T15:10:00Z,N,Spring Melt,NA,NA,NA,NA,NA,108.245,NA,0.2,415,0.289
S01,2017-03-17T18:15:00Z,N,Spring Melt,NA,NA,NA,NA,280,303.7832,NA,NA,1104,NA
S01,2017-03-17T18:20:00Z,N,Spring Melt,NA,NA,NA,NA,NA,303.4994,NA,NA,1103,NA
S01,2014-03-20T14:51:00Z,N,Spring Melt,NA,NA,NA,NA,270,269.4434,62,NA,983,NA
S01,2012-03-22T11:00:00Z,N,Spring Melt,NA,NA,NA,NA,NA,136.9088,NA,0.2,516,0.33
S01,2011-03-24T12:00:00Z,N,Baseflow,NA,NA,NA,NA,NA,126.4082,NA,NA,479,NA
S01,2013-03-28T15:35:00Z,N,Spring Melt,NA,NA,NA,NA,NA,110.2316,NA,0.2,422,0.272
S01,2014-03-28T14:25:00Z,N,Spring Melt,NA,NA,NA,NA,220,214.3862,120,NA,789,NA
S01,2011-03-31T11:15:00Z,N,Baseflow,NA,NA,NA,NA,NA,108.8126,NA,NA,417,NA
S01,2013-03-06T11:35:00Z,N,Spring Melt,NA,NA,NA,NA,NA,171.2486,NA,0.3,637,0.409
S01,2017-03-09T16:20:00Z,N,Spring Melt,NA,NA,NA,NA,110,126.1244,NA,NA,478,NA
S01,2017-03-09T16:25:00Z,N,Spring Melt,NA,NA,NA,NA,NA,126.4082,NA,NA,479,NA
S01,2011-04-11T10:45:00Z,N,Stormwater,NA,NA,NA,NA,NA,100.2986,NA,NA,387,0.25
S01,2013-04-02T11:05:00Z,N,Spring Melt,NA,NA,NA,NA,NA,116.759,NA,0.2,445,0.29
S01,2011-04-05T11:25:00Z,N,Stormwater,NA,NA,NA,NA,NA,98.5958,NA,NA,381,NA
S01,2014-04-08T14:25:00Z,N,Spring Melt,NA,NA,NA,NA,55,61.1342,40,NA,249,NA
S01,2017-05-01T18:03:00Z,N,Baseflow,NA,NA,NA,NA,NA,138.6116,NA,NA,522,NA
S01,2017-05-01T18:06:00Z,N,Baseflow,NA,NA,NA,NA,110,138.6116,86,NA,522,NA
S01,2017-05-01T18:09:00Z,N,Baseflow,NA,NA,NA,NA,NA,138.6116,NA,NA,522,NA
S01,2018-05-10T16:30:00Z,N,Baseflow,NA,NA,NA,NA,NA,202.7504,NA,NA,748,NA
S01,2018-05-10T16:33:00Z,N,Baseflow,NA,NA,NA,NA,NA,203.0342,NA,NA,749,NA
S01,2018-05-10T16:35:00Z,N,Baseflow,NA,NA,NA,NA,160,NA,130,NA,NA,NA
S01,2018-05-10T16:36:00Z,N,Baseflow,NA,NA,NA,NA,NA,203.0342,NA,NA,749,NA
S01,2016-05-12T16:00:00Z,N,Baseflow,NA,NA,NA,NA,NA,220.0622,NA,NA,809,NA
S01,2016-05-12T16:15:00Z,N,Baseflow,NA,NA,NA,NA,170,NA,139,NA,NA,NA
S01,2014-05-14T10:35:00Z,N,Baseflow,41.3,8.94,NA,NA,170,188.2766,140,NA,697,NA
S01,2018-05-19T18:00:00Z,N,Stormwater,NA,NA,NA,NA,NA,NA,150,NA,NA,NA
S01,2018-05-21T14:26:00Z,N,Stormwater,NA,NA,NA,NA,NA,179.4788,NA,NA,666,NA
S01,2018-05-21T14:28:00Z,N,Stormwater,NA,NA,NA,NA,NA,179.4788,NA,NA,666,NA
S01,2018-05-21T14:30:00Z,N,Stormwater,NA,NA,NA,NA,150,179.4788,NA,NA,666,NA
S01,2017-05-05T17:00:00Z,N,Stormwater,NA,NA,NA,NA,NA,NA,76,NA,NA,NA
S01,2015-05-06T12:00:00Z,N,Baseflow,40.4,8590,NA,NA,180,171.8162,136,NA,639,NA
S01,2017-05-07T14:20:00Z,N,Stormwater,NA,NA,NA,NA,NA,70.4996,NA,NA,282,NA
S01,2017-05-07T14:23:00Z,N,Stormwater,NA,NA,NA,NA,73,NA,NA,NA,NA,NA
S01,2017-05-07T14:25:00Z,N,Stormwater,NA,NA,NA,NA,NA,69.932,NA,NA,280,NA
S01,2015-06-01T14:00:00Z,N,Stormwater,36.9,7890,NA,NA,220,65.1074,124,NA,263,NA
S01,2019-06-10T12:20:00Z,N,Baseflow,NA,NA,NA,NA,140,NA,130,NA,NA,NA
S01,2014-06-13T12:49:00Z,N,Stormwater,31.7,7.19,NA,NA,65,105.6908,109,NA,406,NA
S01,2016-06-05T20:30:00Z,N,Stormwater,NA,NA,NA,NA,100,NA,103,NA,NA,NA
S01,2016-06-07T11:20:00Z,N,Stormwater,NA,NA,NA,NA,NA,120.7322,NA,NA,459,NA
S01,2016-06-07T11:25:00Z,N,Stormwater,NA,NA,NA,NA,NA,121.016,NA,NA,460,NA
S01,2011-07-13T11:45:00Z,N,Baseflow,NA,NA,NA,NA,NA,246.7394,NA,NA,903,0.578
S01,2015-07-14T12:00:00Z,N,Baseflow,63.8,14100,NA,NA,360,384.95,217,NA,1390,NA
S01,2016-07-15T15:57:00Z,N,Stormwater,NA,NA,NA,NA,NA,190.2632,NA,NA,704,NA
S01,2016-07-15T16:02:00Z,N,Stormwater,NA,NA,NA,NA,NA,190.2632,NA,NA,704,NA
S01,2017-07-17T17:35:00Z,N,Baseflow,NA,NA,NA,NA,NA,283.3496,NA,NA,1032,NA
S01,2017-07-17T17:38:00Z,N,Baseflow,NA,NA,NA,NA,NA,283.6334,NA,NA,1033,NA
S01,2017-07-17T17:40:00Z,N,Baseflow,NA,NA,NA,NA,250,NA,200,NA,NA,NA
S01,2017-07-17T17:41:00Z,N,Baseflow,NA,NA,NA,NA,NA,284.201,NA,NA,1035,NA
S01,2018-07-17T13:30:00Z,N,Stormwater,NA,NA,NA,NA,NA,NA,190,NA,NA,NA
S01,2018-07-18T15:09:00Z,N,Stormwater,NA,NA,NA,NA,150,NA,NA,NA,NA,NA
S01,2018-07-18T15:10:00Z,N,Stormwater,NA,NA,NA,NA,NA,162.167,NA,NA,605,NA
S01,2018-07-18T15:11:00Z,N,Stormwater,NA,NA,NA,NA,NA,162.167,NA,NA,605,NA
S01,2018-07-18T15:12:00Z,N,Stormwater,NA,NA,NA,NA,NA,161.8832,NA,NA,604,NA
S01,2017-07-19T15:11:00Z,N,Stormwater,NA,NA,NA,NA,NA,205.8722,NA,NA,759,NA
S01,2017-07-19T15:14:00Z,N,Stormwater,NA,NA,NA,NA,180,205.8722,NA,NA,759,NA
S01,2017-07-19T15:17:00Z,N,Stormwater,NA,NA,NA,NA,NA,205.8722,NA,NA,759,NA
S01,2014-07-22T11:45:00Z,N,Baseflow,47,10.3,NA,NA,200,225.7382,160,NA,829,NA
S01,2012-07-27T08:40:00Z,N,Stormwater,NA,NA,NA,NA,NA,NA,NA,NA,NA,NA
S01,2016-07-06T12:28:00Z,N,Baseflow,NA,NA,NA,NA,290,NA,207,NA,NA,NA
S01,2016-07-06T12:30:00Z,N,Baseflow,NA,NA,NA,NA,NA,356.57,NA,NA,1290,NA
S01,2016-07-06T12:37:00Z,N,Baseflow,NA,NA,NA,NA,NA,356.57,NA,NA,1290,NA
S01,2018-07-09T15:47:00Z,N,Baseflow,NA,NA,NA,NA,NA,367.3544,NA,NA,1328,NA
S01,2018-07-09T15:48:00Z,N,Baseflow,NA,NA,NA,NA,NA,375.5846,NA,NA,1357,NA
S01,2018-07-09T15:49:00Z,N,Baseflow,NA,NA,NA,NA,NA,377.855,NA,NA,1365,NA
S01,2018-07-09T15:50:00Z,N,Baseflow,NA,NA,NA,NA,300,NA,180,NA,NA,NA
S01,2013-08-01T14:20:00Z,N,Baseflow,45.7,7.76,NA,NA,88,NA,146,NA,NA,NA
S01,2011-08-10T00:00:00Z,N,Stormwater,NA,NA,NA,NA,NA,NA,NA,NA,NA,NA
S01,2015-08-12T11:40:00Z,N,Stormwater,23.4,5350,NA,NA,99,105.9746,80.4,NA,407,NA
S01,2013-08-02T10:50:00Z,N,Stormwater,29.3,7.04,NA,NA,66,NA,102,NA,NA,NA
S01,2011-08-25T12:20:00Z,N,Baseflow,NA,NA,NA,NA,NA,159.6128,NA,NA,596,0.382
S01,2011-09-13T16:55:00Z,N,Baseflow,NA,NA,NA,NA,NA,164.1536,NA,NA,612,0.392
S01,2013-09-13T12:33:00Z,N,Stormwater,22.4,5.15,NA,NA,66,NA,77.2,NA,NA,NA
S01,2012-09-14T10:00:00Z,N,Baseflow,NA,NA,NA,NA,NA,217.508,NA,0.4,800,0.512
S01,2018-09-17T14:49:00Z,N,Baseflow,NA,NA,NA,NA,NA,176.6408,NA,NA,656,NA
S01,2018-09-17T14:50:00Z,N,Baseflow,NA,NA,NA,NA,NA,176.357,NA,NA,655,NA
S01,2018-09-17T14:51:00Z,N,Baseflow,NA,NA,NA,NA,NA,176.6408,NA,NA,656,NA
S01,2018-09-17T14:52:00Z,N,Baseflow,NA,NA,NA,NA,130,NA,120,NA,NA,NA
S01,2015-09-18T10:50:00Z,N,Baseflow,43.4,9680,NA,NA,200,NA,148,NA,NA,NA
S01,2018-09-19T15:29:00Z,N,Stormwater,NA,NA,NA,NA,NA,129.01916,NA,NA,488.2,NA
S01,2018-09-19T15:30:00Z,N,Stormwater,NA,NA,NA,NA,NA,128.90564,NA,NA,487.8,NA
S01,2018-09-19T15:31:00Z,N,Stormwater,NA,NA,NA,NA,NA,128.59346,NA,NA,486.7,NA
S01,2018-09-19T15:32:00Z,N,Stormwater,NA,NA,NA,NA,99,NA,NA,NA,NA,NA
S01,2016-09-02T11:09:00Z,N,Baseflow,NA,NA,NA,NA,NA,438.872,NA,NA,1580,NA
S01,2016-09-02T11:15:00Z,N,Baseflow,NA,NA,NA,NA,380,NA,227,NA,NA,NA
S01,2016-09-02T11:18:00Z,N,Baseflow,NA,NA,NA,NA,NA,441.71,NA,NA,1590,NA
S01,2016-09-02T11:25:00Z,N,Baseflow,NA,NA,NA,NA,NA,441.71,NA,NA,1590,NA
S01,2017-09-24T10:58:00Z,N,Baseflow,NA,NA,NA,NA,NA,323.3654,NA,NA,1173,NA
S01,2017-09-24T11:00:00Z,N,Baseflow,NA,NA,NA,NA,NA,323.0816,NA,NA,1172,NA
S01,2017-09-24T11:03:00Z,N,Baseflow,NA,NA,NA,NA,NA,323.0816,NA,NA,1172,NA
S01,2017-09-24T11:05:00Z,N,Baseflow,NA,NA,NA,NA,270,NA,190,NA,NA,NA
S01,2013-09-26T10:18:00Z,N,Baseflow,43.7,9.23,NA,NA,100,NA,147,NA,NA,NA
S01,2014-09-26T14:10:00Z,N,Baseflow,42.1,9.59,NA,NA,150,176.6408,145,NA,656,NA
S01,2011-09-06T10:15:00Z,N,Stormwater,NA,NA,NA,NA,NA,168.1268,NA,NA,626,0.4
S01,2012-09-07T16:15:00Z,N,Stormwater,NA,NA,NA,NA,NA,132.0842,NA,NA,499,0.324
S01,2017-09-07T04:30:00Z,N,Stormwater,NA,NA,NA,NA,NA,NA,57,NA,NA,NA
S01,2017-09-08T10:08:00Z,N,Stormwater,NA,NA,NA,NA,NA,122.49176,NA,NA,465.2,NA
S01,2017-09-08T10:11:00Z,N,Stormwater,NA,NA,NA,NA,NA,122.77556,NA,NA,466.2,NA
S01,2017-09-08T10:14:00Z,N,Stormwater,NA,NA,NA,NA,NA,122.74718,NA,NA,466.1,NA
S01,2017-09-08T10:25:00Z,N,Stormwater,NA,NA,NA,NA,95,NA,NA,NA,NA,NA
S01,2015-10-01T11:15:00Z,N,Stormwater,17.4,4350,NA,NA,66,NA,61.4,NA,NA,NA
S01,2014-10-17T10:20:00Z,N,Stormwater,20.1,4.96,NA,NA,56,61.1342,70.7,NA,249,NA
S01,2011-10-20T10:00:00Z,N,Stormwater,NA,NA,NA,NA,NA,NA,NA,NA,NA,NA
S01,2012-10-26T08:05:00Z,N,Baseflow,NA,NA,NA,NA,NA,NA,NA,NA,NA,NA
S01,2014-10-06T10:40:00Z,N,Stormwater,NA,NA,NA,NA,NA,86.96,NA,NA,340,NA
S01,2012-11-29T06:55:00Z,N,Baseflow,NA,NA,NA,NA,NA,NA,NA,NA,NA,NA
S01,2011-11-30T11:15:00Z,N,Stormwater,NA,NA,NA,NA,NA,NA,NA,NA,NA,NA
S01,2011-11-09T16:15:00Z,N,Baseflow,NA,NA,NA,NA,NA,54.6068,NA,NA,226,0.147
S01,2017-02-19T14:50:00Z,N,Spring Melt,NA,NA,NA,NA,190,NA,NA,NA,NA,NA
S01,2017-02-19T15:00:00Z,N,Spring Melt,NA,NA,NA,NA,NA,183.1682,NA,NA,679,NA
S01,2017-02-19T15:05:00Z,N,Spring Melt,NA,NA,NA,NA,NA,183.7358,NA,NA,681,NA
S01,2017-03-01T16:45:00Z,N,Spring Melt,NA,NA,NA,NA,140,137.4764,NA,NA,518,NA
S01,2017-03-01T16:50:00Z,N,Spring Melt,NA,NA,NA,NA,NA,137.1926,NA,NA,517,NA
S01,2013-03-13T15:00:00Z,N,Spring Melt,NA,NA,NA,NA,NA,42.61625,NA,0.1,183.75,NA
S01,2012-03-14T12:05:00Z,N,Spring Melt,NA,NA,NA,NA,NA,49.2146,NA,NA,207,0.135
S01,2014-03-14T14:39:00Z,N,Spring Melt,NA,NA,NA,NA,230,NA,62,NA,NA,NA
S01,2012-03-16T15:15:00Z,N,Spring Melt,NA,NA,NA,NA,NA,55.742,NA,0.1,230,0.149
S01,2017-03-17T17:50:00Z,N,Spring Melt,NA,NA,NA,NA,150,NA,NA,NA,NA,NA
S01,2017-03-17T17:55:00Z,N,Spring Melt,NA,NA,NA,NA,NA,166.1402,NA,NA,619,NA
S01,2017-03-17T18:00:00Z,N,Spring Melt,NA,NA,NA,NA,NA,166.1402,NA,NA,619,NA
S01,2014-03-20T15:03:00Z,N,Spring Melt,NA,NA,NA,NA,200,175.7894,56,NA,653,NA
S01,2012-03-22T11:40:00Z,N,Spring Melt,NA,NA,NA,NA,NA,65.3912,NA,0.1,264,0.172
S01,2011-03-24T12:05:00Z,N,Baseflow,NA,NA,NA,NA,NA,65.3912,NA,NA,264,NA
S01,2013-03-28T15:50:00Z,N,Spring Melt,NA,NA,NA,NA,NA,50.9174,NA,0.1,213,0.138
S01,2014-03-28T14:40:00Z,N,Spring Melt,NA,NA,NA,NA,160,170.3972,74,NA,634,NA
S01,2011-03-31T11:08:00Z,N,Baseflow,NA,NA,NA,NA,NA,69.932,NA,NA,280,NA
S01,2013-03-06T11:55:00Z,N,Spring Melt,NA,NA,NA,NA,NA,107.3936,NA,0.2,412,0.268
S01,2017-03-09T15:55:00Z,N,Spring Melt,NA,NA,NA,NA,NA,137.7602,NA,NA,519,NA
S01,2017-03-09T16:00:00Z,N,Spring Melt,NA,NA,NA,NA,130,138.044,NA,NA,520,NA
S01,2011-04-11T10:30:00Z,N,Stormwater,NA,NA,NA,NA,NA,86.1086,NA,NA,337,0.22
S01,2013-04-02T11:20:00Z,N,Spring Melt,NA,NA,NA,NA,NA,27.9296,NA,0.1,132,0.086
S01,2011-04-05T11:35:00Z,N,Stormwater,NA,NA,NA,NA,NA,49.7822,NA,NA,209,NA
S01,2014-04-08T14:40:00Z,N,Spring Melt,NA,NA,NA,NA,32,33.3218,26,NA,151,NA
S01,2017-05-01T17:46:00Z,N,Baseflow,NA,NA,NA,NA,NA,87.8114,NA,NA,343,NA
S01,2017-05-01T17:49:00Z,N,Baseflow,NA,NA,NA,NA,NA,87.8114,NA,NA,343,NA
S01,2017-05-01T17:50:00Z,N,Baseflow,NA,NA,NA,NA,67,NA,57,NA,NA,NA
S01,2017-05-01T17:53:00Z,N,Baseflow,NA,NA,NA,NA,NA,87.8114,NA,NA,343,NA
S01,2018-05-10T16:14:00Z,N,Baseflow,NA,NA,NA,NA,NA,153.3692,NA,NA,574,NA
S01,2018-05-10T16:15:00Z,N,Baseflow,NA,NA,NA,NA,130,NA,92,NA,NA,NA
S01,2018-05-10T16:18:00Z,N,Baseflow,NA,NA,NA,NA,NA,154.7882,NA,NA,579,NA
S01,2018-05-10T16:20:00Z,N,Baseflow,NA,NA,NA,NA,NA,154.7882,NA,NA,579,NA
S01,2016-05-12T16:30:00Z,N,Baseflow,NA,NA,NA,NA,NA,139.1792,NA,NA,524,NA
S01,2016-05-12T16:40:00Z,N,Baseflow,NA,NA,NA,NA,120,NA,98.1,NA,NA,NA
S01,2014-05-14T11:05:00Z,N,Baseflow,23.1,5.28,NA,NA,78,97.7444,79.5,NA,378,NA
S01,2018-05-21T14:12:00Z,N,Stormwater,NA,NA,NA,NA,NA,168.1268,NA,NA,626,NA
S01,2018-05-21T14:14:00Z,N,Stormwater,NA,NA,NA,NA,NA,168.1268,NA,NA,626,NA
S01,2018-05-21T14:15:00Z,N,Stormwater,NA,NA,NA,NA,140,NA,NA,NA,NA,NA
S01,2018-05-21T14:16:00Z,N,Stormwater,NA,NA,NA,NA,NA,168.1268,NA,NA,626,NA
S01,2017-05-05T17:00:00Z,N,Stormwater,NA,NA,NA,NA,NA,NA,50,NA,NA,NA
S01,2015-05-06T12:30:00Z,N,Baseflow,17,3540,NA,NA,84,83.8382,56.9,NA,329,NA
S01,2017-05-07T14:05:00Z,N,Stormwater,NA,NA,NA,NA,NA,61.7018,NA,NA,251,NA
S01,2017-05-07T14:08:00Z,N,Stormwater,NA,NA,NA,NA,47,NA,NA,NA,NA,NA
S01,2017-05-07T14:10:00Z,N,Stormwater,NA,NA,NA,NA,NA,61.7018,NA,NA,251,NA
S01,2015-06-01T14:15:00Z,N,Stormwater,12.9,3020,NA,NA,55,53.1878,44.6,NA,221,NA
S01,2019-06-10T13:30:00Z,N,Baseflow,NA,NA,NA,NA,78,NA,83,NA,NA,NA
S01,2014-06-13T12:58:00Z,N,Stormwater,26.1,6.58,NA,NA,70,228.0086,92.2,NA,837,NA
S01,2016-06-05T20:30:00Z,N,Stormwater,NA,NA,NA,NA,96,NA,123,NA,NA,NA
S01,2016-06-07T11:55:00Z,N,Stormwater,NA,NA,NA,NA,NA,79.865,NA,NA,315,NA
S01,2016-06-07T12:00:00Z,N,Stormwater,NA,NA,NA,NA,NA,79.865,NA,NA,315,NA
S01,2011-07-13T12:05:00Z,N,Baseflow,NA,NA,NA,NA,NA,72.4862,NA,NA,289,0.187
S01,2015-07-14T12:20:00Z,N,Baseflow,33.9,8730,NA,NA,130,149.9636,120,NA,562,NA
S01,2016-07-15T16:19:00Z,N,Stormwater,NA,NA,NA,NA,NA,102.2852,NA,NA,394,NA
S01,2016-07-15T16:23:00Z,N,Stormwater,NA,NA,NA,NA,NA,102.569,NA,NA,395,NA
S01,2017-07-17T17:15:00Z,N,Baseflow,NA,NA,NA,NA,170,84.17876,92,NA,330.2,NA
S01,2017-07-17T17:18:00Z,N,Baseflow,NA,NA,NA,NA,NA,84.6896,NA,NA,332,NA
S01,2017-07-17T17:21:00Z,N,Baseflow,NA,NA,NA,NA,NA,84.29228,NA,NA,330.6,NA
S01,2018-07-18T14:48:00Z,N,Stormwater,NA,NA,NA,NA,NA,184.871,NA,NA,685,NA
S01,2018-07-18T14:53:00Z,N,Stormwater,NA,NA,NA,NA,NA,221.765,NA,NA,815,NA
S01,2018-07-18T14:54:00Z,N,Stormwater,NA,NA,NA,NA,210,NA,NA,NA,NA,NA
S01,2018-07-18T14:55:00Z,N,Stormwater,NA,NA,NA,NA,NA,220.9136,NA,NA,812,NA
S01,2017-07-19T14:49:00Z,N,Stormwater,NA,NA,NA,NA,NA,220.346,NA,NA,810,NA
S01,2017-07-19T14:52:00Z,N,Stormwater,NA,NA,NA,NA,190,220.346,NA,NA,810,NA
S01,2017-07-19T14:55:00Z,N,Stormwater,NA,NA,NA,NA,NA,220.346,NA,NA,810,NA
S01,2014-07-22T11:54:00Z,N,Baseflow,24.3,6.2,NA,NA,68,88.379,86.1,NA,345,NA
S01,2012-07-27T08:25:00Z,N,Stormwater,NA,NA,NA,NA,NA,NA,NA,NA,NA,NA
S01,2016-07-06T10:45:00Z,N,Baseflow,NA,NA,NA,NA,100,NA,91.7,NA,NA,NA
S01,2016-07-06T10:48:00Z,N,Baseflow,NA,NA,NA,NA,NA,93.2036,NA,NA,362,NA
S01,2016-07-06T10:55:00Z,N,Baseflow,NA,NA,NA,NA,NA,94.055,NA,NA,365,NA
S01,2018-07-09T15:30:00Z,N,Baseflow,NA,NA,NA,NA,300,96.66596,120,NA,374.2,NA
S01,2018-07-09T15:32:00Z,N,Baseflow,NA,NA,NA,NA,NA,96.01322,NA,NA,371.9,NA
S01,2018-07-09T15:33:00Z,N,Baseflow,NA,NA,NA,NA,NA,95.21858,NA,NA,369.1,NA
S01,2018-07-09T15:36:00Z,N,Baseflow,NA,NA,NA,NA,NA,261.2132,NA,NA,954,NA
S01,2013-08-01T14:40:00Z,N,Baseflow,23.4,4.81,NA,NA,43,NA,78.2,NA,NA,NA
S01,2011-08-10T00:00:00Z,N,Stormwater,NA,NA,NA,NA,NA,NA,NA,NA,NA,NA
S01,2015-08-12T12:00:00Z,N,Stormwater,12.2,3090,NA,NA,50,NA,43.1,NA,0.213,NA
S01,2011-08-25T12:35:00Z,N,Baseflow,NA,NA,NA,NA,NA,53.1878,NA,NA,221,0.143
S01,2011-09-13T16:40:00Z,N,Baseflow,NA,NA,NA,NA,NA,60.5666,NA,NA,247,0.161
S01,2013-09-13T12:48:00Z,N,Stormwater,15,4.58,NA,NA,40,NA,56.3,NA,NA,NA
S01,2012-09-14T07:15:00Z,N,Baseflow,NA,NA,NA,NA,NA,89.2304,NA,0.2,348,0.226
S01,2018-09-17T14:30:00Z,N,Baseflow,NA,NA,NA,NA,NA,71.37938,NA,NA,285.1,NA
S01,2018-09-17T14:31:00Z,N,Baseflow,NA,NA,NA,NA,NA,113.38178,NA,NA,433.1,NA
S01,2018-09-17T14:32:00Z,N,Baseflow,NA,NA,NA,NA,NA,113.32502,NA,NA,432.9,NA
S01,2018-09-17T14:33:00Z,N,Baseflow,NA,NA,NA,NA,82,NA,70,NA,NA,NA
S01,2015-09-18T11:15:00Z,N,Baseflow,23.3,5270,NA,NA,67,NA,80,NA,NA,NA
S01,2018-09-18T09:51:00Z,N,Stormwater,NA,NA,NA,NA,NA,NA,67,NA,NA,NA
S01,2018-09-19T15:06:00Z,N,Stormwater,NA,NA,NA,NA,NA,102.51224,NA,NA,394.8,NA
S01,2018-09-19T15:08:00Z,N,Stormwater,NA,NA,NA,NA,NA,102.54062,NA,NA,394.9,NA
S01,2018-09-19T15:09:00Z,N,Stormwater,NA,NA,NA,NA,NA,102.51224,NA,NA,394.8,NA
S01,2018-09-19T15:11:00Z,N,Stormwater,NA,NA,NA,NA,78,NA,NA,NA,NA,NA
S01,2016-09-02T12:45:00Z,N,Baseflow,NA,NA,NA,NA,120,153.0854,64.4,NA,573,NA
S01,2016-09-02T12:50:00Z,N,Baseflow,NA,NA,NA,NA,NA,152.5178,NA,NA,571,NA
S01,2016-09-02T12:55:00Z,N,Baseflow,NA,NA,NA,NA,NA,150.815,NA,NA,565,NA
S01,2017-09-24T10:40:00Z,N,Baseflow,NA,NA,NA,NA,NA,156.7748,NA,NA,586,NA
S01,2017-09-24T10:43:00Z,N,Baseflow,NA,NA,NA,NA,NA,155.6396,NA,NA,582,NA
S01,2017-09-24T10:45:00Z,N,Baseflow,NA,NA,NA,NA,120,NA,79,NA,NA,NA
S01,2017-09-24T10:46:00Z,N,Baseflow,NA,NA,NA,NA,NA,153.9368,NA,NA,576,NA
S01,2013-09-26T10:38:00Z,N,Baseflow,31.7,8.54,NA,NA,40,NA,114,NA,NA,NA
S01,2014-09-26T14:30:00Z,N,Baseflow,23.8,5.42,NA,NA,65,84.122,81.7,NA,330,NA
S01,2011-09-06T10:05:00Z,N,Stormwater,NA,NA,NA,NA,NA,71.351,NA,NA,285,0.184
S01,2012-09-07T18:00:00Z,N,Stormwater,NA,NA,NA,NA,NA,112.7858,NA,NA,431,0.297
S01,2017-09-07T04:30:00Z,N,Stormwater,NA,NA,NA,NA,NA,NA,45,NA,NA,NA
S01,2017-09-08T11:44:00Z,N,Stormwater,NA,NA,NA,NA,NA,74.21738,NA,NA,295.1,NA
S01,2017-09-08T11:45:00Z,N,Stormwater,NA,NA,NA,NA,60,NA,NA,NA,NA,NA
S01,2017-09-08T11:48:00Z,N,Stormwater,NA,NA,NA,NA,NA,74.84174,NA,NA,297.3,NA
S01,2017-09-08T11:51:00Z,N,Stormwater,NA,NA,NA,NA,NA,74.7566,NA,NA,297,NA
S01,2017-02-19T11:25:00Z,N,Spring Melt,NA,NA,NA,NA,1,NA,NA,NA,NA,NA
S01,2017-02-19T11:30:00Z,N,Spring Melt,NA,NA,NA,NA,NA,346.9208,NA,NA,1256,NA
S01,2017-02-19T11:40:00Z,N,Spring Melt,NA,NA,NA,NA,NA,348.3398,NA,NA,1261,NA
S01,2018-02-21T15:45:00Z,N,Spring Melt,NA,NA,NA,NA,NA,287.3228,NA,NA,1046,NA
S01,2018-02-21T15:47:00Z,N,Spring Melt,NA,NA,NA,NA,NA,285.0524,NA,NA,1038,NA
S01,2018-02-21T15:50:00Z,N,Spring Melt,NA,NA,NA,NA,1,284.4848,NA,NA,1036,NA
S01,2018-02-27T09:07:00Z,N,Spring Melt,NA,NA,NA,NA,NA,223.184,NA,NA,820,NA
S01,2018-02-27T09:10:00Z,N,Spring Melt,NA,NA,NA,NA,NA,223.184,NA,NA,820,NA
S01,2018-02-27T09:13:00Z,N,Spring Melt,NA,NA,NA,NA,NA,222.9002,NA,NA,819,NA
S01,2018-02-27T09:15:00Z,N,Spring Melt,NA,NA,NA,NA,1,NA,NA,NA,NA,NA
S01,2017-03-01T12:05:00Z,N,Spring Melt,NA,NA,NA,NA,NA,203.6018,NA,NA,751,NA
S01,2017-03-01T12:10:00Z,N,Spring Melt,NA,NA,NA,NA,1,NA,NA,NA,NA,NA
S01,2017-03-01T12:15:00Z,N,Spring Melt,NA,NA,NA,NA,NA,202.4666,NA,NA,747,NA
S01,2019-03-13T16:03:00Z,N,Spring Melt,NA,NA,NA,NA,NA,397.1534,NA,NA,1433,NA
S01,2019-03-13T16:05:00Z,N,Spring Melt,NA,NA,NA,NA,1,NA,NA,NA,NA,NA
S01,2019-03-15T14:54:00Z,N,Spring Melt,NA,NA,NA,NA,NA,296.6882,NA,NA,1079,NA
S01,2019-03-15T14:56:00Z,N,Spring Melt,NA,NA,NA,NA,1,NA,NA,NA,NA,NA
S01,2019-03-15T14:57:00Z,N,Spring Melt,NA,NA,NA,NA,1,NA,NA,NA,NA,NA
S01,2017-03-17T13:40:00Z,N,Spring Melt,NA,NA,NA,NA,NA,373.3142,NA,NA,1349,NA
S01,2017-03-17T13:55:00Z,N,Spring Melt,NA,NA,NA,NA,1,374.1656,NA,NA,1352,NA
S01,2019-03-24T17:00:00Z,N,Spring Melt,NA,NA,NA,NA,NA,144.5714,NA,NA,543,NA
S01,2019-03-24T17:02:00Z,N,Spring Melt,NA,NA,NA,NA,1,NA,NA,NA,NA,NA
S01,2018-03-28T16:27:00Z,N,Spring Melt,NA,NA,NA,NA,NA,204.1694,NA,NA,753,NA
S01,2018-03-28T16:30:00Z,N,Spring Melt,NA,NA,NA,NA,NA,201.0476,NA,NA,742,NA
S01,2018-03-28T16:33:00Z,N,Spring Melt,NA,NA,NA,NA,NA,197.9258,NA,NA,731,NA
S01,2018-03-28T16:35:00Z,N,Spring Melt,NA,NA,NA,NA,1,NA,NA,NA,NA,NA
S01,2018-03-28T16:36:00Z,N,Spring Melt,NA,NA,NA,NA,1,NA,NA,NA,NA,NA
S01,2019-03-29T08:29:00Z,N,Spring Melt,NA,NA,NA,NA,NA,144.8552,NA,NA,544,NA
S01,2019-03-29T08:30:00Z,N,Spring Melt,NA,NA,NA,NA,1,NA,NA,NA,NA,NA
S01,2018-03-06T14:00:00Z,N,Spring Melt,NA,NA,NA,NA,1,248.1584,NA,NA,908,NA
S01,2018-03-06T14:02:00Z,N,Spring Melt,NA,NA,NA,NA,NA,249.5774,NA,NA,913,NA
S01,2018-03-06T14:04:00Z,N,Spring Melt,NA,NA,NA,NA,NA,250.145,NA,NA,915,NA
S01,2017-03-09T13:00:00Z,N,Spring Melt,NA,NA,NA,NA,NA,163.8698,NA,NA,611,NA
S01,2017-03-09T13:05:00Z,N,Spring Melt,NA,NA,NA,NA,1,164.1536,NA,NA,612,NA
S01,2017-05-01T12:12:00Z,N,Baseflow,NA,NA,NA,NA,NA,182.8844,NA,NA,678,NA
S01,2017-05-01T12:15:00Z,N,Baseflow,NA,NA,NA,NA,1,NA,1,NA,NA,NA
S01,2017-05-01T12:18:00Z,N,Baseflow,NA,NA,NA,NA,NA,183.7358,NA,NA,681,NA
S01,2017-05-01T12:22:00Z,N,Baseflow,NA,NA,NA,NA,NA,184.3034,NA,NA,683,NA
S01,2018-05-10T13:04:00Z,N,Baseflow,NA,NA,NA,NA,NA,285.3362,NA,NA,1039,NA
S01,2018-05-10T13:09:00Z,N,Baseflow,NA,NA,NA,NA,NA,285.3362,NA,NA,1039,NA
S01,2018-05-10T13:13:00Z,N,Baseflow,NA,NA,NA,NA,NA,285.0524,NA,NA,1038,NA
S01,2018-05-10T13:15:00Z,N,Baseflow,NA,NA,NA,NA,1,NA,1,NA,NA,NA
S01,2016-05-12T13:55:00Z,N,Baseflow,NA,NA,NA,NA,NA,277.106,NA,NA,1010,NA
S01,2016-05-12T14:05:00Z,N,Baseflow,NA,NA,NA,NA,1,NA,1,NA,NA,NA
S01,2018-05-19T18:00:00Z,N,Stormwater,NA,NA,NA,NA,NA,NA,1,NA,NA,NA
S01,2018-05-21T12:11:00Z,N,Stormwater,NA,NA,NA,NA,NA,300.0938,NA,NA,1091,NA
S01,2018-05-21T12:13:00Z,N,Stormwater,NA,NA,NA,NA,NA,299.5262,NA,NA,1089,NA
S01,2018-05-21T12:15:00Z,N,Stormwater,NA,NA,NA,NA,1,299.5262,NA,NA,1089,NA
S01,2017-05-05T17:00:00Z,N,Stormwater,NA,NA,NA,NA,NA,NA,1,NA,NA,NA
S01,2015-05-06T11:00:00Z,N,Baseflow,1,1,NA,NA,1,203.318,1,NA,750,NA
S01,2017-05-07T12:15:00Z,N,Stormwater,NA,NA,NA,NA,NA,114.7724,NA,NA,438,NA
S01,2017-05-07T12:18:00Z,N,Stormwater,NA,NA,NA,NA,1,NA,NA,NA,NA,NA
S01,2017-05-07T12:20:00Z,N,Stormwater,NA,NA,NA,NA,NA,114.7724,NA,NA,438,NA
S01,2015-06-01T13:25:00Z,N,Stormwater,1,1,NA,NA,1,87.2438,1,NA,341,NA
S01,2019-06-10T09:55:00Z,N,Baseflow,NA,NA,NA,NA,1,NA,1,NA,NA,NA
S01,2016-06-05T20:30:00Z,N,Stormwater,NA,NA,NA,NA,1,NA,1,NA,NA,NA
S01,2016-06-07T13:05:00Z,N,Stormwater,NA,NA,NA,NA,NA,176.357,NA,NA,655,NA
S01,2016-06-07T13:10:00Z,N,Stormwater,NA,NA,NA,NA,NA,176.0732,NA,NA,654,NA
S01,2015-07-14T11:15:00Z,N,Baseflow,1,1,NA,NA,1,299.81,1,NA,1090,NA
S01,2016-07-14T22:30:00Z,N,Stormwater,NA,NA,NA,NA,1,NA,1,NA,NA,NA
S01,2016-07-15T15:05:00Z,N,Stormwater,NA,NA,NA,NA,NA,226.5896,NA,NA,832,NA
S01,2016-07-15T15:10:00Z,N,Stormwater,NA,NA,NA,NA,NA,226.5896,NA,NA,832,NA
S01,2017-07-17T13:40:00Z,N,Baseflow,NA,NA,NA,NA,NA,261.497,NA,NA,955,NA
S01,2017-07-17T13:45:00Z,N,Baseflow,NA,NA,NA,NA,NA,261.2132,NA,NA,954,NA
S01,2017-07-17T13:50:00Z,N,Baseflow,NA,NA,NA,NA,1,261.7808,1,NA,956,NA
S01,2018-07-17T13:30:00Z,N,Stormwater,NA,NA,NA,NA,NA,NA,1,NA,NA,NA
S01,2017-07-18T13:30:00Z,N,Stormwater,NA,NA,NA,NA,NA,NA,1,NA,NA,NA
S01,2018-07-18T11:31:00Z,N,Stormwater,NA,NA,NA,NA,1,NA,NA,NA,NA,NA
S01,2018-07-18T11:33:00Z,N,Stormwater,NA,NA,NA,NA,NA,229.9952,NA,NA,844,NA
S01,2018-07-18T11:34:00Z,N,Stormwater,NA,NA,NA,NA,NA,230.279,NA,NA,845,NA
S01,2018-07-18T11:37:00Z,N,Stormwater,NA,NA,NA,NA,NA,229.9952,NA,NA,844,NA
S01,2017-07-19T12:26:00Z,N,Stormwater,NA,NA,NA,NA,NA,157.0586,NA,NA,587,NA
S01,2017-07-19T12:29:00Z,N,Stormwater,NA,NA,NA,NA,NA,157.0586,NA,NA,587,NA
S01,2017-07-19T12:30:00Z,N,Stormwater,NA,NA,NA,NA,1,NA,NA,NA,NA,NA
S01,2017-07-19T12:32:00Z,N,Stormwater,NA,NA,NA,NA,NA,157.3424,NA,NA,588,NA
S01,2016-07-05T13:30:00Z,FD,Baseflow,NA,NA,NA,NA,NA,NA,1,NA,NA,NA
S01,2016-07-05T13:30:00Z,N,Baseflow,NA,NA,NA,NA,1,NA,1,NA,NA,NA
S01,2016-07-05T13:32:00Z,N,Baseflow,NA,NA,NA,NA,NA,296.972,NA,NA,1080,NA
S01,2016-07-05T13:40:00Z,N,Baseflow,NA,NA,NA,NA,NA,294.134,NA,NA,1070,NA
S01,2018-07-09T12:07:00Z,N,Baseflow,NA,NA,NA,NA,NA,298.391,NA,NA,1085,NA
S01,2018-07-09T12:09:00Z,N,Baseflow,NA,NA,NA,NA,NA,340.961,NA,NA,1235,NA
S01,2018-07-09T12:10:00Z,N,Baseflow,NA,NA,NA,NA,1,NA,1,NA,NA,NA
S01,2018-07-09T12:11:00Z,N,Baseflow,NA,NA,NA,NA,NA,339.2582,NA,NA,1229,NA
S01,2015-08-12T11:00:00Z,N,Stormwater,1,1,NA,NA,1,NA,1,NA,NA,NA
S01,2015-09-11T09:40:00Z,N,Stormwater,1,1,NA,NA,1,NA,1,NA,NA,NA
S01,2016-09-11T11:51:00Z,N,Stormwater,NA,NA,NA,NA,1,NA,1,NA,NA,NA
S01,2016-09-12T12:06:00Z,N,Stormwater,NA,NA,NA,NA,NA,399.14,NA,NA,1440,NA
S01,2016-09-12T12:12:00Z,N,Stormwater,NA,NA,NA,NA,NA,399.14,NA,NA,1440,NA
S01,2018-09-17T11:55:00Z,N,Baseflow,NA,NA,NA,NA,NA,192.5336,NA,NA,712,NA
S01,2018-09-17T11:57:00Z,N,Baseflow,NA,NA,NA,NA,NA,192.2498,NA,NA,711,NA
S01,2018-09-17T11:58:00Z,N,Baseflow,NA,NA,NA,NA,NA,191.966,NA,NA,710,NA
S01,2018-09-17T12:00:00Z,N,Baseflow,NA,NA,NA,NA,1,NA,1,NA,NA,NA
S01,2015-09-18T10:15:00Z,N,Baseflow,1,1,NA,NA,1,NA,1,NA,NA,NA
S01,2018-09-18T09:51:00Z,N,Stormwater,NA,NA,NA,NA,NA,NA,1,NA,NA,NA
S01,2018-09-19T10:22:00Z,N,Stormwater,NA,NA,NA,NA,NA,193.1012,NA,NA,714,NA
S01,2018-09-19T10:23:00Z,N,Stormwater,NA,NA,NA,NA,NA,194.804,NA,NA,720,NA
S01,2018-09-19T10:24:00Z,N,Stormwater,NA,NA,NA,NA,NA,194.5202,NA,NA,719,NA
S01,2018-09-19T10:29:00Z,N,Stormwater,NA,NA,NA,NA,1,NA,NA,NA,NA,NA
S01,2016-09-02T15:40:00Z,N,Baseflow,NA,NA,NA,NA,1,NA,1,NA,NA,NA
S01,2016-09-02T15:45:00Z,N,Baseflow,NA,NA,NA,NA,NA,350.894,NA,NA,1270,NA
S01,2016-09-02T16:00:00Z,N,Baseflow,NA,NA,NA,NA,NA,348.056,NA,NA,1260,NA
S01,2016-09-02T16:10:00Z,N,Baseflow,NA,NA,NA,NA,NA,345.218,NA,NA,1250,NA
S01,2017-09-24T09:06:00Z,N,Baseflow,NA,NA,NA,NA,NA,328.4738,NA,NA,1191,NA
S01,2017-09-24T09:09:00Z,N,Baseflow,NA,NA,NA,NA,NA,328.4738,NA,NA,1191,NA
S01,2017-09-24T09:10:00Z,FD,Baseflow,NA,NA,NA,NA,NA,NA,1,NA,NA,NA
S01,2017-09-24T09:10:00Z,N,Baseflow,NA,NA,NA,NA,1,NA,1,NA,NA,NA
S01,2017-09-24T09:13:00Z,N,Baseflow,NA,NA,NA,NA,NA,328.4738,NA,NA,1191,NA
S01,2017-09-07T15:40:00Z,N,Stormwater,NA,NA,NA,NA,NA,78.67304,NA,NA,310.8,NA
S01,2017-09-07T15:43:00Z,N,Stormwater,NA,NA,NA,NA,NA,78.7298,NA,NA,311,NA
S01,2017-09-07T15:46:00Z,N,Stormwater,NA,NA,NA,NA,NA,78.90008,NA,NA,311.6,NA
S01,2017-09-07T15:53:00Z,N,Stormwater,NA,NA,NA,NA,1,NA,NA,NA,NA,NA
S01,2017-09-07T04:30:00Z,N,Stormwater,NA,NA,NA,NA,NA,NA,1,NA,NA,NA
