site,thedate,type,taskcode,Oxidation-Reduction Potential,pH,Turbidity,Dissolved Oxygen,Dissolved Oxygen Saturation
S01,2010-10-21T12:20:00Z,N,Baseflow,NA,NA,NA,NA,NA
S01,2012-10-25T14:35:00Z,N,Baseflow,NA,NA,NA,NA,NA
S01,2012-10-25T14:46:00Z,FD,Baseflow,NA,NA,NA,NA,NA
S01,2012-10-25T14:46:00Z,N,Baseflow,NA,NA,NA,NA,NA
S01,2010-11-15T11:45:00Z,N,Baseflow,NA,NA,NA,NA,NA
S01,2012-11-29T09:01:00Z,N,Baseflow,NA,NA,NA,NA,NA
S01,2011-11-09T14:00:00Z,N,Baseflow,412,NA,10.2,8.43,NA
S01,2011-03-24T09:20:00Z,N,Baseflow,222.6,7.16,4.5,12.49,NA
S01,2011-03-31T08:40:00Z,N,Baseflow,81,7.91,4.7,13.36,NA
S01,2012-04-19T10:45:00Z,N,Baseflow,174,NA,0,7.41,NA
S01,2017-05-01T10:45:00Z,N,Baseflow,30.3,7.14,NA,11.01,96.3
S01,2017-05-01T10:50:00Z,N,Baseflow,32.2,7.13,NA,10.93,95.6
S01,2017-05-01T10:55:00Z,N,Baseflow,33.8,7.13,NA,10.92,95.6
S01,2018-05-10T11:54:00Z,N,Baseflow,NA,NA,NA,10.9,105.8
S01,2018-05-10T12:10:00Z,N,Baseflow,NA,NA,NA,NA,NA
S01,2018-05-10T12:15:00Z,FD,Baseflow,NA,NA,NA,NA,NA
S01,2018-05-10T12:15:00Z,N,Baseflow,NA,NA,NA,NA,NA
S01,2018-05-10T12:17:00Z,N,Baseflow,NA,NA,NA,11.01,107.9
S01,2016-05-12T13:00:00Z,N,Baseflow,NA,NA,NA,NA,NA
S01,2016-05-12T12:50:00Z,N,Baseflow,72,6.92,3.51,8.56,NA
S01,2014-05-14T09:22:00Z,FD,Baseflow,NA,NA,NA,NA,NA
S01,2014-05-14T09:22:00Z,N,Baseflow,71,7.01,4.4,8.7,NA
S01,2013-05-29T08:30:00Z,N,Baseflow,170,8.09,6.1,6.9,NA
S01,2015-05-06T10:20:00Z,N,Baseflow,86,7.53,0,9.21,NA
S01,2015-05-06T10:25:00Z,FD,Baseflow,NA,NA,NA,NA,NA
S01,2015-05-06T10:25:00Z,N,Baseflow,NA,NA,NA,NA,NA
S01,2019-06-10T09:15:00Z,N,Baseflow,NA,NA,NA,NA,NA
S01,2012-06-12T08:30:00Z,N,Baseflow,140,NA,0.4,7.45,NA
S01,2013-06-20T08:40:00Z,N,Baseflow,140,6.91,0.8,4.27,NA
S01,2011-07-13T11:05:00Z,N,Baseflow,252,7.42,9,5.76,NA
S01,2011-07-13T11:10:00Z,FD,Baseflow,NA,NA,NA,NA,NA
S01,2012-07-13T11:00:00Z,N,Baseflow,170,NA,1,4.64,NA
S01,2015-07-14T10:20:00Z,N,Baseflow,109,7.53,4.8,5.33,NA
S01,2015-07-14T10:30:00Z,FD,Baseflow,NA,NA,NA,NA,NA
S01,2015-07-14T10:30:00Z,N,Baseflow,NA,NA,NA,NA,NA
S01,2017-07-17T12:20:00Z,N,Baseflow,NA,NA,NA,NA,NA
S01,2017-07-17T12:25:00Z,FD,Baseflow,NA,NA,NA,NA,NA
S01,2017-07-17T12:25:00Z,N,Baseflow,NA,NA,NA,5.85,64
S01,2017-07-17T12:35:00Z,N,Baseflow,NA,NA,NA,5.82,64.3
S01,2014-07-22T10:25:00Z,FD,Baseflow,NA,NA,NA,NA,NA
S01,2014-07-22T10:25:00Z,N,Baseflow,63,7.34,3,6.4,NA
S01,2016-07-05T12:30:00Z,N,Baseflow,NA,NA,NA,NA,NA
S01,2016-07-05T12:35:00Z,N,Baseflow,47,7.4,3.87,5.6,0.653
S01,2016-07-05T12:41:00Z,N,Baseflow,50,7.36,3.88,5.38,0.614
S01,2018-07-09T09:40:00Z,N,Baseflow,NA,NA,NA,NA,NA
S01,2018-07-09T09:44:00Z,N,Baseflow,NA,NA,NA,5.89,63.5
S01,2018-07-09T09:46:00Z,N,Baseflow,NA,NA,NA,5.83,62.6
S01,2018-07-09T09:47:00Z,N,Baseflow,NA,NA,NA,6.13,66
S01,2013-08-01T11:30:00Z,N,Baseflow,NA,NA,NA,NA,NA
S01,2013-08-01T11:35:00Z,FD,Baseflow,NA,NA,NA,NA,NA
S01,2013-08-01T11:35:00Z,N,Baseflow,NA,NA,NA,NA,NA
S01,2010-08-19T13:15:00Z,N,Baseflow,NA,NA,NA,NA,NA
S01,2011-08-25T10:50:00Z,N,Baseflow,243,7.52,10.2,8.89,NA
S01,2010-09-01T10:15:00Z,N,Baseflow,NA,NA,NA,NA,NA
S01,2010-09-01T10:20:00Z,N,Baseflow,NA,NA,NA,NA,NA
S01,2015-09-11T09:10:00Z,N,Baseflow,NA,NA,NA,NA,NA
S01,2011-09-12T11:15:00Z,N,Baseflow,147,7.05,3.2,6.76,NA
S01,2011-09-12T11:20:00Z,N,Baseflow,NA,NA,NA,NA,NA
S01,2012-09-14T07:40:00Z,N,Baseflow,131,NA,0.2,5.06,NA
S01,2012-09-14T07:45:00Z,FD,Baseflow,NA,NA,NA,NA,NA
S01,2012-09-14T07:45:00Z,N,Baseflow,NA,NA,NA,NA,NA
S01,2018-09-17T11:07:00Z,N,Baseflow,NA,NA,NA,7.08,77.7
S01,2018-09-17T11:08:00Z,N,Baseflow,NA,NA,NA,NA,NA
S01,2018-09-17T11:09:00Z,N,Baseflow,NA,NA,NA,7.11,78.2
S01,2018-09-17T11:11:00Z,N,Baseflow,NA,NA,NA,7.01,76.5
S01,2015-09-18T09:15:00Z,N,Baseflow,NA,NA,NA,NA,NA
S01,2015-09-18T09:20:00Z,FD,Baseflow,NA,NA,NA,NA,NA
S01,2015-09-18T09:20:00Z,N,Baseflow,NA,NA,NA,NA,NA
S01,2016-09-02T17:10:00Z,FD,Baseflow,NA,NA,NA,NA,NA
S01,2016-09-02T17:10:00Z,N,Baseflow,NA,NA,NA,NA,NA
S01,2016-09-02T17:15:00Z,N,Baseflow,NA,NA,NA,NA,NA
S01,2016-09-02T17:30:00Z,N,Baseflow,75,7.72,3.85,3.89,0.441
S01,2016-09-02T17:35:00Z,N,Baseflow,74,7.73,3.25,4.02,0.454
S01,2016-09-02T17:40:00Z,N,Baseflow,77,7.74,3.22,3.48,0.393
S01,2017-09-24T08:04:00Z,N,Baseflow,NA,NA,NA,6.36,66.5
S01,2017-09-24T08:05:00Z,N,Baseflow,NA,NA,NA,NA,NA
S01,2017-09-24T08:07:00Z,N,Baseflow,NA,NA,NA,6.47,67.7
S01,2017-09-24T08:09:00Z,N,Baseflow,NA,NA,NA,6.39,66.7
S01,2013-09-26T08:50:00Z,FD,Baseflow,NA,NA,NA,NA,NA
S01,2013-09-26T08:50:00Z,N,Baseflow,NA,NA,NA,NA,NA
S01,2013-09-26T08:55:00Z,FD,Baseflow,NA,NA,NA,NA,NA
S01,2013-09-26T08:55:00Z,N,Baseflow,NA,NA,NA,NA,NA
S01,2014-09-26T13:15:00Z,FD,Baseflow,NA,NA,NA,NA,NA
S01,2014-09-26T13:15:00Z,N,Baseflow,128,7.09,0,8.04,NA
S01,2012-02-17T09:35:00Z,N,Spring Melt,NA,NA,NA,NA,NA
S01,2012-02-17T09:40:00Z,N,Spring Melt,NA,NA,NA,NA,NA
S01,2017-02-19T10:15:00Z,N,Spring Melt,NA,NA,NA,NA,NA
S01,2017-02-19T10:25:00Z,N,Spring Melt,121.6,7.16,32.45,NA,NA
S01,2017-02-19T10:30:00Z,N,Spring Melt,102.6,6.6,19.15,NA,NA
S01,2017-02-19T10:45:00Z,N,Spring Melt,102.6,6.87,NA,NA,NA
S01,2018-02-21T15:26:00Z,N,Spring Melt,NA,NA,NA,NA,NA
S01,2018-02-21T15:28:00Z,N,Spring Melt,NA,NA,NA,NA,NA
S01,2018-02-21T15:30:00Z,N,Spring Melt,NA,NA,NA,NA,NA
S01,2018-02-27T08:39:00Z,N,Spring Melt,NA,NA,NA,NA,NA
S01,2018-02-27T08:44:00Z,N,Spring Melt,NA,NA,NA,NA,NA
S01,2018-02-27T08:49:00Z,N,Spring Melt,NA,NA,NA,NA,NA
S01,2018-02-27T08:53:00Z,N,Spring Melt,NA,NA,NA,NA,NA
S01,2017-03-01T10:25:00Z,N,Spring Melt,NA,NA,NA,NA,NA
S01,2017-03-01T10:27:00Z,N,Spring Melt,91.6,7,16.85,NA,NA
S01,2017-03-01T10:45:00Z,N,Spring Melt,95.2,6.98,16.7,NA,NA
S01,2017-03-01T10:50:00Z,N,Spring Melt,93.6,6.97,NA,NA,NA
S01,2013-03-13T11:15:00Z,N,Spring Melt,NA,NA,NA,12.48,NA
S01,2019-03-13T15:38:00Z,N,Spring Melt,NA,NA,NA,NA,NA
S01,2019-03-13T15:40:00Z,N,Spring Melt,NA,NA,NA,NA,NA
S01,2019-03-13T15:41:00Z,N,Spring Melt,NA,NA,NA,NA,NA
S01,2012-03-14T09:45:00Z,N,Spring Melt,154,NA,11.6,7.25,NA
S01,2014-03-14T12:55:00Z,FD,Spring Melt,NA,NA,NA,NA,NA
S01,2014-03-14T12:55:00Z,N,Spring Melt,NA,NA,NA,NA,NA
S01,2019-03-15T14:37:00Z,N,Spring Melt,NA,NA,NA,NA,NA
S01,2019-03-15T14:38:00Z,N,Spring Melt,NA,NA,NA,NA,NA
S01,2012-03-16T13:50:00Z,N,Spring Melt,64,NA,14.3,8.25,NA
S01,2012-03-16T13:55:00Z,FD,Spring Melt,NA,NA,NA,NA,NA
S01,2012-03-16T13:55:00Z,N,Spring Melt,NA,NA,NA,NA,NA
S01,2017-03-17T12:45:00Z,N,Spring Melt,159.1,6.56,14.9,14.05,96.2
S01,2017-03-17T12:50:00Z,N,Spring Melt,151.5,6.6,15.5,13.97,95.6
S01,2017-03-17T12:55:00Z,N,Spring Melt,NA,NA,NA,NA,NA
S01,2014-03-20T13:40:00Z,FD,Spring Melt,NA,NA,NA,NA,NA
S01,2014-03-20T13:40:00Z,N,Spring Melt,119,6.54,58.7,8.45,NA
S01,2012-03-22T09:20:00Z,N,Spring Melt,51,NA,20.6,6.53,NA
S01,2019-03-24T16:43:00Z,N,Spring Melt,NA,NA,NA,NA,NA
S01,2019-03-24T16:45:00Z,N,Spring Melt,NA,NA,NA,NA,NA
S01,2013-03-28T12:06:00Z,N,Spring Melt,124,3.48,8.9,9.35,NA
S01,2013-03-28T12:09:00Z,FD,Spring Melt,NA,NA,NA,NA,NA
S01,2013-03-28T12:09:00Z,N,Spring Melt,NA,NA,NA,NA,NA
S01,2014-03-28T12:43:00Z,FD,Spring Melt,NA,NA,NA,NA,NA
S01,2014-03-28T12:43:00Z,N,Spring Melt,61,7.91,1.1,9.86,NA
S01,2018-03-28T16:51:00Z,N,Spring Melt,NA,NA,NA,NA,NA
S01,2018-03-28T16:54:00Z,N,Spring Melt,NA,NA,NA,NA,NA
S01,2018-03-28T16:57:00Z,N,Spring Melt,NA,NA,NA,NA,NA
S01,2018-03-28T16:58:00Z,N,Spring Melt,NA,NA,NA,NA,NA
S01,2019-03-29T08:07:00Z,N,Spring Melt,NA,NA,NA,14.05,106.5
S01,2019-03-29T08:09:00Z,N,Spring Melt,NA,NA,NA,NA,NA
S01,2013-03-06T12:10:00Z,N,Spring Melt,15,NA,10,10.33,NA
S01,2013-03-06T12:20:00Z,FD,Spring Melt,NA,NA,NA,NA,NA
S01,2013-03-06T12:20:00Z,N,Spring Melt,NA,NA,NA,NA,NA
S01,2018-03-06T13:36:00Z,N,Spring Melt,NA,NA,NA,NA,NA
S01,2018-03-06T13:39:00Z,N,Spring Melt,NA,NA,NA,NA,NA
S01,2018-03-06T13:40:00Z,N,Spring Melt,NA,NA,NA,NA,NA
S01,2018-03-06T13:41:00Z,N,Spring Melt,NA,NA,NA,NA,NA
S01,2017-03-09T12:00:00Z,N,Spring Melt,80.7,6.95,11.85,NA,NA
S01,2017-03-09T12:05:00Z,N,Spring Melt,80.5,6.96,11.95,NA,NA
S01,2013-04-02T09:55:00Z,N,Spring Melt,18,5.85,6.3,5.56,NA
S01,2014-04-08T13:25:00Z,FD,Spring Melt,NA,NA,NA,NA,NA
S01,2014-04-08T13:25:00Z,N,Spring Melt,107,7,27.3,9.92,NA
S01,2010-10-01T16:00:00Z,N,Stormwater,NA,NA,NA,NA,NA
S01,2010-10-01T16:05:00Z,FD,Stormwater,NA,NA,NA,NA,NA
S01,2010-10-01T16:05:00Z,N,Stormwater,NA,NA,NA,NA,NA
S01,2012-10-11T14:36:00Z,N,Stormwater,260,NA,14.1,5.96,NA
S01,2010-10-15T08:50:00Z,N,Stormwater,NA,NA,NA,NA,NA
S01,2010-10-15T08:55:00Z,FD,Stormwater,NA,NA,NA,NA,NA
S01,2010-10-15T08:55:00Z,N,Stormwater,NA,NA,NA,NA,NA
S01,2014-10-17T08:35:00Z,FD,Stormwater,NA,NA,NA,NA,NA
S01,2014-10-17T08:35:00Z,N,Stormwater,126,7.17,5,8.65,NA
S01,2011-10-25T11:00:00Z,N,Stormwater,236,7.2,11.2,10.96,NA
S01,2010-10-06T14:00:00Z,N,Stormwater,NA,NA,NA,NA,NA
S01,2014-10-06T09:35:00Z,FD,Stormwater,NA,NA,NA,NA,NA
S01,2014-10-06T09:35:00Z,N,Stormwater,112,7.37,0,9.14,NA
S01,2011-11-30T09:10:00Z,N,Stormwater,NA,NA,NA,NA,NA
S01,2011-04-11T12:25:00Z,N,Stormwater,199,6.86,74.5,9.51,NA
S01,2011-04-11T12:26:00Z,FD,Stormwater,199,NA,74.5,NA,NA
S01,2011-04-11T12:26:00Z,N,Stormwater,NA,6.86,NA,9.51,NA
S01,2011-04-05T08:30:00Z,N,Stormwater,73,7.25,8.4,11.5,NA
S01,2011-04-05T08:32:00Z,FD,Stormwater,73,NA,8.4,NA,NA
S01,2011-04-05T08:32:00Z,N,Stormwater,NA,7.25,NA,11.5,NA
S01,2011-05-16T00:00:00Z,N,Stormwater,189,6.98,49.5,11.09,NA
S01,2011-05-16T09:30:00Z,N,Stormwater,137,6.83,48.3,13.2,NA
S01,2018-05-19T18:00:00Z,N,Stormwater,NA,NA,NA,NA,NA
S01,2018-05-21T11:34:00Z,N,Stormwater,NA,NA,NA,9.52,95
S01,2018-05-21T11:35:00Z,N,Stormwater,NA,NA,NA,NA,NA
S01,2018-05-21T11:36:00Z,N,Stormwater,NA,NA,NA,9.59,95.6
S01,2018-05-21T11:38:00Z,N,Stormwater,NA,NA,NA,9.54,95.2
S01,2017-05-05T17:00:00Z,N,Stormwater,NA,NA,NA,NA,NA
S01,2017-05-07T11:37:00Z,N,Stormwater,58.8,7.28,NA,10.45,99.5
S01,2017-05-07T11:40:00Z,N,Stormwater,NA,NA,NA,NA,NA
S01,2017-05-07T11:42:00Z,N,Stormwater,60,7.28,NA,10.45,99.6
S01,2015-06-01T12:40:00Z,FD,Stormwater,NA,NA,NA,NA,NA
S01,2015-06-01T12:40:00Z,N,Stormwater,145,7.07,37.7,8.74,NA
S01,2014-06-13T11:40:00Z,FD,Stormwater,NA,NA,NA,NA,NA
S01,2014-06-13T11:40:00Z,N,Stormwater,141,6.64,89.9,7.3,NA
S01,2011-06-27T10:30:00Z,N,Stormwater,212,7.04,13.4,6.5,NA
S01,2016-06-05T20:30:00Z,N,Stormwater,NA,NA,NA,NA,NA
S01,2016-06-07T14:45:00Z,N,Stormwater,74,7.41,6.9,7.7,0.838
S01,2016-06-07T14:50:00Z,N,Stormwater,69,7.42,6.88,7.44,0.81
S01,2016-07-14T22:30:00Z,N,Stormwater,NA,NA,NA,NA,NA
S01,2016-07-15T14:05:00Z,N,Stormwater,103,7.59,15.7,5.98,0.721
S01,2016-07-15T14:08:00Z,N,Stormwater,105,7.58,9,5.9,0.715
S01,2018-07-17T13:30:00Z,N,Stormwater,NA,NA,NA,NA,NA
S01,2017-07-18T13:30:00Z,N,Stormwater,NA,NA,NA,NA,NA
S01,2018-07-18T10:40:00Z,N,Stormwater,NA,NA,NA,NA,NA
S01,2018-07-18T10:51:00Z,N,Stormwater,NA,NA,NA,7.06,78
S01,2018-07-18T10:52:00Z,N,Stormwater,NA,NA,NA,7,78.4
S01,2018-07-18T10:53:00Z,N,Stormwater,NA,NA,NA,7.07,77.5
S01,2017-07-19T11:33:00Z,N,Stormwater,NA,NA,NA,6.53,74.8
S01,2017-07-19T11:36:00Z,N,Stormwater,NA,NA,NA,6.51,74.2
S01,2012-07-26T13:20:00Z,N,Stormwater,149,NA,17.4,4.84,NA
S01,2011-08-10T16:40:00Z,N,Stormwater,252,7.46,6.6,7.15,NA
S01,2015-08-12T09:10:00Z,FD,Stormwater,NA,NA,NA,NA,NA
S01,2015-08-12T09:10:00Z,N,Stormwater,NA,NA,NA,NA,NA
S01,2015-08-12T09:30:00Z,N,Stormwater,211,6.92,1000,NA,NA
S01,2013-08-02T10:50:00Z,FD,Stormwater,NA,NA,NA,NA,NA
S01,2013-08-02T10:50:00Z,N,Stormwater,NA,NA,NA,NA,NA
S01,2013-08-02T10:55:00Z,FD,Stormwater,NA,NA,NA,NA,NA
S01,2013-08-02T10:55:00Z,N,Stormwater,NA,NA,NA,NA,NA
S01,2011-08-07T10:05:00Z,N,Stormwater,NA,NA,NA,NA,NA
S01,2015-09-11T09:15:00Z,FD,Stormwater,NA,NA,NA,NA,NA
S01,2015-09-11T09:15:00Z,N,Stormwater,NA,NA,NA,NA,NA
S01,2016-09-11T11:51:00Z,N,Stormwater,NA,NA,NA,NA,NA
S01,2011-09-12T11:30:00Z,N,Stormwater,NA,NA,NA,NA,NA
S01,2011-09-12T11:35:00Z,FD,Stormwater,NA,NA,NA,NA,NA
S01,2011-09-12T11:35:00Z,N,Stormwater,NA,NA,NA,NA,NA
S01,2016-09-12T10:35:00Z,N,Stormwater,113,7.58,4.2,5.45,0.578
S01,2016-09-12T10:40:00Z,N,Stormwater,105,7.5,3.78,5.83,0.623
S01,2016-09-12T10:45:00Z,N,Stormwater,97,7.49,3.74,5.27,0.564
S01,2013-09-13T11:40:00Z,FD,Stormwater,NA,NA,NA,NA,NA
S01,2013-09-13T11:40:00Z,N,Stormwater,NA,NA,NA,NA,NA
S01,2013-09-13T11:45:00Z,FD,Stormwater,NA,NA,NA,NA,NA
S01,2013-09-13T11:45:00Z,N,Stormwater,NA,NA,NA,NA,NA
S01,2018-09-18T09:51:00Z,N,Stormwater,NA,NA,NA,NA,NA
S01,2018-09-19T09:15:00Z,N,Stormwater,NA,NA,NA,8.3,88
S01,2018-09-19T09:16:00Z,N,Stormwater,NA,NA,NA,8.17,86.8
S01,2018-09-19T09:17:00Z,N,Stormwater,NA,NA,NA,8.13,86.3
S01,2018-09-19T09:22:00Z,N,Stormwater,NA,NA,NA,NA,NA
S01,2010-09-28T08:45:00Z,N,Stormwater,NA,NA,NA,NA,NA
S01,2012-09-07T10:01:00Z,N,Stormwater,164,NA,6.3,4.02,NA
S01,2012-09-07T10:05:00Z,FD,Stormwater,NA,NA,NA,NA,NA
S01,2012-09-07T10:05:00Z,N,Stormwater,NA,NA,NA,NA,NA
S01,2017-09-07T13:25:00Z,N,Stormwater,NA,NA,NA,8.77,92
S01,2017-09-07T13:28:00Z,N,Stormwater,NA,NA,NA,8.51,89.4
S01,2017-09-07T13:37:00Z,N,Stormwater,NA,NA,NA,8.34,88.1
S01,2017-09-07T12:44:00Z,N,Stormwater,NA,NA,NA,NA,NA
S01,2017-09-07T04:30:00Z,N,Stormwater,NA,NA,NA,NA,NA
S01,2010-10-01T16:00:00Z,N,Stormwater,NA,NA,NA,NA,NA
S01,2012-10-11T15:07:00Z,N,Stormwater,1,NA,1,4.88,NA
S01,2010-10-15T09:20:00Z,N,Stormwater,NA,NA,NA,NA,NA
S01,2014-10-17T09:20:00Z,N,Stormwater,1,1,1,8.39,NA
S01,2010-10-21T13:25:00Z,N,Baseflow,NA,NA,NA,NA,NA
S01,2011-10-25T11:20:00Z,N,Stormwater,1,1,1,5.51,NA
S01,2012-10-25T15:20:00Z,N,Baseflow,NA,NA,NA,NA,NA
S01,2010-10-06T13:15:00Z,N,Stormwater,NA,NA,NA,NA,NA
S01,2014-10-06T10:05:00Z,N,Stormwater,1,1,0,8.48,NA
S01,2010-11-15T13:20:00Z,N,Baseflow,NA,NA,NA,NA,NA
S01,2012-11-29T07:55:00Z,N,Baseflow,NA,NA,NA,NA,NA
S01,2011-11-30T09:35:00Z,N,Stormwater,NA,NA,NA,NA,NA
S01,2011-11-09T14:40:00Z,N,Baseflow,1,NA,1,6.15,NA
S01,2012-02-17T10:00:00Z,N,Spring Melt,NA,NA,NA,NA,NA
S01,2017-02-19T12:00:00Z,N,Spring Melt,NA,NA,NA,NA,NA
S01,2017-02-19T12:07:00Z,N,Spring Melt,1,1,1,NA,NA
S01,2017-02-19T12:15:00Z,N,Spring Melt,1,1,1,NA,NA
S01,2018-02-21T16:02:00Z,N,Spring Melt,NA,NA,NA,NA,NA
S01,2018-02-21T16:04:00Z,N,Spring Melt,NA,NA,NA,NA,NA
S01,2018-02-21T16:05:00Z,N,Spring Melt,NA,NA,NA,NA,NA
S01,2018-02-21T16:06:00Z,N,Spring Melt,NA,NA,NA,NA,NA
S01,2018-02-27T09:29:00Z,N,Spring Melt,NA,NA,NA,NA,NA
S01,2018-02-27T09:32:00Z,N,Spring Melt,NA,NA,NA,NA,NA
S01,2018-02-27T09:35:00Z,N,Spring Melt,NA,NA,NA,NA,NA
S01,2018-02-27T09:37:00Z,N,Spring Melt,NA,NA,NA,NA,NA
S01,2017-03-01T13:30:00Z,N,Spring Melt,1,1,1,NA,NA
S01,2017-03-01T13:35:00Z,N,Spring Melt,NA,NA,NA,NA,NA
S01,2017-03-01T13:40:00Z,N,Spring Melt,1,1,1,NA,NA
S01,2013-03-13T12:30:00Z,N,Spring Melt,NA,NA,NA,12.79,NA
S01,2019-03-13T16:19:00Z,N,Spring Melt,NA,NA,NA,NA,NA
S01,2019-03-13T16:20:00Z,N,Spring Melt,NA,NA,NA,NA,NA
S01,2012-03-14T10:20:00Z,N,Spring Melt,1,NA,1,7.5,NA
S01,2014-03-14T13:57:00Z,N,Spring Melt,NA,NA,NA,NA,NA
S01,2019-03-15T15:10:00Z,N,Spring Melt,NA,NA,NA,NA,NA
S01,2019-03-15T15:11:00Z,N,Spring Melt,NA,NA,NA,NA,NA
S01,2012-03-16T14:35:00Z,N,Spring Melt,1,NA,1,6.9,NA
S01,2017-03-17T14:40:00Z,N,Spring Melt,NA,NA,NA,NA,NA
S01,2017-03-17T14:45:00Z,N,Spring Melt,1,1,1,13.7,94.8
S01,2017-03-17T14:50:00Z,N,Spring Melt,1,1,1,13.65,94.4
S01,2014-03-20T14:13:00Z,N,Spring Melt,1,1,1,10.58,NA
S01,2012-03-22T10:00:00Z,N,Spring Melt,1,NA,1,6.34,NA
S01,2011-03-24T09:55:00Z,N,Baseflow,1,1,1,13.79,NA
S01,2019-03-24T17:14:00Z,N,Spring Melt,NA,NA,NA,NA,NA
S01,2019-03-24T17:15:00Z,N,Spring Melt,NA,NA,NA,NA,NA
S01,2013-03-28T13:05:00Z,N,Spring Melt,1,1,1,10.28,NA
S01,2014-03-28T13:45:00Z,N,Spring Melt,1,1,0,9.6,NA
S01,2018-03-28T17:12:00Z,N,Spring Melt,NA,NA,NA,NA,NA
S01,2018-03-28T17:15:00Z,N,Spring Melt,NA,NA,NA,NA,NA
S01,2018-03-28T17:18:00Z,N,Spring Melt,NA,NA,NA,NA,NA
S01,2018-03-28T17:19:00Z,N,Spring Melt,NA,NA,NA,NA,NA
S01,2019-03-29T08:57:00Z,N,Spring Melt,NA,NA,NA,14.81,110.9
S01,2019-03-29T09:00:00Z,N,Spring Melt,NA,NA,NA,NA,NA
S01,2011-03-31T09:30:00Z,N,Baseflow,1,1,1,13.89,NA
S01,2013-03-06T12:50:00Z,N,Spring Melt,1,NA,1,12.34,NA
S01,2018-03-06T14:20:00Z,N,Spring Melt,NA,NA,NA,NA,NA
S01,2018-03-06T14:21:00Z,N,Spring Melt,NA,NA,NA,NA,NA
S01,2018-03-06T14:22:00Z,N,Spring Melt,NA,NA,NA,NA,NA
S01,2018-03-06T14:24:00Z,N,Spring Melt,NA,NA,NA,NA,NA
S01,2018-03-06T14:25:00Z,N,Spring Melt,NA,NA,NA,NA,NA
S01,2017-03-09T13:35:00Z,N,Spring Melt,1,1,1,NA,NA
S01,2017-03-09T13:40:00Z,N,Spring Melt,1,1,1,NA,NA
S01,2011-04-11T12:15:00Z,N,Stormwater,1,1,1,9.46,NA
S01,2012-04-19T11:20:00Z,N,Baseflow,1,NA,1,9.36,NA
S01,2013-04-02T10:20:00Z,N,Spring Melt,1,1,1,10.4,NA
S01,2011-04-05T10:10:00Z,N,Stormwater,1,1,1,11.75,NA
S01,2014-04-08T13:57:00Z,N,Spring Melt,1,1,1,9.1,NA
S01,2017-05-01T13:30:00Z,N,Baseflow,1,1,NA,12.06,102.6
S01,2017-05-01T13:35:00Z,N,Baseflow,1,1,NA,11.99,102.1
S01,2017-05-01T13:40:00Z,N,Baseflow,1,1,NA,11.97,101.9
S01,2017-05-01T13:45:00Z,FD,Baseflow,NA,NA,NA,NA,NA
S01,2017-05-01T13:45:00Z,N,Baseflow,NA,NA,NA,NA,NA
S01,2018-05-10T13:34:00Z,N,Baseflow,NA,NA,NA,9.91,99.3
S01,2018-05-10T13:38:00Z,N,Baseflow,NA,NA,NA,9.66,96.7
S01,2018-05-10T13:40:00Z,N,Baseflow,NA,NA,NA,NA,NA
S01,2018-05-10T13:52:00Z,N,Baseflow,NA,NA,NA,9.9,99.8
S01,2016-05-12T14:15:00Z,N,Baseflow,1,1,1,8.07,NA
S01,2016-05-12T14:27:00Z,N,Baseflow,NA,NA,NA,NA,NA
S01,2014-05-14T10:00:00Z,N,Baseflow,1,1,1,7.8,NA
S01,2011-05-16T10:45:00Z,N,Stormwater,1,1,1,8.9,NA
S01,2011-05-16T00:00:00Z,N,Stormwater,1,1,1,12.05,NA
S01,2018-05-19T18:00:00Z,FD,Stormwater,NA,NA,NA,NA,NA
S01,2018-05-19T18:00:00Z,N,Stormwater,NA,NA,NA,NA,NA
S01,2018-05-21T12:29:00Z,N,Stormwater,NA,NA,NA,8.33,82.3
S01,2018-05-21T12:30:00Z,N,Stormwater,NA,NA,NA,NA,NA
S01,2018-05-21T12:32:00Z,N,Stormwater,NA,NA,NA,9.14,90.5
S01,2018-05-21T12:35:00Z,N,Stormwater,NA,NA,NA,NA,NA
S01,2018-05-21T12:37:00Z,N,Stormwater,NA,NA,NA,8.86,88.2
S01,2013-05-29T09:00:00Z,N,Baseflow,1,1,1,5.89,NA
S01,2017-05-05T17:00:00Z,FD,Stormwater,NA,NA,NA,NA,NA
S01,2017-05-05T17:00:00Z,N,Stormwater,NA,NA,NA,NA,NA
S01,2015-05-06T11:15:00Z,N,Baseflow,1,1,0,9.26,NA
S01,2017-05-07T12:35:00Z,N,Stormwater,1,1,NA,10.58,100.7
S01,2017-05-07T12:38:00Z,N,Stormwater,NA,NA,NA,NA,NA
S01,2017-05-07T12:42:00Z,N,Stormwater,1,1,NA,10.56,100.8
S01,2015-06-01T13:10:00Z,N,Stormwater,1,1,1,8.53,NA
S01,2019-06-10T10:30:00Z,N,Baseflow,NA,NA,NA,NA,NA
S01,2012-06-12T09:30:00Z,N,Baseflow,1,NA,0,7.39,NA
S01,2014-06-13T12:22:00Z,N,Stormwater,1,1,1,7.37,NA
S01,2013-06-20T09:10:00Z,N,Baseflow,1,1,1,4.63,NA
S01,2011-06-27T10:50:00Z,N,Stormwater,NA,NA,NA,NA,NA
S01,2011-06-27T11:00:00Z,N,Stormwater,1,1,1,7.69,NA
S01,2016-06-05T20:30:00Z,N,Stormwater,NA,NA,NA,NA,NA
S01,2016-06-07T12:50:00Z,N,Stormwater,1,1,1,7.68,0.799
S01,2016-06-07T12:55:00Z,N,Stormwater,1,1,1,7.63,0.79
S01,2011-07-13T09:55:00Z,N,Baseflow,1,1,1,5.87,NA
S01,2012-07-13T11:30:00Z,N,Baseflow,1,NA,1,4.89,NA
S01,2015-07-14T10:55:00Z,N,Baseflow,1,1,1,6.59,NA
S01,2016-07-14T22:30:00Z,N,Stormwater,NA,NA,NA,NA,NA
S01,2016-07-15T14:45:00Z,N,Stormwater,1,1,1,6.28,0.731
S01,2016-07-15T14:50:00Z,N,Stormwater,1,1,1,6.17,0.719
S01,2017-07-17T14:20:00Z,N,Baseflow,NA,NA,NA,6.55,65.1
S01,2017-07-17T14:25:00Z,N,Baseflow,NA,NA,NA,6.22,61.7
S01,2018-07-17T13:30:00Z,FD,Stormwater,NA,NA,NA,NA,NA
S01,2018-07-17T13:30:00Z,N,Stormwater,NA,NA,NA,NA,NA
S01,2017-07-18T13:30:00Z,FD,Stormwater,NA,NA,NA,NA,NA
S01,2017-07-18T13:30:00Z,N,Stormwater,NA,NA,NA,NA,NA
S01,2018-07-18T12:00:00Z,N,Stormwater,NA,NA,NA,6.62,71.6
S01,2018-07-18T12:01:00Z,N,Stormwater,NA,NA,NA,6.61,73.1
S01,2018-07-18T12:03:00Z,N,Stormwater,NA,NA,NA,6.31,71.1
S01,2017-07-19T12:49:00Z,N,Stormwater,NA,NA,NA,7.81,82.1
S01,2017-07-19T12:52:00Z,N,Stormwater,NA,NA,NA,7.72,81.7
S01,2017-07-19T12:55:00Z,N,Stormwater,NA,NA,NA,7.65,81.5
S01,2014-07-22T11:15:00Z,N,Baseflow,1,1,0,6.67,NA
S01,2012-07-26T14:20:00Z,N,Stormwater,1,NA,1,NA,NA
S01,2016-07-05T14:50:00Z,N,Baseflow,NA,NA,NA,NA,NA
S01,2016-07-05T14:52:00Z,N,Baseflow,1,1,1,7.79,0.836
S01,2016-07-05T15:00:00Z,N,Baseflow,1,1,1,8.13,0.873
S01,2018-07-09T10:54:00Z,N,Baseflow,NA,NA,NA,5.18,55
S01,2018-07-09T10:55:00Z,N,Baseflow,NA,NA,NA,5.26,55
S01,2018-07-09T10:58:00Z,N,Baseflow,NA,NA,NA,4.7,49.9
S01,2018-07-09T11:00:00Z,N,Baseflow,NA,NA,NA,NA,NA
S01,2013-08-01T13:00:00Z,N,Baseflow,NA,NA,NA,NA,NA
S01,2011-08-10T17:50:00Z,N,Stormwater,1,1,1,6.27,NA
S01,2015-08-12T10:45:00Z,N,Stormwater,1,1,1,NA,NA
S01,2010-08-19T14:40:00Z,N,Baseflow,NA,NA,NA,NA,NA
S01,2013-08-02T10:50:00Z,N,Stormwater,NA,NA,NA,NA,NA
S01,2011-08-25T11:15:00Z,N,Baseflow,1,1,1,6.93,NA
S01,2010-09-01T11:15:00Z,N,Baseflow,NA,NA,NA,NA,NA
S01,2015-09-11T09:30:00Z,N,Stormwater,NA,NA,NA,NA,NA
S01,2016-09-11T11:51:00Z,N,Stormwater,NA,NA,NA,NA,NA
S01,2016-09-12T11:39:00Z,N,Stormwater,1,1,1,8.11,0.814
S01,2016-09-12T11:47:00Z,N,Stormwater,1,1,1,8.4,0.832
S01,2011-09-13T10:00:00Z,N,Stormwater,NA,NA,NA,NA,NA
S01,2011-09-13T10:05:00Z,FD,Stormwater,NA,NA,NA,NA,NA
S01,2011-09-13T09:50:00Z,N,Baseflow,1,1,1,7.91,NA
S01,2013-09-13T11:20:00Z,N,Stormwater,NA,NA,NA,NA,NA
S01,2012-09-14T08:15:00Z,N,Baseflow,1,NA,1,4.58,NA
S01,2018-09-17T12:19:00Z,N,Baseflow,NA,NA,NA,7.41,77.8
S01,2018-09-17T12:20:00Z,N,Baseflow,NA,NA,NA,7.2,76
S01,2018-09-17T12:21:00Z,N,Baseflow,NA,NA,NA,7.36,78.1
S01,2018-09-17T12:23:00Z,N,Baseflow,NA,NA,NA,NA,NA
S01,2018-09-17T12:24:00Z,FD,Baseflow,NA,NA,NA,NA,NA
S01,2018-09-17T12:24:00Z,N,Baseflow,NA,NA,NA,NA,NA
S01,2015-09-18T10:00:00Z,N,Baseflow,NA,NA,NA,NA,NA
S01,2018-09-18T09:51:00Z,FD,Stormwater,NA,NA,NA,NA,NA
S01,2018-09-18T09:51:00Z,N,Stormwater,NA,NA,NA,NA,NA
S01,2018-09-19T11:11:00Z,N,Stormwater,NA,NA,NA,8.25,76.7
S01,2018-09-19T11:12:00Z,N,Stormwater,NA,NA,NA,8.21,76.3
S01,2018-09-19T11:13:00Z,N,Stormwater,NA,NA,NA,8.19,76.1
S01,2018-09-19T11:17:00Z,N,Stormwater,NA,NA,NA,NA,NA
S01,2016-09-02T14:40:00Z,N,Baseflow,NA,NA,NA,NA,NA
S01,2016-09-02T14:48:00Z,N,Baseflow,1,1,1,7.51,0.799
S01,2016-09-02T15:00:00Z,N,Baseflow,1,1,1,6.83,0.724
S01,2016-09-02T15:05:00Z,N,Baseflow,1,1,1,6.88,0.729
S01,2017-09-24T08:45:00Z,N,Baseflow,NA,NA,NA,9.67,91.2
S01,2017-09-24T08:48:00Z,N,Baseflow,NA,NA,NA,9.55,90.2
S01,2017-09-24T08:50:00Z,N,Baseflow,NA,NA,NA,NA,NA
S01,2017-09-24T08:52:00Z,N,Baseflow,NA,NA,NA,9.57,90.8
S01,2013-09-26T09:45:00Z,N,Baseflow,NA,NA,NA,NA,NA
S01,2014-09-26T13:40:00Z,N,Baseflow,1,1,0,8.45,NA
S01,2010-09-28T10:25:00Z,N,Stormwater,NA,NA,NA,NA,NA
S01,2010-09-28T10:30:00Z,N,Stormwater,NA,NA,NA,NA,NA
S01,2012-09-07T15:55:00Z,N,Stormwater,1,NA,1,3.87,NA
S01,2017-09-07T14:28:00Z,N,Stormwater,NA,NA,NA,8.8,91.5
S01,2017-09-07T14:31:00Z,N,Stormwater,NA,NA,NA,8.79,90.9
S01,2017-09-07T14:34:00Z,N,Stormwater,NA,NA,NA,8.75,91.1
S01,2017-09-07T14:45:00Z,N,Stormwater,NA,NA,NA,NA,NA
S01,2017-09-07T04:30:00Z,FD,Stormwater,NA,NA,NA,NA,NA
S01,2017-09-07T04:30:00Z,N,Stormwater,NA,NA,NA,NA,NA
S01,2010-10-01T16:00:00Z,N,Stormwater,NA,NA,NA,NA,NA
S01,2012-10-11T15:23:00Z,N,Stormwater,278,NA,15.5,5.43,NA
S01,2010-10-15T10:50:00Z,N,Stormwater,NA,NA,NA,NA,NA
S01,2014-10-17T08:50:00Z,N,Stormwater,114,1,0,7.13,NA
S01,2010-10-21T13:45:00Z,N,Baseflow,NA,NA,NA,NA,NA
S01,2011-10-25T12:35:00Z,N,Stormwater,239,1,16,5.58,NA
S01,2012-10-25T15:40:00Z,N,Baseflow,NA,NA,NA,NA,NA
S01,2010-10-06T14:20:00Z,N,Stormwater,NA,NA,NA,NA,NA
S01,2014-10-06T09:50:00Z,N,Stormwater,91,1,0,7.89,NA
S01,2010-11-15T12:10:00Z,N,Baseflow,NA,NA,NA,NA,NA
S01,2012-11-29T09:20:00Z,N,Baseflow,NA,NA,NA,NA,NA
S01,2011-11-30T10:00:00Z,N,Stormwater,NA,NA,NA,NA,NA
S01,2011-11-09T15:10:00Z,N,Baseflow,139,NA,16.4,6.99,NA
S01,2012-02-17T09:50:00Z,N,Spring Melt,NA,NA,NA,NA,NA
S01,2017-02-19T10:50:00Z,N,Spring Melt,NA,NA,NA,NA,NA
S01,2017-02-19T11:00:00Z,N,Spring Melt,143.4,1,9.905,NA,NA
S01,2017-02-19T11:05:00Z,N,Spring Melt,146.1,1,8.13,NA,NA
S01,2017-03-01T11:10:00Z,N,Spring Melt,NA,NA,NA,NA,NA
S01,2017-03-01T11:15:00Z,N,Spring Melt,117.5,1,12.3,NA,NA
S01,2017-03-01T11:20:00Z,N,Spring Melt,112.6,1,12.5,NA,NA
S01,2013-03-13T16:15:00Z,N,Spring Melt,NA,NA,NA,11.69,NA
S01,2012-03-14T10:30:00Z,N,Spring Melt,150,NA,7.9,8.07,NA
S01,2014-03-14T13:26:00Z,N,Spring Melt,NA,NA,NA,NA,NA
S01,2012-03-16T14:05:00Z,N,Spring Melt,86,NA,8.7,7.87,NA
S01,2017-03-17T18:40:00Z,N,Spring Melt,NA,NA,NA,NA,NA
S01,2017-03-17T18:45:00Z,N,Spring Melt,170,1,10.85,13.36,91.4
S01,2017-03-17T18:50:00Z,N,Spring Melt,167.6,1,11,13.33,91.2
S01,2014-03-20T13:54:00Z,N,Spring Melt,95,1,46.1,6.82,NA
S01,2012-03-22T10:10:00Z,N,Spring Melt,100,NA,88.6,6.59,NA
S01,2011-03-24T10:50:00Z,N,Baseflow,137.7,1,3.4,12.65,NA
S01,2013-03-28T13:25:00Z,N,Spring Melt,107,1,4.6,10.33,NA
S01,2014-03-28T13:05:00Z,N,Spring Melt,81,1,0,8.32,NA
S01,2011-03-31T09:55:00Z,N,Baseflow,75,1,3.91,12.58,NA
S01,2013-03-06T13:10:00Z,N,Spring Melt,148,NA,4.9,1.19,NA
S01,2017-03-09T12:30:00Z,N,Spring Melt,115.6,1,9.53,NA,NA
S01,2017-03-09T12:35:00Z,N,Spring Melt,117.1,1,9.93,NA,NA
S01,2011-04-11T11:45:00Z,N,Stormwater,176,1,81.3,8.84,NA
S01,2012-04-19T12:00:00Z,N,Baseflow,236,NA,1.4,7.47,NA
S01,2013-04-02T10:35:00Z,N,Spring Melt,34,1,3.2,11.79,NA
S01,2011-04-05T10:20:00Z,N,Stormwater,58.3,1,4.9,10.69,NA
S01,2014-04-08T13:35:00Z,N,Spring Melt,108,1,11.5,8.19,NA
S01,2017-05-01T18:21:00Z,N,Baseflow,104.3,1,NA,9.55,84
S01,2017-05-01T18:24:00Z,N,Baseflow,100.5,1,NA,9.4,82.8
S01,2017-05-01T18:25:00Z,N,Baseflow,NA,NA,NA,NA,NA
S01,2017-05-01T18:27:00Z,N,Baseflow,99.1,1,NA,9.39,82.7
S01,2018-05-10T12:37:00Z,N,Baseflow,NA,NA,NA,9.21,93.4
S01,2018-05-10T12:39:00Z,N,Baseflow,NA,NA,NA,9.12,92.8
S01,2018-05-10T12:40:00Z,N,Baseflow,NA,NA,NA,NA,NA
S01,2018-05-10T12:42:00Z,N,Baseflow,NA,NA,NA,9.11,92.8
S01,2016-05-12T13:25:00Z,N,Baseflow,83,1,3.5425,8.27,NA
S01,2016-05-12T13:35:00Z,N,Baseflow,NA,NA,NA,NA,NA
S01,2014-05-14T09:40:00Z,N,Baseflow,75,1,0,5.5,NA
S01,2011-05-16T10:00:00Z,N,Stormwater,160,1,7.8,10.69,NA
S01,2018-05-19T18:00:00Z,N,Stormwater,NA,NA,NA,NA,NA
S01,2018-05-21T11:50:00Z,N,Stormwater,NA,NA,NA,NA,NA
S01,2018-05-21T11:52:00Z,N,Stormwater,NA,NA,NA,8.43,86.9
S01,2018-05-21T11:54:00Z,N,Stormwater,NA,NA,NA,8.5,87.7
S01,2018-05-21T11:57:00Z,N,Stormwater,NA,NA,NA,8.49,87.7
S01,2013-05-29T09:15:00Z,N,Baseflow,109,1,0.9,6.85,NA
S01,2017-05-05T17:00:00Z,N,Stormwater,NA,NA,NA,NA,NA
S01,2015-05-06T10:40:00Z,N,Baseflow,94,1,0,7.94,NA
S01,2017-05-07T11:55:00Z,N,Stormwater,98.8,1,NA,9.68,95
S01,2017-05-07T11:57:00Z,N,Stormwater,NA,NA,NA,NA,NA
S01,2017-05-07T12:00:00Z,N,Stormwater,97,1,NA,9.66,95
S01,2015-06-01T13:00:00Z,N,Stormwater,85,1,7.2,7.93,NA
S01,2019-06-10T11:00:00Z,N,Baseflow,NA,NA,NA,NA,NA
S01,2012-06-12T10:00:00Z,N,Baseflow,147,NA,0,6.91,NA
S01,2014-06-13T12:01:00Z,N,Stormwater,104,1,26.6,4.83,NA
S01,2013-06-20T09:25:00Z,N,Baseflow,111,1,1.3,7.41,NA
S01,2011-06-27T11:30:00Z,N,Stormwater,242,1,7,8.11,NA
S01,2016-06-05T20:30:00Z,N,Stormwater,NA,NA,NA,NA,NA
S01,2016-06-07T13:25:00Z,N,Stormwater,97,1,4.67,7.68,0.856
S01,2016-06-07T13:30:00Z,N,Stormwater,84,1,4.36,7.72,0.859
S01,2011-07-13T10:35:00Z,N,Baseflow,268,1,3.1,7.29,NA
S01,2012-07-13T10:40:00Z,N,Baseflow,134,NA,27.5,4.63,NA
S01,2015-07-14T10:40:00Z,N,Baseflow,117,1,4.2,3.97,NA
S01,2016-07-14T22:30:00Z,N,Stormwater,NA,NA,NA,NA,NA
S01,2016-07-15T14:31:00Z,N,Stormwater,126,1,5.42,6.09,0.77
S01,2016-07-15T14:35:00Z,N,Stormwater,125,1,8.06,5.9,0.744
S01,2017-07-17T13:10:00Z,N,Baseflow,NA,NA,NA,5.45,62.8
S01,2017-07-17T13:15:00Z,N,Baseflow,NA,NA,NA,4.09,48.7
S01,2017-07-17T13:18:00Z,N,Baseflow,NA,NA,NA,4.79,55.6
S01,2018-07-17T13:30:00Z,N,Stormwater,NA,NA,NA,NA,NA
S01,2017-07-18T13:30:00Z,N,Stormwater,NA,NA,NA,NA,NA
S01,2018-07-18T11:09:00Z,N,Stormwater,NA,NA,NA,5.78,64.9
S01,2018-07-18T11:11:00Z,N,Stormwater,NA,NA,NA,5.72,64.2
S01,2018-07-18T11:12:00Z,N,Stormwater,NA,NA,NA,NA,NA
S01,2018-07-18T11:13:00Z,N,Stormwater,NA,NA,NA,5.74,63.9
S01,2017-07-19T11:52:00Z,N,Stormwater,NA,NA,NA,4.93,57.3
S01,2017-07-19T11:55:00Z,N,Stormwater,NA,NA,NA,4.9,57.3
S01,2017-07-19T11:57:00Z,N,Stormwater,NA,NA,NA,4.88,56.8
S01,2014-07-22T10:50:00Z,N,Baseflow,19,1,15.1,5.49,NA
S01,2012-07-26T13:50:00Z,N,Stormwater,175,NA,2.4,NA,NA
S01,2016-07-05T11:30:00Z,N,Baseflow,NA,NA,NA,NA,NA
S01,2016-07-05T11:33:00Z,N,Baseflow,134,1,5.03,8.82,1.1711
S01,2016-07-05T11:40:00Z,N,Baseflow,129,1,4.52,9.77,1.176
S01,2018-07-09T16:08:00Z,N,Baseflow,NA,NA,NA,5.54,65.6
S01,2018-07-09T16:09:00Z,N,Baseflow,NA,NA,NA,5.5,65.2
S01,2018-07-09T16:10:00Z,N,Baseflow,NA,NA,NA,NA,NA
S01,2018-07-09T16:11:00Z,N,Baseflow,NA,NA,NA,5.48,65
S01,2013-08-01T12:15:00Z,N,Baseflow,NA,NA,NA,NA,NA
S01,2011-08-10T18:01:00Z,N,Stormwater,207,1,5.5,6.64,NA
S01,2015-08-12T10:15:00Z,N,Stormwater,162,1,86.5,NA,NA
S01,2010-08-19T14:45:00Z,N,Baseflow,NA,NA,NA,NA,NA
S01,2010-08-19T14:50:00Z,FD,Baseflow,NA,NA,NA,NA,NA
S01,2013-08-02T10:50:00Z,N,Stormwater,NA,NA,NA,NA,NA
S01,2011-08-25T11:30:00Z,N,Baseflow,194,1,2.3,7.81,NA
S01,2010-09-01T11:25:00Z,N,Baseflow,NA,NA,NA,NA,NA
S01,2015-09-11T09:25:00Z,N,Stormwater,NA,NA,NA,NA,NA
S01,2016-09-11T11:51:00Z,N,Stormwater,NA,NA,NA,NA,NA
S01,2016-09-12T11:03:00Z,N,Stormwater,-8,1,3.73,4.23,0.439
S01,2016-09-12T11:08:00Z,N,Stormwater,7,1,8.67,3.93,0.407
S01,2011-09-13T10:35:00Z,N,Baseflow,105,1,119,6.34,NA
S01,2011-09-13T10:45:00Z,N,Stormwater,139,1,31.9,5.86,NA
S01,2013-09-13T12:05:00Z,N,Stormwater,NA,NA,NA,NA,NA
S01,2012-09-14T08:50:00Z,N,Baseflow,91,NA,0.7,3.59,NA
S01,2018-09-17T11:29:00Z,N,Baseflow,NA,NA,NA,5.63,61.4
S01,2018-09-17T11:30:00Z,N,Baseflow,NA,NA,NA,5.61,61.9
S01,2018-09-17T11:31:00Z,N,Baseflow,NA,NA,NA,5.55,61
S01,2015-09-18T09:45:00Z,N,Baseflow,NA,NA,NA,NA,NA
S01,2018-09-18T09:51:00Z,N,Stormwater,NA,NA,NA,NA,NA
S01,2018-09-19T10:00:00Z,N,Stormwater,NA,NA,NA,6.62,70.3
S01,2018-09-19T10:01:00Z,N,Stormwater,NA,NA,NA,NA,NA
S01,2018-09-19T09:58:00Z,N,Stormwater,NA,NA,NA,6.64,70.9
S01,2018-09-19T09:59:00Z,N,Stormwater,NA,NA,NA,6.64,70.6
S01,2016-09-02T16:35:00Z,N,Baseflow,122,1,2.98,3.92,0.455
S01,2016-09-02T16:40:00Z,N,Baseflow,110,1,2.66,3.05,0.352
S01,2016-09-02T16:45:00Z,N,Baseflow,6,1,2.69,2.83,0.33
S01,2016-09-02T16:55:00Z,N,Baseflow,-26,1,7.22,4.31,0.502
S01,2017-09-24T08:22:00Z,N,Baseflow,NA,NA,NA,2.01,20.8
S01,2017-09-24T08:25:00Z,N,Baseflow,NA,NA,NA,NA,NA
S01,2017-09-24T08:27:00Z,N,Baseflow,NA,NA,NA,3.92,40.7
S01,2017-09-24T08:29:00Z,N,Baseflow,NA,NA,NA,3.91,40.5
S01,2013-09-26T09:18:00Z,N,Baseflow,NA,NA,NA,NA,NA
S01,2014-09-26T13:25:00Z,N,Baseflow,95,1,2.2,5.85,NA
S01,2010-09-28T11:05:00Z,N,Stormwater,NA,NA,NA,NA,NA
S01,2012-09-07T14:55:00Z,N,Stormwater,188,NA,4.6,7.99,NA
S01,2017-09-07T13:50:00Z,N,Stormwater,NA,NA,NA,NA,NA
S01,2017-09-07T14:06:00Z,N,Stormwater,NA,NA,NA,6.99,74.1
S01,2017-09-07T14:09:00Z,N,Stormwater,NA,NA,NA,6.99,74.1
S01,2017-09-07T14:12:00Z,N,Stormwater,NA,NA,NA,6.97,74
S01,2017-09-07T04:30:00Z,N,Stormwater,NA,NA,NA,NA,NA
S01,2010-10-01T16:00:00Z,N,Stormwater,NA,NA,NA,NA,NA
S01,2012-10-11T16:30:00Z,N,Stormwater,1,NA,1,3.11,NA
S01,2010-10-15T09:25:00Z,N,Stormwater,NA,NA,NA,NA,NA
S01,2014-10-17T11:00:00Z,N,Stormwater,1,1,1,8.19,NA
S01,2010-10-21T13:40:00Z,N,Baseflow,NA,NA,NA,NA,NA
S01,2010-10-21T13:50:00Z,FD,Baseflow,NA,NA,NA,NA,NA
S01,2010-10-21T13:50:00Z,N,Baseflow,NA,NA,NA,NA,NA
S01,2011-10-25T10:25:00Z,N,Stormwater,1,1,1,9.54,NA
S01,2012-10-25T17:05:00Z,N,Baseflow,NA,NA,NA,NA,NA
S01,2010-10-06T13:05:00Z,N,Stormwater,NA,NA,NA,NA,NA
S01,2014-10-06T11:00:00Z,N,Stormwater,1,1,1,6.49,NA
S01,2010-11-15T12:15:00Z,N,Baseflow,NA,NA,NA,NA,NA
S01,2010-11-15T12:20:00Z,FD,Baseflow,NA,NA,NA,NA,NA
S01,2010-11-15T12:20:00Z,N,Baseflow,NA,NA,NA,NA,NA
S01,2012-11-29T09:50:00Z,N,Baseflow,NA,NA,NA,NA,NA
S01,2011-11-30T08:45:00Z,N,Stormwater,NA,NA,NA,NA,NA
S01,2011-11-09T16:30:00Z,N,Baseflow,1,NA,1,7.38,NA
S01,2012-02-17T10:45:00Z,N,Spring Melt,NA,NA,NA,NA,NA
S01,2017-02-19T12:45:00Z,N,Spring Melt,NA,NA,NA,NA,NA
S01,2017-02-19T12:50:00Z,N,Spring Melt,1,1,1,NA,NA
S01,2017-02-19T12:55:00Z,N,Spring Melt,1,1,1,NA,NA
S01,2018-02-21T16:26:00Z,N,Spring Melt,NA,NA,NA,NA,NA
S01,2018-02-21T16:28:00Z,N,Spring Melt,NA,NA,NA,NA,NA
S01,2018-02-21T16:30:00Z,N,Spring Melt,NA,NA,NA,NA,NA
S01,2018-02-21T16:31:00Z,N,Spring Melt,NA,NA,NA,NA,NA
S01,2018-02-27T10:02:00Z,N,Spring Melt,NA,NA,NA,NA,NA
S01,2018-02-27T10:03:00Z,N,Spring Melt,NA,NA,NA,NA,NA
S01,2018-02-27T10:04:00Z,N,Spring Melt,NA,NA,NA,NA,NA
S01,2018-02-27T09:56:00Z,N,Spring Melt,NA,NA,NA,NA,NA
S01,2018-02-27T09:59:00Z,N,Spring Melt,NA,NA,NA,NA,NA
S01,2017-03-01T14:15:00Z,N,Spring Melt,1,1,1,NA,NA
S01,2017-03-01T14:20:00Z,N,Spring Melt,NA,NA,NA,NA,NA
S01,2017-03-01T14:25:00Z,N,Spring Melt,1,1,1,NA,NA
S01,2013-03-13T15:45:00Z,N,Spring Melt,NA,NA,NA,13.57,NA
S01,2019-03-13T16:52:00Z,N,Spring Melt,NA,NA,NA,NA,NA
S01,2019-03-13T16:53:00Z,N,Spring Melt,NA,NA,NA,NA,NA
S01,2012-03-14T09:20:00Z,N,Spring Melt,1,NA,1,8.61,NA
S01,2019-03-15T15:30:00Z,N,Spring Melt,NA,NA,NA,NA,NA
S01,2019-03-15T15:32:00Z,N,Spring Melt,NA,NA,NA,NA,NA
S01,2012-03-16T16:40:00Z,N,Spring Melt,1,NA,1,9.06,NA
S01,2017-03-17T15:40:00Z,N,Spring Melt,1,1,1,13.49,92.4
S01,2017-03-17T15:45:00Z,N,Spring Melt,1,1,1,13.48,92.3
S01,2014-03-20T15:29:00Z,N,Spring Melt,1,1,1,8.07,NA
S01,2012-03-22T13:00:00Z,N,Spring Melt,1,NA,1,7.49,NA
S01,2011-03-24T13:00:00Z,N,Baseflow,1,1,1,14.4,NA
S01,2019-03-24T17:33:00Z,N,Spring Melt,NA,NA,NA,NA,NA
S01,2019-03-24T17:35:00Z,N,Spring Melt,NA,NA,NA,NA,NA
S01,2013-03-28T16:40:00Z,N,Spring Melt,1,1,1,9.8,NA
S01,2014-03-28T15:20:00Z,N,Spring Melt,1,1,1,8.79,NA
S01,2018-03-28T17:43:00Z,N,Spring Melt,NA,NA,NA,NA,NA
S01,2018-03-28T17:46:00Z,N,Spring Melt,NA,NA,NA,NA,NA
S01,2018-03-28T17:49:00Z,N,Spring Melt,NA,NA,NA,NA,NA
S01,2018-03-28T17:50:00Z,N,Spring Melt,NA,NA,NA,NA,NA
S01,2019-03-29T09:36:00Z,N,Spring Melt,NA,NA,NA,13.73,97.1
S01,2019-03-29T09:40:00Z,N,Spring Melt,NA,NA,NA,NA,NA
S01,2011-03-31T11:40:00Z,N,Baseflow,1,1,1,14.1,NA
S01,2013-03-06T14:40:00Z,N,Spring Melt,1,NA,1,12.22,NA
S01,2018-03-06T14:43:00Z,N,Spring Melt,NA,NA,NA,NA,NA
S01,2018-03-06T14:45:00Z,N,Spring Melt,NA,NA,NA,NA,NA
S01,2018-03-06T14:47:00Z,N,Spring Melt,NA,NA,NA,NA,NA
S01,2017-03-09T14:15:00Z,N,Spring Melt,1,1,1,NA,NA
S01,2017-03-09T14:20:00Z,N,Spring Melt,1,1,1,NA,NA
S01,2011-04-11T11:30:00Z,N,Stormwater,1,1,1,9.66,NA
S01,2012-04-19T15:10:00Z,N,Baseflow,1,NA,1,7.82,NA
S01,2013-04-02T12:10:00Z,N,Spring Melt,1,1,1,9.83,NA
S01,2011-04-05T12:00:00Z,N,Stormwater,1,1,1,12,NA
S01,2014-04-08T15:00:00Z,N,Spring Melt,1,1,1,9.73,NA
S01,2017-05-01T15:30:00Z,N,Baseflow,1,1,NA,11.53,101.5
S01,2017-05-01T15:35:00Z,N,Baseflow,1,1,NA,11.52,101.5
S01,2017-05-01T15:40:00Z,N,Baseflow,1,1,NA,11.5,101.3
S01,2018-05-10T14:32:00Z,N,Baseflow,NA,NA,NA,9.23,94.1
S01,2018-05-10T14:38:00Z,N,Baseflow,NA,NA,NA,9.29,94.8
S01,2018-05-10T14:40:00Z,N,Baseflow,NA,NA,NA,NA,NA
S01,2018-05-10T14:42:00Z,N,Baseflow,NA,NA,NA,9.2,94
S01,2016-05-12T14:55:00Z,N,Baseflow,1,1,1,10.6,NA
S01,2016-05-12T15:05:00Z,N,Baseflow,NA,NA,NA,NA,NA
S01,2014-05-14T11:35:00Z,N,Baseflow,1,1,1,7.34,NA
S01,2011-05-16T11:50:00Z,N,Stormwater,1,1,1,13.72,NA
S01,2011-05-16T00:00:00Z,N,Stormwater,NA,NA,NA,NA,NA
S01,2018-05-19T18:00:00Z,N,Stormwater,NA,NA,NA,NA,NA
S01,2018-05-21T13:09:00Z,N,Stormwater,NA,NA,NA,9.36,96.1
S01,2018-05-21T13:10:00Z,N,Stormwater,NA,NA,NA,NA,NA
S01,2018-05-21T13:12:00Z,N,Stormwater,NA,NA,NA,9.26,95.6
S01,2018-05-21T13:14:00Z,N,Stormwater,NA,NA,NA,9.15,94.7
S01,2013-05-29T10:15:00Z,N,Baseflow,1,1,1,8.85,NA
S01,2017-05-05T17:00:00Z,N,Stormwater,NA,NA,NA,NA,NA
S01,2015-05-06T12:50:00Z,N,Baseflow,1,1,1,8.54,NA
S01,2017-05-07T13:01:00Z,N,Stormwater,1,1,NA,10.52,101
S01,2017-05-07T13:03:00Z,N,Stormwater,NA,NA,NA,NA,NA
S01,2017-05-07T13:07:00Z,N,Stormwater,1,1,NA,10.48,100.9
S01,2015-06-01T14:40:00Z,N,Stormwater,1,1,1,8.15,NA
S01,2019-06-10T11:30:00Z,N,Baseflow,NA,NA,NA,NA,NA
S01,2012-06-12T13:00:00Z,N,Baseflow,1,NA,1,5.52,NA
S01,2014-06-13T13:18:00Z,N,Stormwater,1,1,1,7.34,NA
S01,2013-06-20T10:20:00Z,N,Baseflow,1,1,1,1.71,NA
S01,2011-06-27T12:15:00Z,N,Stormwater,1,1,1,6.74,NA
S01,2016-06-05T20:30:00Z,N,Stormwater,NA,NA,NA,NA,NA
S01,2016-06-07T12:20:00Z,N,Stormwater,1,1,1,7.37,0.784
S01,2016-06-07T12:25:00Z,N,Stormwater,1,1,1,7.36,0.785
S01,2011-07-13T12:45:00Z,N,Baseflow,1,1,1,6.78,NA
S01,2012-07-13T10:20:00Z,N,Baseflow,1,NA,1,5.86,NA
S01,2015-07-14T12:55:00Z,N,Baseflow,1,1,1,4.01,NA
S01,2016-07-14T22:30:00Z,FD,Stormwater,NA,NA,NA,NA,NA
S01,2016-07-14T22:30:00Z,N,Stormwater,NA,NA,NA,NA,NA
S01,2016-07-15T17:00:00Z,N,Stormwater,1,1,1,4.79,0.619
S01,2016-07-15T17:10:00Z,N,Stormwater,1,1,1,4.68,0.575
S01,2017-07-17T15:15:00Z,N,Baseflow,NA,NA,NA,4.72,54.2
S01,2017-07-17T15:20:00Z,N,Baseflow,NA,NA,NA,4.7,54.1
S01,2017-07-17T15:25:00Z,N,Baseflow,NA,NA,NA,4.4,50.7
S01,2018-07-17T13:30:00Z,N,Stormwater,NA,NA,NA,NA,NA
S01,2018-07-18T13:26:00Z,N,Stormwater,NA,NA,NA,6.45,72.4
S01,2018-07-18T13:27:00Z,N,Stormwater,NA,NA,NA,6.38,72.7
S01,2018-07-18T13:29:00Z,N,Stormwater,NA,NA,NA,NA,NA
S01,2018-07-18T13:30:00Z,N,Stormwater,NA,NA,NA,6.37,71.9
S01,2017-07-19T13:23:00Z,N,Stormwater,NA,NA,NA,4.66,54.5
S01,2017-07-19T13:25:00Z,N,Stormwater,NA,NA,NA,NA,NA
S01,2017-07-19T13:29:00Z,N,Stormwater,NA,NA,NA,4.41,51.7
S01,2017-07-19T13:36:00Z,N,Stormwater,NA,NA,NA,4.72,55.2
S01,2014-07-22T12:25:00Z,N,Baseflow,1,1,1,6.99,NA
S01,2016-07-05T15:52:00Z,N,Baseflow,NA,NA,NA,NA,NA
S01,2016-07-05T15:55:00Z,N,Baseflow,1,1,1,3.75,0.434
S01,2016-07-05T16:02:00Z,N,Baseflow,1,1,1,3.74,0.436
S01,2018-07-09T13:10:00Z,FD,Baseflow,NA,NA,NA,NA,NA
S01,2018-07-09T13:10:00Z,N,Baseflow,NA,NA,NA,NA,NA
S01,2018-07-09T13:11:00Z,N,Baseflow,NA,NA,NA,4.35,48.9
S01,2018-07-09T13:12:00Z,N,Baseflow,NA,NA,NA,4.06,45.2
S01,2018-07-09T13:13:00Z,N,Baseflow,NA,NA,NA,3.86,43.3
S01,2013-08-01T15:40:00Z,N,Baseflow,NA,NA,NA,NA,NA
S01,2011-08-10T16:50:00Z,N,Stormwater,1,1,1,6.97,NA
S01,2015-08-12T12:45:00Z,N,Stormwater,1,1,1,NA,NA
S01,2010-08-19T15:10:00Z,N,Baseflow,NA,NA,NA,NA,NA
S01,2013-08-02T10:50:00Z,N,Stormwater,NA,NA,NA,NA,NA
S01,2011-08-25T10:20:00Z,N,Baseflow,1,1,1,7.57,NA
S01,2010-09-01T11:45:00Z,N,Baseflow,NA,NA,NA,NA,NA
S01,2015-09-11T10:45:00Z,N,Stormwater,NA,NA,NA,NA,NA
S01,2011-09-13T14:50:00Z,N,Baseflow,1,1,1,7.12,NA
S01,2011-09-13T15:00:00Z,N,Stormwater,NA,NA,NA,NA,NA
S01,2013-09-13T13:40:00Z,N,Stormwater,NA,NA,NA,NA,NA
S01,2012-09-14T10:30:00Z,N,Baseflow,1,NA,1,5.8,NA
S01,2018-09-17T13:02:00Z,N,Baseflow,NA,NA,NA,NA,NA
S01,2018-09-17T12:57:00Z,N,Baseflow,NA,NA,NA,6.6,71.9
S01,2018-09-17T12:58:00Z,N,Baseflow,NA,NA,NA,6.54,70.9
S01,2018-09-17T12:59:00Z,N,Baseflow,NA,NA,NA,6.85,75
S01,2015-09-18T11:45:00Z,N,Baseflow,NA,NA,NA,NA,NA
S01,2018-09-18T09:51:00Z,N,Stormwater,NA,NA,NA,NA,NA
S01,2018-09-19T12:33:00Z,N,Stormwater,NA,NA,NA,8.07,84.8
S01,2018-09-19T12:34:00Z,N,Stormwater,NA,NA,NA,7.93,83.8
S01,2018-09-19T12:35:00Z,N,Stormwater,NA,NA,NA,7.92,83.3
S01,2018-09-19T12:38:00Z,N,Stormwater,NA,NA,NA,NA,NA
S01,2016-09-02T13:35:00Z,N,Baseflow,1,1,1,4.24,0.48
S01,2016-09-02T13:43:00Z,N,Baseflow,1,1,1,4.24,0.48
S01,2016-09-02T13:50:00Z,N,Baseflow,NA,1,1,4.3,0.485
S01,2017-09-24T09:33:00Z,N,Baseflow,NA,NA,NA,6.12,63.7
S01,2017-09-24T09:35:00Z,N,Baseflow,NA,NA,NA,NA,NA
S01,2017-09-24T09:36:00Z,N,Baseflow,NA,NA,NA,6.08,62.9
S01,2017-09-24T09:38:00Z,N,Baseflow,NA,NA,NA,6.15,63.7
S01,2013-09-26T11:47:00Z,N,Baseflow,NA,NA,NA,NA,NA
S01,2014-09-26T14:50:00Z,N,Baseflow,1,1,0,7.97,NA
S01,2010-09-28T11:05:00Z,N,Stormwater,NA,NA,NA,NA,NA
S01,2012-09-07T17:30:00Z,N,Stormwater,NA,NA,NA,NA,NA
S01,2017-09-07T04:30:00Z,N,Stormwater,NA,NA,NA,NA,NA
S01,2017-09-07T16:48:00Z,N,Stormwater,NA,NA,NA,8.56,89.5
S01,2017-09-07T16:51:00Z,N,Stormwater,NA,NA,NA,8.46,88.7
S01,2017-09-07T16:54:00Z,N,Stormwater,NA,NA,NA,8.48,88.8
S01,2017-09-07T17:10:00Z,N,Stormwater,NA,NA,NA,NA,NA
S01,2015-10-01T10:40:00Z,N,Stormwater,NA,NA,NA,NA,NA
S01,2014-10-17T09:50:00Z,N,Stormwater,1,1,1,4.71,NA
S01,2014-10-06T10:20:00Z,N,Stormwater,1,1,0,7.59,NA
S01,2017-02-19T13:30:00Z,N,Spring Melt,NA,NA,NA,NA,NA
S01,2017-02-19T13:40:00Z,N,Spring Melt,1,1,1,NA,NA
S01,2017-02-19T13:45:00Z,N,Spring Melt,1,1,1,NA,NA
S01,2018-02-21T16:50:00Z,N,Spring Melt,NA,NA,NA,NA,NA
S01,2018-02-21T16:52:00Z,N,Spring Melt,NA,NA,NA,NA,NA
S01,2018-02-21T16:54:00Z,N,Spring Melt,NA,NA,NA,NA,NA
S01,2018-02-21T16:55:00Z,N,Spring Melt,NA,NA,NA,NA,NA
S01,2018-02-27T10:22:00Z,N,Spring Melt,NA,NA,NA,NA,NA
S01,2018-02-27T10:25:00Z,N,Spring Melt,NA,NA,NA,NA,NA
S01,2018-02-27T10:28:00Z,N,Spring Melt,NA,NA,NA,NA,NA
S01,2018-02-27T10:30:00Z,N,Spring Melt,NA,NA,NA,NA,NA
S01,2017-03-01T15:15:00Z,N,Spring Melt,1,1,1,NA,NA
S01,2017-03-01T15:20:00Z,N,Spring Melt,1,1,1,NA,NA
S01,2013-03-13T13:30:00Z,N,Spring Melt,NA,NA,NA,13.05,NA
S01,2019-03-13T17:15:00Z,N,Spring Melt,NA,NA,NA,NA,NA
S01,2019-03-13T17:16:00Z,N,Spring Melt,NA,NA,NA,NA,NA
S01,2019-03-15T15:52:00Z,N,Spring Melt,NA,NA,NA,NA,NA
S01,2019-03-15T15:53:00Z,N,Spring Melt,NA,NA,NA,NA,NA
S01,2017-03-17T16:45:00Z,N,Spring Melt,1,1,1,11.85,81
S01,2017-03-17T16:50:00Z,N,Spring Melt,1,1,1,11.69,80
S01,2017-03-17T16:55:00Z,N,Spring Melt,NA,NA,NA,NA,NA
S01,2014-03-20T14:42:00Z,N,Spring Melt,1,1,1,7.98,NA
S01,2019-03-24T17:55:00Z,N,Spring Melt,NA,NA,NA,NA,NA
S01,2019-03-24T17:57:00Z,N,Spring Melt,NA,NA,NA,NA,NA
S01,2013-03-28T14:50:00Z,N,Spring Melt,1,1,1,8.5,NA
S01,2014-03-28T14:10:00Z,N,Spring Melt,1,1,1,8.38,NA
S01,2018-03-28T18:10:00Z,N,Spring Melt,NA,NA,NA,NA,NA
S01,2018-03-28T18:13:00Z,N,Spring Melt,NA,NA,NA,NA,NA
S01,2018-03-28T18:15:00Z,N,Spring Melt,NA,NA,NA,NA,NA
S01,2018-03-28T18:18:00Z,N,Spring Melt,NA,NA,NA,NA,NA
S01,2019-03-29T10:04:00Z,N,Spring Melt,NA,NA,NA,12.88,90.6
S01,2019-03-29T10:10:00Z,N,Spring Melt,NA,NA,NA,NA,NA
S01,2013-03-06T13:40:00Z,N,Spring Melt,1,NA,1,11.44,NA
S01,2018-03-06T15:12:00Z,N,Spring Melt,NA,NA,NA,NA,NA
S01,2018-03-06T15:14:00Z,N,Spring Melt,NA,NA,NA,NA,NA
S01,2018-03-06T15:15:00Z,N,Spring Melt,NA,NA,NA,NA,NA
S01,2018-03-06T15:16:00Z,N,Spring Melt,NA,NA,NA,NA,NA
S01,2017-03-09T14:50:00Z,N,Spring Melt,1,1,1,NA,NA
S01,2017-03-09T14:55:00Z,N,Spring Melt,1,1,1,NA,NA
S01,2013-04-02T10:55:00Z,N,Spring Melt,1,1,1,7.93,NA
S01,2014-04-08T14:16:00Z,N,Spring Melt,1,1,1,9.83,NA
S01,2017-05-01T16:50:00Z,N,Baseflow,1,1,NA,10.59,92.7
S01,2017-05-01T16:55:00Z,N,Baseflow,1,1,NA,10.03,88.6
S01,2017-05-01T17:00:00Z,N,Baseflow,1,1,NA,10.01,88.4
S01,2018-05-10T15:09:00Z,N,Baseflow,NA,NA,NA,8.14,87.5
S01,2018-05-10T15:14:00Z,N,Baseflow,NA,NA,NA,7.74,82.9
S01,2018-05-10T15:18:00Z,N,Baseflow,NA,NA,NA,7.9,84.5
S01,2018-05-10T15:20:00Z,N,Baseflow,NA,NA,NA,NA,NA
S01,2016-05-12T15:30:00Z,N,Baseflow,1,1,1,7.63,NA
S01,2016-05-12T15:40:00Z,N,Baseflow,NA,NA,NA,NA,NA
S01,2014-05-14T10:20:00Z,N,Baseflow,1,1,1,5.77,NA
S01,2018-05-19T18:00:00Z,N,Stormwater,NA,NA,NA,NA,NA
S01,2018-05-21T13:33:00Z,N,Stormwater,NA,NA,NA,8.87,95.9
S01,2018-05-21T13:35:00Z,N,Stormwater,NA,NA,NA,8.85,95.8
S01,2018-05-21T13:37:00Z,N,Stormwater,NA,NA,NA,8.84,95.7
S01,2013-05-29T08:15:00Z,N,Baseflow,1,1,1,4.93,NA
S01,2017-05-05T17:00:00Z,N,Stormwater,NA,NA,NA,NA,NA
S01,2015-05-06T11:45:00Z,N,Baseflow,1,1,0,7.38,NA
S01,2017-05-07T13:28:00Z,N,Stormwater,1,1,NA,9.65,95.1
S01,2017-05-07T13:31:00Z,N,Stormwater,NA,NA,NA,NA,NA
S01,2017-05-07T13:34:00Z,N,Stormwater,1,1,NA,9.64,95.2
S01,2015-06-01T13:45:00Z,N,Stormwater,1,1,1,8.18,NA
S01,2019-06-10T12:05:00Z,N,Baseflow,NA,NA,NA,NA,NA
S01,2014-06-13T12:38:00Z,N,Stormwater,1,1,1,5.77,NA
S01,2013-06-20T09:40:00Z,N,Baseflow,1,1,1,6.26,NA
S01,2016-06-05T20:30:00Z,N,Stormwater,NA,NA,NA,NA,NA
S01,2016-06-07T10:45:00Z,N,Stormwater,1,1,1,5.5,0.599
S01,2016-06-07T10:55:00Z,N,Stormwater,1,1,1,5.39,0.582
S01,2015-07-14T11:45:00Z,N,Baseflow,1,1,1,4.2,NA
S01,2016-07-14T22:30:00Z,N,Stormwater,NA,NA,NA,NA,NA
S01,2016-07-15T15:36:00Z,N,Stormwater,1,1,1,5.1,0.63
S01,2016-07-15T15:41:00Z,N,Stormwater,1,1,1,5,0.616
S01,2017-07-17T16:05:00Z,N,Baseflow,NA,NA,NA,5.55,63.8
S01,2017-07-17T16:10:00Z,N,Baseflow,NA,NA,NA,5.37,62.5
S01,2017-07-17T16:15:00Z,N,Baseflow,NA,NA,NA,5.52,64.7
S01,2018-07-17T13:30:00Z,N,Stormwater,NA,NA,NA,NA,NA
S01,2018-07-18T13:57:00Z,N,Stormwater,NA,NA,NA,5.92,68.7
S01,2018-07-18T13:58:00Z,N,Stormwater,NA,NA,NA,5.89,68.8
S01,2018-07-18T14:00:00Z,N,Stormwater,NA,NA,NA,5.88,68.6
S01,2017-07-19T14:01:00Z,N,Stormwater,NA,NA,NA,5.37,64.6
S01,2017-07-19T14:04:00Z,N,Stormwater,NA,NA,NA,5.37,64.6
S01,2017-07-19T14:07:00Z,N,Stormwater,NA,NA,NA,5.39,65
S01,2014-07-22T11:35:00Z,N,Baseflow,1,1,1,4.73,NA
S01,2016-07-06T11:45:00Z,N,Baseflow,1,1,1,4.47,0.524
S01,2016-07-06T11:55:00Z,N,Baseflow,1,1,1,4.46,0.525
S01,2018-07-09T14:00:00Z,N,Baseflow,NA,NA,NA,NA,NA
S01,2018-07-09T14:04:00Z,N,Baseflow,NA,NA,NA,5.03,57.3
S01,2018-07-09T14:06:00Z,N,Baseflow,NA,NA,NA,4.97,56.6
S01,2018-07-09T14:07:00Z,N,Baseflow,NA,NA,NA,5.1,58.2
S01,2013-08-01T14:00:00Z,N,Baseflow,NA,NA,NA,NA,NA
S01,2015-08-12T11:25:00Z,FD,Stormwater,NA,NA,NA,NA,NA
S01,2015-08-12T11:25:00Z,N,Stormwater,1,1,1,NA,NA
S01,2013-08-02T10:50:00Z,N,Stormwater,NA,NA,NA,NA,NA
S01,2013-09-13T12:20:00Z,N,Stormwater,NA,NA,NA,NA,NA
S01,2018-09-17T13:32:00Z,N,Baseflow,NA,NA,NA,7.05,77.7
S01,2018-09-17T13:33:00Z,N,Baseflow,NA,NA,NA,6.94,75.5
S01,2018-09-17T13:34:00Z,N,Baseflow,NA,NA,NA,6.8,74.3
S01,2018-09-17T13:37:00Z,N,Baseflow,NA,NA,NA,NA,NA
S01,2015-09-18T10:40:00Z,N,Baseflow,NA,NA,NA,NA,NA
S01,2018-09-18T09:51:00Z,N,Stormwater,NA,NA,NA,NA,NA
S01,2018-09-19T13:22:00Z,N,Stormwater,NA,NA,NA,7.21,77.2
S01,2018-09-19T13:23:00Z,N,Stormwater,NA,NA,NA,7.17,76.2
S01,2018-09-19T13:24:00Z,N,Stormwater,NA,NA,NA,7.1,75.8
S01,2016-09-02T10:04:00Z,N,Baseflow,1,1,1,3.62,0.404
S01,2016-09-02T10:05:00Z,N,Baseflow,NA,NA,NA,NA,NA
S01,2016-09-02T10:10:00Z,N,Baseflow,1,1,NA,3.58,0.403
S01,2016-09-02T09:48:00Z,N,Baseflow,1,1,1,3.44,0.39
S01,2017-09-24T10:03:00Z,N,Baseflow,NA,NA,NA,5.33,55
S01,2017-09-24T10:05:00Z,N,Baseflow,NA,NA,NA,NA,NA
S01,2017-09-24T10:06:00Z,N,Baseflow,NA,NA,NA,5.32,55
S01,2013-09-26T10:05:00Z,N,Baseflow,NA,NA,NA,NA,NA
S01,2014-09-26T13:55:00Z,N,Baseflow,1,1,0,7.21,NA
S01,2017-09-07T04:30:00Z,N,Stormwater,NA,NA,NA,NA,NA
S01,2017-09-07T17:38:00Z,N,Stormwater,NA,NA,NA,7.25,76.3
S01,2017-09-07T17:41:00Z,N,Stormwater,NA,NA,NA,7.19,75.7
S01,2017-09-07T17:44:00Z,N,Stormwater,NA,NA,NA,7.13,75.5
S01,2017-09-07T17:53:00Z,N,Stormwater,NA,NA,NA,NA,NA
S01,2010-10-01T16:01:00Z,N,Stormwater,NA,NA,NA,NA,NA
S01,2015-10-01T11:40:00Z,N,Stormwater,NA,NA,NA,NA,NA
S01,2012-10-11T16:13:00Z,N,Stormwater,1,1,1,4.01,NA
S01,2010-10-15T09:00:00Z,N,Stormwater,NA,NA,NA,NA,NA
S01,2014-10-17T10:45:00Z,N,Stormwater,1,1,1,6.54,NA
S01,2010-10-21T13:10:00Z,N,Baseflow,NA,NA,NA,NA,NA
S01,2011-10-25T14:00:00Z,N,Stormwater,1,1,1,6.7,NA
S01,2012-10-25T16:31:00Z,N,Baseflow,NA,NA,NA,NA,NA
S01,2010-10-06T14:16:00Z,N,Stormwater,NA,NA,NA,NA,NA
S01,2014-10-06T10:48:00Z,N,Stormwater,1,1,0,8.49,NA
S01,2010-11-15T13:20:00Z,N,Baseflow,NA,NA,NA,NA,NA
S01,2012-11-29T07:10:00Z,N,Baseflow,NA,NA,NA,NA,NA
S01,2011-11-30T11:05:00Z,N,Stormwater,NA,NA,NA,NA,NA
S01,2011-11-09T16:00:00Z,N,Baseflow,1,NA,1,10.34,NA
S01,2012-02-17T10:35:00Z,N,Spring Melt,NA,NA,NA,NA,NA
S01,2017-02-19T14:25:00Z,N,Spring Melt,NA,NA,NA,NA,NA
S01,2017-02-19T14:35:00Z,N,Spring Melt,1,1,1,NA,NA
S01,2017-02-19T14:40:00Z,N,Spring Melt,1,1,1,NA,NA
S01,2018-02-21T17:05:00Z,N,Spring Melt,NA,NA,NA,NA,NA
S01,2018-02-21T17:07:00Z,N,Spring Melt,NA,NA,NA,NA,NA
S01,2018-02-21T17:09:00Z,N,Spring Melt,NA,NA,NA,NA,NA
S01,2018-02-21T17:10:00Z,N,Spring Melt,NA,NA,NA,NA,NA
S01,2018-02-27T10:44:00Z,N,Spring Melt,NA,NA,NA,NA,NA
S01,2018-02-27T10:47:00Z,N,Spring Melt,NA,NA,NA,NA,NA
S01,2018-02-27T10:50:00Z,N,Spring Melt,NA,NA,NA,NA,NA
S01,2018-02-27T10:51:00Z,N,Spring Melt,NA,NA,NA,NA,NA
S01,2017-03-01T16:15:00Z,N,Spring Melt,1,1,1,NA,NA
S01,2017-03-01T16:20:00Z,N,Spring Melt,NA,NA,NA,NA,NA
S01,2017-03-01T16:25:00Z,N,Spring Melt,1,1,1,NA,NA
S01,2013-03-13T14:00:00Z,N,Spring Melt,NA,NA,NA,13.06,NA
S01,2019-03-13T17:31:00Z,N,Spring Melt,NA,NA,NA,NA,NA
S01,2019-03-13T17:32:00Z,N,Spring Melt,NA,NA,NA,NA,NA
S01,2012-03-14T11:50:00Z,N,Spring Melt,1,NA,1,7.21,NA
S01,2014-03-14T14:48:00Z,N,Spring Melt,NA,NA,NA,NA,NA
S01,2019-03-15T16:07:00Z,N,Spring Melt,NA,NA,NA,NA,NA
S01,2019-03-15T16:09:00Z,N,Spring Melt,NA,NA,NA,NA,NA
S01,2012-03-16T15:30:00Z,N,Spring Melt,1,NA,1,8.25,NA
S01,2017-03-17T17:20:00Z,N,Spring Melt,NA,NA,NA,NA,NA
S01,2017-03-17T17:25:00Z,N,Spring Melt,1,1,1,13.48,92.5
S01,2017-03-17T17:30:00Z,N,Spring Melt,1,1,1,13.46,92.4
S01,2014-03-20T15:11:00Z,N,Spring Melt,1,1,1,7.62,NA
S01,2012-03-22T11:20:00Z,N,Spring Melt,1,NA,1,7.51,NA
S01,2011-03-24T12:30:00Z,N,Baseflow,1,1,1,13.72,NA
S01,2019-03-24T18:11:00Z,N,Spring Melt,NA,NA,NA,NA,NA
S01,2019-03-24T18:13:00Z,N,Spring Melt,NA,NA,NA,NA,NA
S01,2019-03-24T18:14:00Z,N,Spring Melt,NA,NA,NA,NA,NA
S01,2013-03-28T14:15:00Z,N,Spring Melt,1,1,1,9.37,NA
S01,2014-03-28T15:00:00Z,N,Spring Melt,1,1,1,8.84,NA
S01,2018-03-28T18:30:00Z,N,Spring Melt,NA,NA,NA,NA,NA
S01,2018-03-28T18:33:00Z,N,Spring Melt,NA,NA,NA,NA,NA
S01,2018-03-28T18:36:00Z,N,Spring Melt,NA,NA,NA,NA,NA
S01,2018-03-28T18:37:00Z,N,Spring Melt,NA,NA,NA,NA,NA
S01,2019-03-29T10:29:00Z,N,Spring Melt,NA,NA,NA,12.63,90.2
S01,2019-03-29T10:45:00Z,N,Spring Melt,NA,NA,NA,NA,NA
S01,2011-03-31T10:50:00Z,N,Baseflow,1,1,1,14.2,NA
S01,2013-03-06T14:20:00Z,N,Spring Melt,1,NA,1,11.19,NA
S01,2018-03-06T15:31:00Z,N,Spring Melt,NA,NA,NA,NA,NA
S01,2018-03-06T15:33:00Z,N,Spring Melt,NA,NA,NA,NA,NA
S01,2018-03-06T15:35:00Z,N,Spring Melt,NA,NA,NA,NA,NA
S01,2018-03-06T15:45:00Z,N,Spring Melt,NA,NA,NA,NA,NA
S01,2017-03-09T15:25:00Z,N,Spring Melt,1,1,1,NA,NA
S01,2017-03-09T15:30:00Z,N,Spring Melt,1,1,1,NA,NA
S01,2011-04-11T10:35:00Z,N,Stormwater,1,1,1,9.36,NA
S01,2012-04-19T13:16:00Z,N,Baseflow,1,NA,0,8.29,NA
S01,2013-04-02T11:55:00Z,N,Spring Melt,1,1,1,8.62,NA
S01,2011-04-05T11:15:00Z,N,Stormwater,1,1,1,12.23,NA
S01,2014-04-08T14:47:00Z,N,Spring Melt,1,1,1,8.78,NA
S01,2017-05-01T17:17:00Z,N,Baseflow,1,1,NA,11.6,102
S01,2017-05-01T17:20:00Z,N,Baseflow,NA,NA,NA,NA,NA
S01,2017-05-01T17:21:00Z,N,Baseflow,1,1,NA,11,96.7
S01,2017-05-01T17:25:00Z,N,Baseflow,1,1,NA,10.98,96.5
S01,2018-05-10T15:47:00Z,N,Baseflow,NA,NA,NA,9.7,97.9
S01,2018-05-10T15:49:00Z,N,Baseflow,NA,NA,NA,9.62,97
S01,2018-05-10T15:50:00Z,N,Baseflow,NA,NA,NA,NA,NA
S01,2018-05-10T15:53:00Z,N,Baseflow,NA,NA,NA,9.65,97.1
S01,2016-05-12T16:55:00Z,N,Baseflow,1,1,1,12.16,NA
S01,2016-05-12T17:05:00Z,N,Baseflow,NA,NA,NA,NA,NA
S01,2014-05-14T11:20:00Z,N,Baseflow,1,1,1,6.84,NA
S01,2011-05-16T11:00:00Z,N,Stormwater,1,1,1,11.02,NA
S01,2018-05-19T18:00:00Z,N,Stormwater,NA,NA,NA,NA,NA
S01,2018-05-21T13:55:00Z,N,Stormwater,NA,NA,NA,10.06,107.1
S01,2018-05-21T13:58:00Z,N,Stormwater,NA,NA,NA,9.84,104
S01,2013-05-29T09:50:00Z,N,Baseflow,1,1,1,5.68,NA
S01,2017-05-05T17:00:00Z,N,Stormwater,NA,NA,NA,NA,NA
S01,2015-05-06T12:15:00Z,N,Baseflow,1,1,1,8.08,NA
S01,2017-05-07T13:47:00Z,N,Stormwater,1,1,NA,9.6,95.6
S01,2017-05-07T13:50:00Z,N,Stormwater,NA,NA,NA,NA,NA
S01,2017-05-07T13:52:00Z,N,Stormwater,1,1,NA,9.56,95.4
S01,2015-06-01T14:25:00Z,N,Stormwater,1,1,1,8.16,NA
S01,2019-06-10T12:50:00Z,FD,Baseflow,NA,NA,NA,NA,NA
S01,2019-06-10T12:50:00Z,N,Baseflow,NA,NA,NA,NA,NA
S01,2012-06-12T11:00:00Z,N,Baseflow,1,NA,1,7.05,NA
S01,2014-06-13T13:05:00Z,N,Stormwater,1,1,1,6.84,NA
S01,2013-06-20T10:10:00Z,N,Baseflow,1,1,1,8.8,NA
S01,2011-06-27T12:00:00Z,N,Stormwater,1,1,1,7.31,NA
S01,2016-06-05T20:30:00Z,N,Stormwater,NA,NA,NA,NA,NA
S01,2016-06-07T11:40:00Z,N,Stormwater,1,1,1,7.32,0.785
S01,2016-06-07T11:45:00Z,N,Stormwater,1,1,1,7.34,0.786
S01,2011-07-13T12:35:00Z,N,Baseflow,1,1,1,5.93,NA
S01,2012-07-13T12:15:00Z,N,Baseflow,1,NA,1,4.39,NA
S01,2015-07-14T12:40:00Z,N,Baseflow,1,1,1,4.45,NA
S01,2016-07-14T22:30:00Z,FD,Stormwater,NA,NA,NA,NA,NA
S01,2016-07-14T22:30:00Z,N,Stormwater,NA,NA,NA,NA,NA
S01,2016-07-15T16:26:00Z,N,Stormwater,1,1,NA,6.04,0.745
S01,2016-07-15T16:31:00Z,N,Stormwater,1,1,NA,6.05,0.746
S01,2017-07-17T16:40:00Z,N,Baseflow,NA,NA,NA,4.34,50.3
S01,2017-07-17T16:45:00Z,N,Baseflow,NA,NA,NA,4.17,48.3
S01,2017-07-17T16:50:00Z,N,Baseflow,NA,NA,NA,3.9,45.3
S01,2018-07-17T13:30:00Z,N,Stormwater,NA,NA,NA,NA,NA
S01,2017-07-18T13:30:00Z,N,Stormwater,NA,NA,NA,NA,NA
S01,2018-07-18T14:28:00Z,N,Stormwater,NA,NA,NA,NA,NA
S01,2018-07-18T14:29:00Z,N,Stormwater,NA,NA,NA,7.2,83.7
S01,2018-07-18T14:31:00Z,N,Stormwater,NA,NA,NA,7.23,84
S01,2018-07-18T14:33:00Z,N,Stormwater,NA,NA,NA,7.2,83.8
S01,2017-07-19T14:24:00Z,N,Stormwater,NA,NA,NA,5.81,69.6
S01,2017-07-19T14:27:00Z,N,Stormwater,NA,NA,NA,6.05,72.4
S01,2017-07-19T14:28:00Z,N,Stormwater,NA,NA,NA,NA,NA
S01,2014-07-22T12:07:00Z,N,Baseflow,1,1,1,6.75,NA
S01,2012-07-26T15:30:00Z,N,Stormwater,1,NA,1,NA,NA
S01,2016-07-06T10:00:00Z,N,Baseflow,1,1,1,3.97,0.458
S01,2016-07-06T09:45:00Z,N,Baseflow,NA,NA,NA,NA,NA
S01,2016-07-06T09:47:00Z,N,Baseflow,1,1,1,4.93,0.571
S01,2018-07-09T14:40:00Z,N,Baseflow,NA,NA,NA,NA,NA
S01,2018-07-09T14:47:00Z,N,Baseflow,NA,NA,NA,2.68,31
S01,2018-07-09T14:49:00Z,N,Baseflow,NA,NA,NA,2.8,32.2
S01,2018-07-09T14:51:00Z,N,Baseflow,NA,NA,NA,2.61,30.3
S01,2013-08-01T15:20:00Z,N,Baseflow,NA,NA,NA,NA,NA
S01,2011-08-10T17:35:00Z,N,Stormwater,1,1,1,6.43,NA
S01,2015-08-12T12:15:00Z,N,Stormwater,1,1,1,NA,NA
S01,2010-08-19T13:10:00Z,N,Baseflow,NA,NA,NA,NA,NA
S01,2013-08-02T10:50:00Z,N,Stormwater,NA,NA,NA,NA,NA
S01,2011-08-25T12:05:00Z,N,Baseflow,1,1,1,5.99,NA
S01,2010-09-01T10:35:00Z,N,Baseflow,NA,NA,NA,NA,NA
S01,2016-09-11T11:51:00Z,N,Stormwater,NA,NA,NA,NA,NA
S01,2016-09-12T13:30:00Z,N,Stormwater,1,1,1,6.03,0.663
S01,2016-09-12T13:35:00Z,N,Stormwater,1,1,1,4.46,0.487
S01,2011-09-13T17:10:00Z,N,Baseflow,1,1,1,5.89,NA
S01,2011-09-13T17:20:00Z,N,Stormwater,1,1,1,4.17,NA
S01,2013-09-13T13:03:00Z,N,Stormwater,NA,NA,NA,NA,NA
S01,2012-09-14T10:10:00Z,N,Baseflow,1,NA,1,5.21,NA
S01,2018-09-17T14:08:00Z,N,Baseflow,NA,NA,NA,7.4,84.3
S01,2018-09-17T14:09:00Z,N,Baseflow,NA,NA,NA,7.27,83.5
S01,2018-09-17T14:10:00Z,N,Baseflow,NA,NA,NA,7.21,81.7
S01,2018-09-17T14:11:00Z,N,Baseflow,NA,NA,NA,NA,NA
S01,2015-09-18T11:25:00Z,N,Baseflow,NA,NA,NA,NA,NA
S01,2018-09-18T09:51:00Z,N,Stormwater,NA,NA,NA,NA,NA
S01,2018-09-19T14:24:00Z,N,Stormwater,NA,NA,NA,7.64,82
S01,2018-09-19T14:25:00Z,N,Stormwater,NA,NA,NA,7.47,78.3
S01,2018-09-19T14:26:00Z,N,Stormwater,NA,NA,NA,7.41,79
S01,2018-09-19T14:29:00Z,N,Stormwater,NA,NA,NA,NA,NA
S01,2016-09-02T12:00:00Z,N,Baseflow,NA,NA,NA,NA,NA
S01,2016-09-02T12:10:00Z,N,Baseflow,1,1,1,3.95,0.446
S01,2016-09-02T12:16:00Z,N,Baseflow,1,1,1,4.06,0.452
S01,2016-09-02T12:19:00Z,N,Baseflow,1,1,1,3.35,0.377
S01,2017-09-24T10:19:00Z,N,Baseflow,NA,NA,NA,5.11,53.5
S01,2017-09-24T10:23:00Z,N,Baseflow,NA,NA,NA,5.12,53.6
S01,2017-09-24T10:25:00Z,N,Baseflow,NA,NA,NA,NA,NA
S01,2017-09-24T10:26:00Z,N,Baseflow,NA,NA,NA,5.31,55.6
S01,2013-09-26T11:15:00Z,N,Baseflow,NA,NA,NA,NA,NA
S01,2014-09-26T14:30:00Z,N,Baseflow,1,1,0,6.74,NA
S01,2010-09-28T09:10:00Z,N,Stormwater,NA,NA,NA,NA,NA
S01,2010-09-28T09:16:00Z,FD,Stormwater,NA,NA,NA,NA,NA
S01,2012-09-07T17:05:00Z,N,Stormwater,1,NA,1,3.55,NA
S01,2017-09-07T04:30:00Z,N,Stormwater,NA,NA,NA,NA,NA
S01,2017-09-08T10:36:00Z,N,Stormwater,NA,NA,NA,8.21,84.3
S01,2017-09-08T10:39:00Z,N,Stormwater,NA,NA,NA,8.17,84
S01,2017-09-08T10:41:00Z,N,Stormwater,NA,NA,NA,8.15,83.7
S01,2017-09-08T11:00:00Z,N,Stormwater,NA,NA,NA,NA,NA
S01,2015-10-01T11:00:00Z,N,Stormwater,NA,NA,NA,NA,NA
S01,2014-10-17T10:05:00Z,N,Stormwater,174,6.69,4.8,6.55,NA
S01,2011-10-20T10:15:00Z,N,Stormwater,NA,NA,NA,NA,NA
S01,2014-10-06T10:30:00Z,N,Stormwater,93,7.49,0,9.15,NA
S01,2011-11-30T10:55:00Z,N,Stormwater,NA,NA,NA,NA,NA
S01,2011-11-09T15:45:00Z,N,Baseflow,175,NA,5.6,9.94,NA
S01,2017-02-19T14:00:00Z,N,Spring Melt,NA,NA,NA,NA,NA
S01,2017-02-19T14:05:00Z,N,Spring Melt,154.1,6.85,21.35,NA,NA
S01,2017-02-19T14:10:00Z,N,Spring Melt,148.5,6.79,11.35,NA,NA
S01,2017-03-01T17:05:00Z,N,Spring Melt,150.6,7,9.52,NA,NA
S01,2017-03-01T17:10:00Z,N,Spring Melt,147.2,7.03,9.595,NA,NA
S01,2013-03-13T14:45:00Z,N,Spring Melt,NA,NA,NA,13.72,NA
S01,2012-03-14T11:40:00Z,N,Spring Melt,332,NA,14.7,8.65,NA
S01,2014-03-14T14:22:00Z,N,Spring Melt,NA,NA,NA,NA,NA
S01,2012-03-16T15:10:00Z,N,Spring Melt,275,NA,14.2,9.44,NA
S01,2017-03-17T18:15:00Z,N,Spring Melt,132,6.82,3.765,12.04,82.2
S01,2017-03-17T18:20:00Z,N,Spring Melt,125.2,6.83,3.275,11.6,79.4
S01,2014-03-20T14:51:00Z,N,Spring Melt,127,6.82,24.9,7.51,NA
S01,2012-03-22T11:00:00Z,N,Spring Melt,193,NA,16,8.79,NA
S01,2011-03-24T12:00:00Z,N,Baseflow,218.3,7.17,5.2,13.67,NA
S01,2013-03-28T15:35:00Z,N,Spring Melt,270,4.18,13.1,11.3,NA
S01,2014-03-28T14:25:00Z,N,Spring Melt,81,7.26,2.5,8.83,NA
S01,2011-03-31T11:15:00Z,N,Baseflow,78.8,7.19,4.74,13.93,NA
S01,2013-03-06T11:35:00Z,N,Spring Melt,152,NA,7.7,11.71,NA
S01,2017-03-09T16:20:00Z,N,Spring Melt,125.7,7.09,8.31,NA,NA
S01,2017-03-09T16:25:00Z,N,Spring Melt,120.8,7.12,8.78,NA,NA
S01,2011-04-11T10:45:00Z,N,Stormwater,174,7.13,33.9,9.17,NA
S01,2013-04-02T11:05:00Z,N,Spring Melt,100,6.36,11.3,11.44,NA
S01,2011-04-05T11:25:00Z,N,Stormwater,103.4,7.44,9.2,11.69,NA
S01,2014-04-08T14:25:00Z,N,Spring Melt,126,7.18,8.7,9.57,NA
S01,2017-05-01T18:03:00Z,N,Baseflow,106.7,7.26,NA,9.83,86.3
S01,2017-05-01T18:06:00Z,N,Baseflow,98.9,7.29,NA,9.73,85.5
S01,2017-05-01T18:09:00Z,N,Baseflow,97.2,7.29,NA,9.72,85.4
S01,2018-05-10T16:30:00Z,N,Baseflow,NA,NA,NA,7.55,77.3
S01,2018-05-10T16:33:00Z,N,Baseflow,NA,NA,NA,7.51,76.8
S01,2018-05-10T16:35:00Z,N,Baseflow,NA,NA,NA,NA,NA
S01,2018-05-10T16:36:00Z,N,Baseflow,NA,NA,NA,7.47,76.5
S01,2016-05-12T16:00:00Z,N,Baseflow,73,7.7,2.636666667,8.1,NA
S01,2016-05-12T16:15:00Z,N,Baseflow,NA,NA,NA,NA,NA
S01,2014-05-14T10:35:00Z,N,Baseflow,89,7.49,0,7.4,NA
S01,2018-05-19T18:00:00Z,N,Stormwater,NA,NA,NA,NA,NA
S01,2018-05-21T14:26:00Z,N,Stormwater,NA,NA,NA,8.15,89.4
S01,2018-05-21T14:28:00Z,N,Stormwater,NA,NA,NA,8.12,89
S01,2018-05-21T14:30:00Z,N,Stormwater,NA,NA,NA,8.11,89
S01,2017-05-05T17:00:00Z,N,Stormwater,NA,NA,NA,NA,NA
S01,2015-05-06T12:00:00Z,N,Baseflow,98,7.92,7,7.71,NA
S01,2017-05-07T14:20:00Z,N,Stormwater,143,7.38,NA,9.71,97.1
S01,2017-05-07T14:23:00Z,N,Stormwater,NA,NA,NA,NA,NA
S01,2017-05-07T14:25:00Z,N,Stormwater,117.6,7.4,NA,9.7,97.1
S01,2015-06-01T14:00:00Z,N,Stormwater,134,7.34,8.4,8.33,NA
S01,2019-06-10T12:20:00Z,N,Baseflow,NA,NA,NA,NA,NA
S01,2014-06-13T12:49:00Z,N,Stormwater,94,7.17,85.3,6.2,NA
S01,2016-06-05T20:30:00Z,N,Stormwater,NA,NA,NA,NA,NA
S01,2016-06-07T11:20:00Z,N,Stormwater,116,7.27,9.7,6.07,0.649
S01,2016-06-07T11:25:00Z,N,Stormwater,110,7.29,10.2,5.98,0.641
S01,2011-07-13T11:45:00Z,N,Baseflow,150,7.46,9.1,7.12,NA
S01,2015-07-14T12:00:00Z,N,Baseflow,89,7.74,5.5,3.58,NA
S01,2016-07-15T15:57:00Z,N,Stormwater,93,7.54,NA,4.64,0.573
S01,2016-07-15T16:02:00Z,N,Stormwater,93,7.52,NA,4.59,0.567
S01,2017-07-17T17:35:00Z,N,Baseflow,NA,NA,NA,4.38,52.1
S01,2017-07-17T17:38:00Z,N,Baseflow,NA,NA,NA,4.35,51.8
S01,2017-07-17T17:40:00Z,N,Baseflow,NA,NA,NA,NA,NA
S01,2017-07-17T17:41:00Z,N,Baseflow,NA,NA,NA,4.31,51.4
S01,2018-07-17T13:30:00Z,N,Stormwater,NA,NA,NA,NA,NA
S01,2018-07-18T15:09:00Z,N,Stormwater,NA,NA,NA,NA,NA
S01,2018-07-18T15:10:00Z,N,Stormwater,NA,NA,NA,5.09,61
S01,2018-07-18T15:11:00Z,N,Stormwater,NA,NA,NA,5.14,60.7
S01,2018-07-18T15:12:00Z,N,Stormwater,NA,NA,NA,4.98,59.2
S01,2017-07-19T15:11:00Z,N,Stormwater,NA,NA,NA,5.39,66.3
S01,2017-07-19T15:14:00Z,N,Stormwater,NA,NA,NA,5.31,65.4
S01,2017-07-19T15:17:00Z,N,Stormwater,NA,NA,NA,5.33,65.9
S01,2014-07-22T11:45:00Z,N,Baseflow,51,7.66,2.5,5.12,NA
S01,2012-07-27T08:40:00Z,N,Stormwater,NA,NA,NA,NA,NA
S01,2016-07-06T12:28:00Z,N,Baseflow,NA,NA,NA,NA,NA
S01,2016-07-06T12:30:00Z,N,Baseflow,100,7.63,10.1,3.99,0.478
S01,2016-07-06T12:37:00Z,N,Baseflow,76,7.57,9.17,3.32,0.399
S01,2018-07-09T15:47:00Z,N,Baseflow,NA,NA,NA,3.41,40.3
S01,2018-07-09T15:48:00Z,N,Baseflow,NA,NA,NA,3.06,36.2
S01,2018-07-09T15:49:00Z,N,Baseflow,NA,NA,NA,3.1,36.8
S01,2018-07-09T15:50:00Z,N,Baseflow,NA,NA,NA,NA,NA
S01,2013-08-01T14:20:00Z,N,Baseflow,NA,NA,NA,NA,NA
S01,2011-08-10T00:00:00Z,N,Stormwater,NA,NA,NA,NA,NA
S01,2015-08-12T11:40:00Z,N,Stormwater,133,7.27,615,NA,NA
S01,2013-08-02T10:50:00Z,N,Stormwater,NA,NA,NA,NA,NA
S01,2011-08-25T12:20:00Z,N,Baseflow,121,7.57,5.1,7.19,NA
S01,2011-09-13T16:55:00Z,N,Baseflow,74,7.52,9.6,7.27,NA
S01,2013-09-13T12:33:00Z,N,Stormwater,NA,NA,NA,NA,NA
S01,2012-09-14T10:00:00Z,N,Baseflow,156,NA,2.5,6.71,NA
S01,2018-09-17T14:49:00Z,N,Baseflow,NA,NA,NA,6.85,78.4
S01,2018-09-17T14:50:00Z,N,Baseflow,NA,NA,NA,6.76,77.3
S01,2018-09-17T14:51:00Z,N,Baseflow,NA,NA,NA,6.58,75.8
S01,2018-09-17T14:52:00Z,N,Baseflow,NA,NA,NA,NA,NA
S01,2015-09-18T10:50:00Z,N,Baseflow,NA,NA,NA,NA,NA
S01,2018-09-19T15:29:00Z,N,Stormwater,NA,NA,NA,6.91,74.1
S01,2018-09-19T15:30:00Z,N,Stormwater,NA,NA,NA,6.85,73.4
S01,2018-09-19T15:31:00Z,N,Stormwater,NA,NA,NA,6.8,72.8
S01,2018-09-19T15:32:00Z,N,Stormwater,NA,NA,NA,NA,NA
S01,2016-09-02T11:09:00Z,N,Baseflow,64,7.89,4.63,4.14,0.461
S01,2016-09-02T11:15:00Z,N,Baseflow,NA,NA,NA,NA,NA
S01,2016-09-02T11:18:00Z,N,Baseflow,78,7.9,4.565,4.34,0.485
S01,2016-09-02T11:25:00Z,N,Baseflow,80,7.9,4.675,3.89,0.436
S01,2017-09-24T10:58:00Z,N,Baseflow,NA,NA,NA,5.63,58.6
S01,2017-09-24T11:00:00Z,N,Baseflow,NA,NA,NA,5.59,58.1
S01,2017-09-24T11:03:00Z,N,Baseflow,NA,NA,NA,5.6,58.1
S01,2017-09-24T11:05:00Z,N,Baseflow,NA,NA,NA,NA,NA
S01,2013-09-26T10:18:00Z,N,Baseflow,NA,NA,NA,NA,NA
S01,2014-09-26T14:10:00Z,N,Baseflow,65,7.48,1,7.63,NA
S01,2011-09-06T10:15:00Z,N,Stormwater,98,7.28,5.9,5.6,NA
S01,2012-09-07T16:15:00Z,N,Stormwater,205,NA,1.8,6.32,NA
S01,2017-09-07T04:30:00Z,N,Stormwater,NA,NA,NA,NA,NA
S01,2017-09-08T10:08:00Z,N,Stormwater,NA,NA,NA,6.79,68.3
S01,2017-09-08T10:11:00Z,N,Stormwater,NA,NA,NA,6.68,67.4
S01,2017-09-08T10:14:00Z,N,Stormwater,NA,NA,NA,6.67,67.2
S01,2017-09-08T10:25:00Z,N,Stormwater,NA,NA,NA,NA,NA
S01,2015-10-01T11:15:00Z,N,Stormwater,NA,NA,NA,NA,NA
S01,2014-10-17T10:20:00Z,N,Stormwater,83,6.75,4.3,5.88,NA
S01,2011-10-20T10:00:00Z,N,Stormwater,NA,NA,NA,NA,NA
S01,2012-10-26T08:05:00Z,N,Baseflow,NA,NA,NA,NA,NA
S01,2014-10-06T10:40:00Z,N,Stormwater,40,7.33,3,7.1,NA
S01,2012-11-29T06:55:00Z,N,Baseflow,NA,NA,NA,NA,NA
S01,2011-11-30T11:15:00Z,N,Stormwater,NA,NA,NA,NA,NA
S01,2011-11-09T16:15:00Z,N,Baseflow,179,NA,5,8.33,NA
S01,2017-02-19T14:50:00Z,N,Spring Melt,NA,NA,NA,NA,NA
S01,2017-02-19T15:00:00Z,N,Spring Melt,152.4,6.38,6.865,NA,NA
S01,2017-02-19T15:05:00Z,N,Spring Melt,147.8,6.36,7.115,NA,NA
S01,2017-03-01T16:45:00Z,N,Spring Melt,148.7,6.76,12.85,NA,NA
S01,2017-03-01T16:50:00Z,N,Spring Melt,144.8,6.76,14.2,NA,NA
S01,2013-03-13T15:00:00Z,N,Spring Melt,NA,NA,NA,12.01,NA
S01,2012-03-14T12:05:00Z,N,Spring Melt,232,NA,16.3,8.61,NA
S01,2014-03-14T14:39:00Z,N,Spring Melt,NA,NA,NA,NA,NA
S01,2012-03-16T15:15:00Z,N,Spring Melt,196,NA,15.7,7.85,NA
S01,2017-03-17T17:50:00Z,N,Spring Melt,NA,NA,NA,NA,NA
S01,2017-03-17T17:55:00Z,N,Spring Melt,148,6.67,5.585,11.41,77.9
S01,2017-03-17T18:00:00Z,N,Spring Melt,142.8,6.64,5.7,11.22,76.7
S01,2014-03-20T15:03:00Z,N,Spring Melt,146,6.84,24.1,8.3,NA
S01,2012-03-22T11:40:00Z,N,Spring Melt,186,NA,2.9,8.01,NA
S01,2011-03-24T12:05:00Z,N,Baseflow,176.7,6.77,7.5,13.22,NA
S01,2013-03-28T15:50:00Z,N,Spring Melt,190,4.2,7.5,9.98,NA
S01,2014-03-28T14:40:00Z,N,Spring Melt,78,7.25,1,6.93,NA
S01,2011-03-31T11:08:00Z,N,Baseflow,68.2,7.3,4.1,13.8,NA
S01,2013-03-06T11:55:00Z,N,Spring Melt,125,NA,11.2,11.63,NA
S01,2017-03-09T15:55:00Z,N,Spring Melt,136.6,6.83,13.4,NA,NA
S01,2017-03-09T16:00:00Z,N,Spring Melt,133.3,6.8,12.85,NA,NA
S01,2011-04-11T10:30:00Z,N,Stormwater,114,8.02,88.4,8.55,NA
S01,2013-04-02T11:20:00Z,N,Spring Melt,47,6.11,5.1,10.3,NA
S01,2011-04-05T11:35:00Z,N,Stormwater,112.2,7.28,8.7,11.24,NA
S01,2014-04-08T14:40:00Z,N,Spring Melt,118,7.14,14,8.71,NA
S01,2017-05-01T17:46:00Z,N,Baseflow,122,6.98,NA,8.79,77
S01,2017-05-01T17:49:00Z,N,Baseflow,117.7,6.93,NA,8.75,76.6
S01,2017-05-01T17:50:00Z,N,Baseflow,NA,NA,NA,NA,NA
S01,2017-05-01T17:53:00Z,N,Baseflow,116.1,6.92,NA,8.74,76.5
S01,2018-05-10T16:14:00Z,N,Baseflow,NA,NA,NA,6.01,62
S01,2018-05-10T16:15:00Z,N,Baseflow,NA,NA,NA,NA,NA
S01,2018-05-10T16:18:00Z,N,Baseflow,NA,NA,NA,6.27,64.8
S01,2018-05-10T16:20:00Z,N,Baseflow,NA,NA,NA,6.24,64.5
S01,2016-05-12T16:30:00Z,N,Baseflow,73,7.47,3.803333333,7.51,NA
S01,2016-05-12T16:40:00Z,N,Baseflow,NA,NA,NA,NA,NA
S01,2014-05-14T11:05:00Z,N,Baseflow,60,7.37,0,6.5,NA
S01,2018-05-21T14:12:00Z,N,Stormwater,NA,NA,NA,8.52,93
S01,2018-05-21T14:14:00Z,N,Stormwater,NA,NA,NA,8.48,92.7
S01,2018-05-21T14:15:00Z,N,Stormwater,NA,NA,NA,NA,NA
S01,2018-05-21T14:16:00Z,N,Stormwater,NA,NA,NA,8.29,90.6
S01,2017-05-05T17:00:00Z,N,Stormwater,NA,NA,NA,NA,NA
S01,2015-05-06T12:30:00Z,N,Baseflow,79,7.51,0.7,6.26,NA
S01,2017-05-07T14:05:00Z,N,Stormwater,117.4,6.98,NA,7.99,81.7
S01,2017-05-07T14:08:00Z,N,Stormwater,NA,NA,NA,NA,NA
S01,2017-05-07T14:10:00Z,N,Stormwater,114.2,6.97,NA,7.96,81.6
S01,2015-06-01T14:15:00Z,N,Stormwater,121,7.23,11.7,6.66,NA
S01,2019-06-10T13:30:00Z,N,Baseflow,NA,NA,NA,NA,NA
S01,2014-06-13T12:58:00Z,N,Stormwater,58,7.08,34.6,5.43,NA
S01,2016-06-05T20:30:00Z,N,Stormwater,NA,NA,NA,NA,NA
S01,2016-06-07T11:55:00Z,N,Stormwater,86,7.13,11.9,5.04,0.541
S01,2016-06-07T12:00:00Z,N,Stormwater,90,7.09,12.2,4.99,0.545
S01,2011-07-13T12:05:00Z,N,Baseflow,273,7.19,57.4,5.69,NA
S01,2015-07-14T12:20:00Z,N,Baseflow,51,7.33,8.9,3.12,NA
S01,2016-07-15T16:19:00Z,N,Stormwater,100,7.43,NA,4.41,0.534
S01,2016-07-15T16:23:00Z,N,Stormwater,95,7.4,NA,4.4,0.533
S01,2017-07-17T17:15:00Z,N,Baseflow,NA,NA,NA,3.54,40
S01,2017-07-17T17:18:00Z,N,Baseflow,NA,NA,NA,3.2,36.2
S01,2017-07-17T17:21:00Z,N,Baseflow,NA,NA,NA,2.96,33.2
S01,2018-07-18T14:48:00Z,N,Stormwater,NA,NA,NA,3.22,31
S01,2018-07-18T14:53:00Z,N,Stormwater,NA,NA,NA,4.75,51.4
S01,2018-07-18T14:54:00Z,N,Stormwater,NA,NA,NA,NA,NA
S01,2018-07-18T14:55:00Z,N,Stormwater,NA,NA,NA,4.92,53.3
S01,2017-07-19T14:49:00Z,N,Stormwater,NA,NA,NA,6.48,76
S01,2017-07-19T14:52:00Z,N,Stormwater,NA,NA,NA,6.44,75.4
S01,2017-07-19T14:55:00Z,N,Stormwater,NA,NA,NA,6.26,73.4
S01,2014-07-22T11:54:00Z,N,Baseflow,49,7.36,65.4,4.68,NA
S01,2012-07-27T08:25:00Z,N,Stormwater,NA,NA,NA,NA,NA
S01,2016-07-06T10:45:00Z,N,Baseflow,NA,NA,NA,NA,NA
S01,2016-07-06T10:48:00Z,N,Baseflow,45,7.05,11.1,4.46,0.5
S01,2016-07-06T10:55:00Z,N,Baseflow,65,6.97,10.4,3.73,0.419
S01,2018-07-09T15:30:00Z,N,Baseflow,NA,NA,NA,2.29,25.9
S01,2018-07-09T15:32:00Z,N,Baseflow,NA,NA,NA,1.97,22.3
S01,2018-07-09T15:33:00Z,N,Baseflow,NA,NA,NA,1.77,19.8
S01,2018-07-09T15:36:00Z,N,Baseflow,NA,NA,NA,1.22,13.8
S01,2013-08-01T14:40:00Z,N,Baseflow,NA,NA,NA,NA,NA
S01,2011-08-10T00:00:00Z,N,Stormwater,NA,NA,NA,NA,NA
S01,2015-08-12T12:00:00Z,N,Stormwater,246,7.15,411,NA,NA
S01,2011-08-25T12:35:00Z,N,Baseflow,232,7.28,57.6,3.93,NA
S01,2011-09-13T16:40:00Z,N,Baseflow,149,7.04,0,3.93,NA
S01,2013-09-13T12:48:00Z,N,Stormwater,NA,NA,NA,NA,NA
S01,2012-09-14T07:15:00Z,N,Baseflow,230,NA,19.6,5.89,NA
S01,2018-09-17T14:30:00Z,N,Baseflow,NA,NA,NA,4.69,51.9
S01,2018-09-17T14:31:00Z,N,Baseflow,NA,NA,NA,4.58,50.7
S01,2018-09-17T14:32:00Z,N,Baseflow,NA,NA,NA,4.56,50.4
S01,2018-09-17T14:33:00Z,N,Baseflow,NA,NA,NA,NA,NA
S01,2015-09-18T11:15:00Z,N,Baseflow,NA,NA,NA,NA,NA
S01,2018-09-18T09:51:00Z,N,Stormwater,NA,NA,NA,NA,NA
S01,2018-09-19T15:06:00Z,N,Stormwater,NA,NA,NA,5.61,58.4
S01,2018-09-19T15:08:00Z,N,Stormwater,NA,NA,NA,5.67,59.1
S01,2018-09-19T15:09:00Z,N,Stormwater,NA,NA,NA,5.68,59.1
S01,2018-09-19T15:11:00Z,N,Stormwater,NA,NA,NA,NA,NA
S01,2016-09-02T12:45:00Z,N,Baseflow,85,7.49,9.57,2.09,0.239
S01,2016-09-02T12:50:00Z,N,Baseflow,87,7.42,10.8,2.44,0.28
S01,2016-09-02T12:55:00Z,N,Baseflow,73,7.39,10.7,2.06,0.236
S01,2017-09-24T10:40:00Z,N,Baseflow,NA,NA,NA,2.96,32.1
S01,2017-09-24T10:43:00Z,N,Baseflow,NA,NA,NA,3.11,33.6
S01,2017-09-24T10:45:00Z,N,Baseflow,NA,NA,NA,NA,NA
S01,2017-09-24T10:46:00Z,N,Baseflow,NA,NA,NA,2.34,25.5
S01,2013-09-26T10:38:00Z,N,Baseflow,NA,NA,NA,NA,NA
S01,2014-09-26T14:30:00Z,N,Baseflow,32,7.27,1.3,5.71,NA
S01,2011-09-06T10:05:00Z,N,Stormwater,211,6.49,17.5,4.45,NA
S01,2012-09-07T18:00:00Z,N,Stormwater,187,NA,2.6,6.07,NA
S01,2017-09-07T04:30:00Z,N,Stormwater,NA,NA,NA,NA,NA
S01,2017-09-08T11:44:00Z,N,Stormwater,NA,NA,NA,6.33,64.2
S01,2017-09-08T11:45:00Z,N,Stormwater,NA,NA,NA,NA,NA
S01,2017-09-08T11:48:00Z,N,Stormwater,NA,NA,NA,6.2,63
S01,2017-09-08T11:51:00Z,N,Stormwater,NA,NA,NA,6.15,62.4
S01,2017-02-19T11:25:00Z,N,Spring Melt,NA,NA,NA,NA,NA
S01,2017-02-19T11:30:00Z,N,Spring Melt,1,1,1,NA,NA
S01,2017-02-19T11:40:00Z,N,Spring Melt,1,1,1,NA,NA
S01,2018-02-21T15:45:00Z,N,Spring Melt,NA,NA,NA,NA,NA
S01,2018-02-21T15:47:00Z,N,Spring Melt,NA,NA,NA,NA,NA
S01,2018-02-21T15:50:00Z,N,Spring Melt,NA,NA,NA,NA,NA
S01,2018-02-27T09:07:00Z,N,Spring Melt,NA,NA,NA,NA,NA
S01,2018-02-27T09:10:00Z,N,Spring Melt,NA,NA,NA,NA,NA
S01,2018-02-27T09:13:00Z,N,Spring Melt,NA,NA,NA,NA,NA
S01,2018-02-27T09:15:00Z,N,Spring Melt,NA,NA,NA,NA,NA
S01,2017-03-01T12:05:00Z,N,Spring Melt,1,1,1,NA,NA
S01,2017-03-01T12:10:00Z,N,Spring Melt,NA,NA,NA,NA,NA
S01,2017-03-01T12:15:00Z,N,Spring Melt,1,1,1,NA,NA
S01,2019-03-13T16:03:00Z,N,Spring Melt,NA,NA,NA,NA,NA
S01,2019-03-13T16:05:00Z,N,Spring Melt,NA,NA,NA,NA,NA
S01,2019-03-15T14:54:00Z,N,Spring Melt,NA,NA,NA,NA,NA
S01,2019-03-15T14:56:00Z,N,Spring Melt,NA,NA,NA,NA,NA
S01,2019-03-15T14:57:00Z,N,Spring Melt,NA,NA,NA,NA,NA
S01,2017-03-17T13:40:00Z,N,Spring Melt,1,1,1,13.35,92.3
S01,2017-03-17T13:55:00Z,N,Spring Melt,1,1,1,13.19,91.3
S01,2019-03-24T17:00:00Z,N,Spring Melt,NA,NA,NA,NA,NA
S01,2019-03-24T17:02:00Z,N,Spring Melt,NA,NA,NA,NA,NA
S01,2018-03-28T16:27:00Z,N,Spring Melt,NA,NA,NA,NA,NA
S01,2018-03-28T16:30:00Z,N,Spring Melt,NA,NA,NA,NA,NA
S01,2018-03-28T16:33:00Z,N,Spring Melt,NA,NA,NA,NA,NA
S01,2018-03-28T16:35:00Z,N,Spring Melt,NA,NA,NA,NA,NA
S01,2018-03-28T16:36:00Z,N,Spring Melt,NA,NA,NA,NA,NA
S01,2019-03-29T08:29:00Z,N,Spring Melt,NA,NA,NA,14.5,102.9
S01,2019-03-29T08:30:00Z,N,Spring Melt,NA,NA,NA,NA,NA
S01,2018-03-06T14:00:00Z,N,Spring Melt,NA,NA,NA,NA,NA
S01,2018-03-06T14:02:00Z,N,Spring Melt,NA,NA,NA,NA,NA
S01,2018-03-06T14:04:00Z,N,Spring Melt,NA,NA,NA,NA,NA
S01,2017-03-09T13:00:00Z,N,Spring Melt,1,1,1,NA,NA
S01,2017-03-09T13:05:00Z,N,Spring Melt,1,1,1,NA,NA
S01,2017-05-01T12:12:00Z,N,Baseflow,1,1,NA,11.69,102.2
S01,2017-05-01T12:15:00Z,N,Baseflow,NA,NA,NA,NA,NA
S01,2017-05-01T12:18:00Z,N,Baseflow,1,1,NA,11.71,102.4
S01,2017-05-01T12:22:00Z,N,Baseflow,1,1,NA,11.69,102.1
S01,2018-05-10T13:04:00Z,N,Baseflow,NA,NA,NA,9.65,96.7
S01,2018-05-10T13:09:00Z,N,Baseflow,NA,NA,NA,10.23,102.9
S01,2018-05-10T13:13:00Z,N,Baseflow,NA,NA,NA,9.86,99.1
S01,2018-05-10T13:15:00Z,N,Baseflow,NA,NA,NA,NA,NA
S01,2016-05-12T13:55:00Z,N,Baseflow,1,1,1,9.97,NA
S01,2016-05-12T14:05:00Z,N,Baseflow,NA,NA,NA,NA,NA
S01,2018-05-19T18:00:00Z,N,Stormwater,NA,NA,NA,NA,NA
S01,2018-05-21T12:11:00Z,N,Stormwater,NA,NA,NA,9.52,96.7
S01,2018-05-21T12:13:00Z,N,Stormwater,NA,NA,NA,9.36,95.1
S01,2018-05-21T12:15:00Z,N,Stormwater,NA,NA,NA,9.63,97.9
S01,2017-05-05T17:00:00Z,N,Stormwater,NA,NA,NA,NA,NA
S01,2015-05-06T11:00:00Z,N,Baseflow,1,1,0,9.33,NA
S01,2017-05-07T12:15:00Z,N,Stormwater,1,1,NA,10.98,104.4
S01,2017-05-07T12:18:00Z,N,Stormwater,NA,NA,NA,NA,NA
S01,2017-05-07T12:20:00Z,N,Stormwater,1,1,NA,10.99,104.5
S01,2015-06-01T13:25:00Z,N,Stormwater,1,1,1,8.26,NA
S01,2019-06-10T09:55:00Z,N,Baseflow,NA,NA,NA,NA,NA
S01,2016-06-05T20:30:00Z,N,Stormwater,NA,NA,NA,NA,NA
S01,2016-06-07T13:05:00Z,N,Stormwater,1,1,1,7.48,0.806
S01,2016-06-07T13:10:00Z,N,Stormwater,1,1,1,7.45,0.804
S01,2015-07-14T11:15:00Z,N,Baseflow,1,1,1,4.89,NA
S01,2016-07-14T22:30:00Z,N,Stormwater,NA,NA,NA,NA,NA
S01,2016-07-15T15:05:00Z,N,Stormwater,1,1,1,4.57,0.562
S01,2016-07-15T15:10:00Z,N,Stormwater,1,1,1,4.64,0.574
S01,2017-07-17T13:40:00Z,N,Baseflow,NA,NA,NA,7.12,80.5
S01,2017-07-17T13:45:00Z,N,Baseflow,NA,NA,NA,7.36,83.5
S01,2017-07-17T13:50:00Z,N,Baseflow,NA,NA,NA,6.98,78.7
S01,2018-07-17T13:30:00Z,N,Stormwater,NA,NA,NA,NA,NA
S01,2017-07-18T13:30:00Z,N,Stormwater,NA,NA,NA,NA,NA
S01,2018-07-18T11:31:00Z,N,Stormwater,NA,NA,NA,NA,NA
S01,2018-07-18T11:33:00Z,N,Stormwater,NA,NA,NA,6.13,66.7
S01,2018-07-18T11:34:00Z,N,Stormwater,NA,NA,NA,5.91,64.6
S01,2018-07-18T11:37:00Z,N,Stormwater,NA,NA,NA,6.27,68.9
S01,2017-07-19T12:26:00Z,N,Stormwater,NA,NA,NA,6.58,75.8
S01,2017-07-19T12:29:00Z,N,Stormwater,NA,NA,NA,6.67,76.9
S01,2017-07-19T12:30:00Z,N,Stormwater,NA,NA,NA,NA,NA
S01,2017-07-19T12:32:00Z,N,Stormwater,NA,NA,NA,6.44,74.7
S01,2016-07-05T13:30:00Z,FD,Baseflow,NA,NA,NA,NA,NA
S01,2016-07-05T13:30:00Z,N,Baseflow,NA,NA,NA,NA,NA
S01,2016-07-05T13:32:00Z,N,Baseflow,1,1,1,7.07,0.837
S01,2016-07-05T13:40:00Z,N,Baseflow,1,1,1,6.98,0.822
S01,2018-07-09T12:07:00Z,N,Baseflow,NA,NA,NA,5.04,55.6
S01,2018-07-09T12:09:00Z,N,Baseflow,NA,NA,NA,4.97,54.2
S01,2018-07-09T12:10:00Z,N,Baseflow,NA,NA,NA,NA,NA
S01,2018-07-09T12:11:00Z,N,Baseflow,NA,NA,NA,4.98,54.4
S01,2015-08-12T11:00:00Z,N,Stormwater,NA,NA,NA,NA,NA
S01,2015-09-11T09:40:00Z,N,Stormwater,NA,NA,NA,NA,NA
S01,2016-09-11T11:51:00Z,N,Stormwater,NA,NA,NA,NA,NA
S01,2016-09-12T12:06:00Z,N,Stormwater,1,1,1,6.02,0.627
S01,2016-09-12T12:12:00Z,N,Stormwater,1,1,1,5.96,0.619
S01,2018-09-17T11:55:00Z,N,Baseflow,NA,NA,NA,7.75,81.7
S01,2018-09-17T11:57:00Z,N,Baseflow,NA,NA,NA,7.61,81.1
S01,2018-09-17T11:58:00Z,N,Baseflow,NA,NA,NA,7.52,79.6
S01,2018-09-17T12:00:00Z,N,Baseflow,NA,NA,NA,NA,NA
S01,2015-09-18T10:15:00Z,N,Baseflow,NA,NA,NA,NA,NA
S01,2018-09-18T09:51:00Z,N,Stormwater,NA,NA,NA,NA,NA
S01,2018-09-19T10:22:00Z,N,Stormwater,NA,NA,NA,6.55,60.8
S01,2018-09-19T10:23:00Z,N,Stormwater,NA,NA,NA,6.34,58.9
S01,2018-09-19T10:24:00Z,N,Stormwater,NA,NA,NA,6.3,58.5
S01,2018-09-19T10:29:00Z,N,Stormwater,NA,NA,NA,NA,NA
S01,2016-09-02T15:40:00Z,N,Baseflow,NA,NA,NA,NA,NA
S01,2016-09-02T15:45:00Z,N,Baseflow,1,1,1,4.05,0.459
S01,2016-09-02T16:00:00Z,N,Baseflow,1,1,1,4.02,0.456
S01,2016-09-02T16:10:00Z,N,Baseflow,1,1,1,4.29,0.486
S01,2017-09-24T09:06:00Z,N,Baseflow,NA,NA,NA,5.63,58
S01,2017-09-24T09:09:00Z,N,Baseflow,NA,NA,NA,5.77,59.3
S01,2017-09-24T09:10:00Z,FD,Baseflow,NA,NA,NA,NA,NA
S01,2017-09-24T09:10:00Z,N,Baseflow,NA,NA,NA,NA,NA
S01,2017-09-24T09:13:00Z,N,Baseflow,NA,NA,NA,5.54,57.1
S01,2017-09-07T15:40:00Z,N,Stormwater,NA,NA,NA,8.66,91.4
S01,2017-09-07T15:43:00Z,N,Stormwater,NA,NA,NA,8.5,89.9
S01,2017-09-07T15:46:00Z,N,Stormwater,NA,NA,NA,8.36,88.8
S01,2017-09-07T15:53:00Z,N,Stormwater,NA,NA,NA,NA,NA
S01,2017-09-07T04:30:00Z,N,Stormwater,NA,NA,NA,NA,NA
